Iteration	Posterior	Likelihood	Prior	rate_log_sd	rate_loss	rate_neo	root_freqs[1]	root_freqs[2]	tree_length
0	-2630.582	-2733.586	103.0035	1.066358	1.214785	0.346929	0.819147	0.180853	1.607151
6	-2630.021	-2733.121	103.1003	1.112337	1.089514	0.4053208	0.823903	0.176097	1.498353
12	-2631.18	-2734.646	103.4661	1.295989	1.037235	0.4053208	0.769464	0.230536	1.088993
18	-2628.302	-2731.604	103.3014	1.314855	1.202988	0.3972198	0.802203	0.197797	1.097394
24	-2628.254	-2732.796	104.5427	1.14786	0.4964643	0.2406907	0.679794	0.320206	1.192976
30	-2628.496	-2732.843	104.3475	0.9577393	0.4450703	0.2931399	0.679736	0.320264	1.467704
36	-2632.628	-2736.834	104.2061	0.9455554	0.4784251	0.197746	0.718002	0.281998	1.722004
42	-2639.458	-2743.522	104.0642	1.041492	0.6807317	0.197746	0.674491	0.325509	1.536331
48	-2639.294	-2743.318	104.0241	1.022999	0.6456754	0.2593403	0.766733	0.233267	1.488214
54	-2632.441	-2735.343	102.9025	1.047047	1.097121	0.2593403	0.715242	0.284758	1.90742
60	-2624.941	-2728.446	103.5048	1.170329	0.9643754	0.3222465	0.748628	0.251372	1.36873
66	-2624.938	-2728.456	103.5176	1.282023	1.225986	0.3673619	0.774908	0.225092	0.9570079
72	-2621.766	-2725.904	104.137	1.515718	0.8027171	0.243555	0.709522	0.290478	0.7882736
78	-2626.228	-2730.216	103.9878	1.438716	0.8193511	0.2532356	0.684167	0.315833	0.9958858
84	-2622.99	-2727.114	104.1244	1.438716	0.8193511	0.2532356	0.745627	0.254373	0.846015
90	-2619.253	-2723.539	104.2854	1.509421	0.6844048	0.2532356	0.727072	0.272928	0.7600721
96	-2622.134	-2726.407	104.2727	1.592538	0.6844048	0.2532356	0.703869	0.296131	0.6348018
102	-2635.517	-2739.593	104.0758	1.685048	0.7404848	0.2532356	0.667994	0.332006	0.6996039
108	-2622.552	-2726.739	104.1873	1.451611	0.7404848	0.2317012	0.740287	0.259713	0.933421
114	-2625.112	-2729.434	104.3217	1.510879	0.7404848	0.2181798	0.690177	0.309823	0.7379651
120	-2625.937	-2729.321	103.3835	1.232885	1.221334	0.2977126	0.709966	0.290034	1.266928
126	-2627.94	-2731.433	103.4932	1.280056	1.221334	0.2977126	0.763259	0.236741	1.132314
132	-2627.442	-2730.464	103.0212	1.397478	1.774734	0.2977126	0.7925	0.2075	1.081909
138	-2620.315	-2723.83	103.5148	1.400254	1.001174	0.372462	0.76436	0.23564	1.039146
144	-2615.221	-2718.828	103.6071	1.453827	1.001174	0.372462	0.77631	0.22369	0.8871468
150	-2625.21	-2728.853	103.6426	1.33116	0.9560887	0.3126951	0.752118	0.247882	1.145293
156	-2623.785	-2727.496	103.7115	1.228275	0.9560887	0.3279333	0.783164	0.216836	1.145293
162	-2620.79	-2724.126	103.3357	1.236703	1.338671	0.3323748	0.846093	0.153907	1.154663
168	-2636.341	-2740.489	104.148	1.235953	0.5977944	0.251469	0.786558	0.213442	1.29393
174	-2631.732	-2735.742	104.01	1.149683	0.7664573	0.251469	0.683721	0.316279	1.29393
180	-2640.426	-2743.589	103.1625	1.250606	1.247013	0.3279333	0.777956	0.222044	1.358066
186	-2644.646	-2747.906	103.2601	1.21442	1.247013	0.3279333	0.797864	0.202136	1.308951
192	-2633.548	-2737.889	104.3409	1.480406	0.5559294	0.2978331	0.796638	0.203362	0.8232919
198	-2632.289	-2735.393	103.1035	1.480406	1.376263	0.4326379	0.744085	0.255915	0.9212665
204	-2627.97	-2731.557	103.5874	1.500638	1.000867	0.4006122	0.847523	0.152477	0.7844913
210	-2638.675	-2742.054	103.3788	1.125011	0.9486977	0.3437408	0.682681	0.317319	1.477191
216	-2632.329	-2735.849	103.5205	1.119091	0.9486977	0.2827795	0.785159	0.214841	1.479184
222	-2633.158	-2736.069	102.9109	1.138287	1.525444	0.4550838	0.74617	0.25383	1.274497
228	-2631.328	-2734.53	103.2019	1.328165	1.060149	0.4033402	0.668124	0.331876	1.274497
234	-2632.018	-2735.275	103.2568	1.304589	1.149418	0.3467037	0.76921	0.23079	1.274497
240	-2633.033	-2736.642	103.6093	1.862621	0.9158879	0.3091607	0.741717	0.258283	0.4212142
246	-2639.023	-2743.09	104.0669	1.838272	0.7664281	0.2118462	0.75212	0.24788	0.5083926
252	-2640.919	-2744.707	103.7879	1.386755	1.009132	0.2873084	0.859301	0.140699	0.9586149
258	-2646.926	-2750.447	103.5216	1.409535	1.376894	0.2150845	0.833263	0.166737	1.066126
264	-2628.679	-2732.8	104.1208	1.765697	0.6211572	0.2918125	0.762387	0.237613	0.5182035
270	-2628.389	-2732.69	104.3009	1.734758	0.6211572	0.2333161	0.707896	0.292104	0.5069791
276	-2627.179	-2731.335	104.1561	1.701555	0.7730961	0.2251586	0.771827	0.228173	0.5304823
282	-2622.435	-2726.5	104.0653	1.693969	0.8405437	0.2190711	0.759457	0.240543	0.6510502
288	-2617.62	-2721.546	103.9258	1.794299	0.8405437	0.2398246	0.732281	0.267719	0.6070306
294	-2629.193	-2733.162	103.9692	1.737391	0.8405437	0.2490835	0.717814	0.282186	0.5706514
300	-2628.38	-2731.713	103.3329	1.336055	1.370024	0.2835042	0.770827	0.229173	1.146415
306	-2627.005	-2730.321	103.3165	1.338486	1.119511	0.4047951	0.827847	0.172153	1.116753
312	-2624.418	-2727.014	102.5959	1.32981	2.232997	0.3601136	0.761701	0.238299	1.160098
318	-2624.614	-2727.81	103.1959	1.29618	1.140107	0.4568832	0.711236	0.288764	1.160098
324	-2630.556	-2733.286	102.7298	1.323067	1.514683	0.4568832	0.741843	0.258157	1.275342
330	-2629.049	-2732.614	103.5655	1.389848	1.13129	0.3004088	0.851732	0.148268	1.031165
336	-2627.725	-2731.165	103.4399	1.274267	1.13129	0.3122175	0.851732	0.148268	1.223846
342	-2620.548	-2723.798	103.2498	1.251143	1.239695	0.3265187	0.769479	0.230521	1.295005
348	-2620.07	-2723.393	103.3231	1.139492	0.9003491	0.3265187	0.805432	0.194568	1.573804
354	-2621.875	-2725.75	103.8752	1.282718	0.7483795	0.2801633	0.621985	0.378015	1.254208
360	-2626.683	-2730.809	104.1261	1.223024	0.7483795	0.2534235	0.665954	0.334046	1.147879
366	-2629.516	-2733.116	103.5998	1.365917	0.9789092	0.3257164	0.789296	0.210704	1.10521
372	-2628.373	-2732.024	103.6515	1.747492	0.9229805	0.3448459	0.74782	0.25218	0.517473
378	-2627.711	-2730.511	102.8005	1.768094	2.125151	0.3112893	0.796951	0.203049	0.517473
384	-2640.331	-2742.734	102.4022	1.891377	2.629689	0.3112893	0.796951	0.203049	0.413835
390	-2631.899	-2734.985	103.0867	1.965343	1.435808	0.2883746	0.810358	0.189642	0.4125463
396	-2635.027	-2738.405	103.3779	1.97343	1.166566	0.2572444	0.783637	0.216363	0.4151498
402	-2626.384	-2729.598	103.2145	1.915115	1.369237	0.2818031	0.808572	0.191428	0.4426015
408	-2621.175	-2724.481	103.3067	1.658176	1.369237	0.3407467	0.768244	0.231756	0.6498291
414	-2628.431	-2732.807	104.3763	1.475366	0.6425092	0.2092768	0.702337	0.297663	0.9107314
420	-2622.922	-2726.454	103.5319	1.408924	1.067906	0.3152939	0.697081	0.302919	1.068804
426	-2615.658	-2719.203	103.5455	1.398011	1.283615	0.3152939	0.750705	0.249295	0.8675371
432	-2616.787	-2720.43	103.6422	1.508737	1.040806	0.347441	0.750705	0.249295	0.7914037
438	-2635.375	-2738.953	103.5779	1.442752	1.21957	0.3306647	0.750705	0.249295	0.7956827
444	-2629.208	-2733.115	103.9069	1.341345	0.901682	0.3088538	0.748261	0.251739	0.9451525
450	-2637.572	-2741.144	103.5719	1.390156	1.051103	0.3865074	0.812979	0.187021	0.9117899
456	-2637.631	-2741.232	103.6003	1.442793	1.051103	0.3468374	0.813125	0.186875	0.9117899
462	-2630.29	-2733.812	103.522	1.447022	1.261524	0.3245512	0.766584	0.233416	0.8338245
468	-2624.784	-2727.731	102.9463	1.31394	1.421852	0.4367757	0.797861	0.202139	1.18938
474	-2631.996	-2735.438	103.4415	1.544619	1.278771	0.3056659	0.829796	0.170204	0.8475633
480	-2631.873	-2735.74	103.8668	1.429781	0.8746674	0.3056659	0.771744	0.228256	0.9328736
486	-2631.99	-2735.94	103.95	1.364063	0.8055387	0.3056659	0.671884	0.328116	0.9964352
492	-2626.708	-2730.647	103.9387	1.318607	0.6354212	0.3056659	0.685572	0.314428	1.244783
498	-2628.24	-2732.575	104.3349	1.324417	0.6354212	0.2179815	0.71648	0.28352	1.088436
504	-2622.869	-2726.407	103.5377	1.615716	1.034462	0.3640425	0.764749	0.235251	0.7472441
510	-2626.59	-2729.763	103.173	1.236274	1.044733	0.3766886	0.707563	0.292437	1.423893
516	-2620.846	-2723.941	103.0952	1.225192	1.436649	0.3649173	0.851417	0.148583	1.246256
522	-2627.855	-2731.528	103.6731	1.165259	1.050757	0.2819728	0.73113	0.26887	1.242532
528	-2628.274	-2731.692	103.4187	1.194403	1.250644	0.3789191	0.800503	0.199497	1.095825
534	-2624.391	-2727.468	103.0768	1.230955	1.512919	0.3789191	0.800503	0.199497	1.184733
540	-2634.128	-2736.619	102.4905	1.159368	1.512919	0.4884308	0.772956	0.227044	1.546889
546	-2631.232	-2733.965	102.733	0.9991977	1.057155	0.4884308	0.764961	0.235039	1.759992
552	-2628.305	-2731.044	102.7394	1.006109	1.057155	0.4098606	0.718491	0.281509	1.847708
558	-2629.822	-2732.357	102.535	0.9901003	1.168541	0.3862687	0.793128	0.206872	1.958376
564	-2643.667	-2746.376	102.7094	1.124864	1.150261	0.3397514	0.790756	0.209244	1.824421
570	-2634.983	-2737.813	102.8301	0.9849696	1.238215	0.3397514	0.750238	0.249762	1.784484
576	-2638.272	-2741.378	103.1064	1.031962	1.115721	0.3397514	0.758861	0.241139	1.632535
582	-2628.285	-2732.157	103.8713	1.487891	0.9240426	0.3163536	0.751662	0.248338	0.7604699
588	-2623.584	-2726.67	103.0859	1.525851	1.56112	0.3821083	0.825923	0.174077	0.8406075
594	-2622.346	-2725.256	102.9102	1.467025	1.883871	0.3821083	0.760544	0.239456	0.8662609
600	-2623.044	-2726.085	103.0401	1.531803	1.883871	0.3459838	0.814117	0.185883	0.6982488
606	-2631.23	-2733.937	102.7068	1.407353	1.982673	0.3955729	0.814117	0.185883	1.051906
612	-2632.467	-2735.787	103.3206	1.062576	1.097025	0.333454	0.675059	0.324941	1.474832
618	-2642.215	-2745.576	103.3607	0.9487037	0.8476089	0.333454	0.633235	0.366765	1.714891
624	-2635.121	-2737.783	102.6619	1.614725	1.915016	0.5182395	0.830081	0.169919	0.6109329
630	-2639.063	-2743.12	104.0572	1.548623	0.7430388	0.3067603	0.709096	0.290904	0.7348259
636	-2627.821	-2731.313	103.4917	1.51311	1.483808	0.2411509	0.646345	0.353655	0.8232868
642	-2626.525	-2730.456	103.931	1.559756	0.8117302	0.2934417	0.684596	0.315404	0.8232868
648	-2626.557	-2730.195	103.6377	1.398925	1.204859	0.255036	0.835258	0.164742	0.9961204
654	-2624.462	-2727.634	103.1719	1.36854	1.055457	0.4856649	0.713106	0.286894	1.143326
660	-2629.018	-2732.175	103.1577	1.406501	1.409119	0.3990849	0.731867	0.268133	0.9815399
666	-2623.82	-2727.422	103.6019	1.419308	1.173352	0.2831422	0.742249	0.257751	0.9684458
672	-2624.645	-2727.558	102.9132	1.245012	1.56728	0.4293332	0.786066	0.213934	1.196722
678	-2623.827	-2726.689	102.8626	1.290371	1.473957	0.4293332	0.76125	0.23875	1.258346
684	-2623.416	-2726.998	103.5821	1.258898	0.9287779	0.354322	0.760887	0.239113	1.206803
690	-2627.319	-2730.855	103.5361	1.173315	0.8916274	0.2971377	0.712299	0.287701	1.446294
696	-2624.79	-2727.976	103.1853	1.173552	1.027102	0.2774827	0.712299	0.287701	1.637132
702	-2627.234	-2730.173	102.9391	1.104749	1.401485	0.2734482	0.817977	0.182023	1.637132
708	-2628.836	-2731.802	102.9658	1.080546	1.450114	0.3969053	0.759737	0.240263	1.406952
714	-2623.177	-2726.397	103.22	1.385232	1.450114	0.3715871	0.809565	0.190435	0.9630933
720	-2624.196	-2727.835	103.6395	1.386509	1.006393	0.3312996	0.795118	0.204882	1.010169
726	-2627.661	-2731.423	103.7622	1.553913	1.006393	0.2967579	0.704048	0.295952	0.7655778
732	-2630.648	-2734.615	103.9671	1.523996	1.006393	0.2279693	0.694891	0.305109	0.7655778
738	-2633.628	-2737.629	104.001	1.384438	1.006393	0.2377177	0.639492	0.360508	0.8676347
744	-2634.542	-2738.052	103.5107	1.398096	1.322056	0.3194263	0.777379	0.222621	0.8603636
750	-2627.944	-2731.27	103.3256	1.385671	1.536201	0.3072895	0.823196	0.176804	0.9302098
756	-2636.117	-2739.137	103.0195	1.449815	1.90149	0.3072895	0.756675	0.243325	0.9302098
762	-2627.895	-2731.13	103.2351	1.405068	1.798661	0.2517383	0.740212	0.259788	0.9608725
768	-2630.194	-2733.434	103.2401	1.551263	1.136772	0.4573616	0.868071	0.131929	0.8644801
774	-2626.795	-2729.774	102.9798	1.348909	1.559724	0.3516481	0.781116	0.218884	1.185781
780	-2626.882	-2730.014	103.1317	2.10935	0.9775487	0.3535915	0.693432	0.306568	0.3226144
786	-2633.51	-2737.538	104.0278	1.844966	0.6694789	0.2639304	0.638444	0.361556	0.416052
792	-2633.971	-2737.478	103.5073	1.354662	1.139178	0.3806624	0.755321	0.244679	0.9436809
798	-2628.343	-2732.404	104.0614	1.217473	0.7683692	0.2716284	0.674644	0.325356	1.147479
804	-2626.57	-2730.408	103.8379	1.247977	0.7683692	0.3282242	0.86307	0.13693	1.200508
810	-2624.688	-2728.832	104.1447	1.228959	0.633695	0.2730769	0.805438	0.194562	1.214269
816	-2628.565	-2732.377	103.8119	1.144478	0.730417	0.2909909	0.726928	0.273072	1.412659
822	-2623.011	-2726.92	103.9097	1.071084	0.7888911	0.2909909	0.766289	0.233711	1.337121
828	-2620.792	-2724.167	103.3744	1.129675	1.050731	0.2640519	0.81046	0.18954	1.538735
834	-2631.327	-2734.334	103.0079	1.196355	1.410332	0.4348597	0.859725	0.140275	1.247337
840	-2633.424	-2736.273	102.8491	1.045325	1.4903	0.253513	0.786176	0.213824	1.731572
846	-2630.51	-2734.664	104.1542	1.041899	0.6008211	0.2354139	0.713485	0.286515	1.471144
852	-2630.513	-2734.704	104.1916	1.119291	0.6008211	0.2354139	0.668273	0.331727	1.382794
858	-2630.22	-2733.754	103.5346	1.1121	1.053587	0.3141308	0.747752	0.252248	1.335407
864	-2631.587	-2734.983	103.3963	1.159107	1.053587	0.2786594	0.800627	0.199373	1.471112
870	-2633.047	-2736.114	103.067	1.142636	1.619847	0.3143769	0.85689	0.14311	1.317473
876	-2629.025	-2732.098	103.073	1.271277	1.421403	0.3186643	0.83965	0.16035	1.317473
882	-2626.676	-2730.091	103.4153	1.262141	1.178871	0.3186643	0.757787	0.242213	1.206402
888	-2616.42	-2720.003	103.5836	1.241977	1.019947	0.3186643	0.75876	0.24124	1.206402
894	-2621.455	-2724.549	103.0938	1.340207	1.53204	0.3617218	0.846894	0.153106	1.090851
900	-2626.32	-2729.66	103.3405	1.391695	1.22845	0.3615878	0.818403	0.181597	1.034525
906	-2634.84	-2738.622	103.7821	1.477451	1.222723	0.2188235	0.777673	0.222327	0.8415606
912	-2631.361	-2735.22	103.8596	1.490411	0.985082	0.2679429	0.753691	0.246309	0.8415606
918	-2632.017	-2735.899	103.8821	1.482256	0.944687	0.2679429	0.823614	0.176386	0.8740889
924	-2627.387	-2730.484	103.0965	1.377174	1.718432	0.3660909	0.786836	0.213164	0.9133655
930	-2630.014	-2733.631	103.6163	1.356559	1.062322	0.3660909	0.810686	0.189314	0.9329302
936	-2626.69	-2730.103	103.4138	1.387463	1.253807	0.3660909	0.688114	0.311886	0.9329302
942	-2636.319	-2740.386	104.0671	1.285401	0.6167946	0.3660909	0.745615	0.254385	1.068368
948	-2629.729	-2733.878	104.1492	1.320912	0.6167946	0.2908535	0.680577	0.319423	1.112797
954	-2632.493	-2736.283	103.7897	1.196041	1.137757	0.2230876	0.745698	0.254302	1.178255
960	-2628.354	-2731.748	103.394	1.162021	1.137757	0.2309446	0.760827	0.239173	1.504382
966	-2625.315	-2728.851	103.5353	0.988625	1.11664	0.2309446	0.713802	0.286198	1.542634
972	-2637.212	-2740.126	102.9142	1.020263	0.9258196	0.4309167	0.685605	0.314395	1.781542
978	-2628.911	-2732.547	103.6362	1.045206	0.7348876	0.2891981	0.729781	0.270219	1.617003
984	-2629.158	-2733.167	104.0087	1.027877	0.6863952	0.2470836	0.702832	0.297168	1.478641
990	-2630.786	-2733.399	102.6122	1.110648	1.881624	0.3059283	0.829252	0.170748	1.574111
996	-2625.173	-2728.47	103.2969	1.032567	0.8984633	0.3059283	0.779093	0.220907	1.70443
1002	-2623.575	-2726.938	103.3632	1.197039	1.075766	0.3059283	0.787418	0.212582	1.401574
1008	-2624.963	-2728.595	103.6321	1.151447	1.075766	0.3059283	0.75149	0.24851	1.220949
1014	-2624.927	-2728.487	103.5602	1.22335	1.075766	0.3059283	0.80412	0.19588	1.220949
1020	-2628.594	-2732.235	103.6412	1.3169	1.272526	0.2455055	0.784504	0.215496	1.041098
1026	-2627.472	-2730.812	103.3405	1.359823	1.423266	0.301054	0.784504	0.215496	1.041098
1032	-2634.71	-2738.489	103.7795	1.240399	0.7479652	0.301054	0.761866	0.238134	1.326731
1038	-2630.158	-2733.393	103.2354	1.235161	1.609891	0.2812729	0.861681	0.138319	1.169732
1044	-2630.48	-2733.437	102.957	1.225182	1.609891	0.3310853	0.731919	0.268081	1.315186
1050	-2635.5	-2738.924	103.4241	1.25382	1.318856	0.3310853	0.815701	0.184299	1.076111
1056	-2631.04	-2734.186	103.1464	1.25382	1.359093	0.3841802	0.729759	0.270241	1.196758
1062	-2629.081	-2732.705	103.6243	1.367706	0.9992488	0.3514497	0.70386	0.29614	1.008206
1068	-2627.977	-2731.88	103.9023	1.26587	0.8849149	0.2098104	0.756407	0.243593	1.26872
1074	-2624.325	-2727.601	103.2759	1.321189	1.401555	0.2767955	0.810159	0.189841	1.201754
1080	-2619.371	-2722.573	103.2028	1.255484	1.401555	0.3713867	0.752728	0.247272	1.139301
1086	-2622.611	-2725.988	103.3778	1.337115	1.151682	0.3997686	0.711348	0.288652	1.04275
1092	-2622.773	-2726.023	103.2495	1.387821	1.151682	0.4652009	0.779394	0.220606	1.001487
1098	-2630.846	-2734.347	103.5017	1.376581	1.151682	0.3486925	0.74567	0.25433	0.9830973
1104	-2625.413	-2728.88	103.4668	1.41363	1.143229	0.3512929	0.769045	0.230955	0.9830973
1110	-2626.974	-2730.528	103.5543	1.437363	1.11387	0.3126388	0.794619	0.205381	0.9830973
1116	-2623.419	-2726.728	103.3086	1.306851	0.955288	0.4832682	0.76323	0.23677	1.168749
1122	-2633.329	-2736.716	103.3869	1.187628	1.215244	0.2886567	0.819253	0.180747	1.322714
1128	-2630.601	-2734.029	103.4286	0.9614347	1.215244	0.2786057	0.735587	0.264413	1.484986
1134	-2627.156	-2729.875	102.7194	1.053055	1.745512	0.2760676	0.752795	0.247205	1.652103
1140	-2640.874	-2743.793	102.9195	1.063929	1.492353	0.2569363	0.819086	0.180914	1.661107
1146	-2634.103	-2737.485	103.3823	1.020432	0.9682286	0.2542275	0.754839	0.245161	1.689781
1152	-2629.006	-2732.455	103.4488	1.034953	1.012182	0.2256905	0.795016	0.204984	1.654969
1158	-2645.037	-2748.154	103.1176	0.9326506	1.292702	0.2965274	0.836942	0.163058	1.654969
1164	-2632.175	-2735.59	103.4147	1.213436	1.292702	0.2965274	0.819822	0.180178	1.209008
1170	-2620.998	-2723.9	102.9024	1.207369	1.726649	0.3496371	0.765357	0.234643	1.277458
1176	-2625.985	-2728.877	102.892	1.422831	1.445763	0.4716546	0.70961	0.29039	1.068649
1182	-2625.439	-2728.793	103.3539	1.380256	1.445763	0.2443084	0.7613	0.2387	1.124533
1188	-2626.517	-2729.599	103.0822	1.538244	1.460066	0.4234361	0.74756	0.25244	0.8227913
1194	-2637.094	-2739.889	102.7947	1.564651	1.978304	0.4341207	0.74756	0.25244	0.6652872
1200	-2638.007	-2740.961	102.9544	1.590755	1.772112	0.3938167	0.736842	0.263158	0.6980181
1206	-2642.501	-2745.945	103.4433	1.581703	0.9881262	0.4446816	0.812616	0.187384	0.7760649
1212	-2626.203	-2729.583	103.3804	1.541021	1.346084	0.340393	0.816562	0.183438	0.7582975
1218	-2628.314	-2731.789	103.4754	1.565377	1.246515	0.336303	0.798703	0.201297	0.7135389
1224	-2632.196	-2736.333	104.1373	1.506493	0.6354494	0.3100451	0.767088	0.232912	0.8638159
1230	-2628.324	-2732.535	104.2102	1.534911	0.6354494	0.3100451	0.778318	0.221682	0.7267451
1236	-2625.279	-2729.622	104.3436	1.658865	0.6354494	0.2343161	0.654607	0.345393	0.5756558
1242	-2629.518	-2733.063	103.5447	1.475084	1.37842	0.2860775	0.81232	0.18768	0.7573223
1248	-2625.838	-2729.727	103.8896	1.553805	0.9131042	0.2860775	0.734107	0.265893	0.7573223
1254	-2625.142	-2728.477	103.3344	1.55304	1.238294	0.4011719	0.789182	0.210818	0.7573223
1260	-2626.555	-2729.854	103.299	1.433025	1.238294	0.4011719	0.789182	0.210818	0.9465548
1266	-2633.834	-2737.267	103.4327	1.106631	1.054938	0.4011719	0.703693	0.296307	1.274396
1272	-2629.326	-2732.316	102.9901	1.253824	1.505892	0.3381927	0.677193	0.322807	1.31279
1278	-2630.023	-2732.665	102.6421	1.075985	1.505892	0.3381927	0.738031	0.261969	1.707002
1284	-2629.315	-2732.657	103.3417	1.195584	1.505892	0.2167202	0.795125	0.204875	1.317829
1290	-2617.2	-2721.464	104.2635	1.202257	0.6139802	0.3137145	0.587191	0.412809	1.071536
1296	-2628.155	-2732.365	104.2099	1.409168	0.6139802	0.3584761	0.706112	0.293888	0.8008318
1302	-2621.881	-2725.899	104.0182	1.590573	0.6718898	0.3584761	0.539437	0.460563	0.6951779
1308	-2625.012	-2729.252	104.2393	1.744506	0.6080094	0.2533801	0.740506	0.259494	0.5990507
1314	-2618.264	-2722.039	103.7753	1.813608	0.9005454	0.2727343	0.737438	0.262562	0.5036776
1320	-2616.742	-2720.645	103.9034	1.796087	0.7009461	0.3229809	0.826659	0.173341	0.5652827
1326	-2617.372	-2721.359	103.9868	1.757901	0.6724983	0.3229809	0.742695	0.257305	0.4900893
1332	-2616.125	-2719.758	103.6332	1.733979	0.9999986	0.3229809	0.811621	0.188379	0.5183399
1338	-2623.595	-2726.675	103.0802	1.706543	1.559327	0.3743367	0.726082	0.273918	0.5433554
1344	-2630.902	-2734.086	103.1839	1.604235	1.559327	0.3596027	0.808206	0.191794	0.6379912
1350	-2627.923	-2731.475	103.5521	1.771765	0.906265	0.3673781	0.674598	0.325402	0.6686656
1356	-2621.281	-2725.194	103.9135	1.505281	0.906265	0.2719251	0.660355	0.339645	0.8458733
1362	-2618.744	-2722.403	103.6586	1.525231	0.906265	0.3776102	0.732069	0.267931	0.8458733
1368	-2618.566	-2722.613	104.0466	1.541486	0.7453618	0.3217773	0.690871	0.309129	0.7033711
1374	-2620.913	-2725.019	104.106	1.711703	0.655744	0.2963098	0.677971	0.322029	0.5770079
1380	-2624.447	-2728.63	104.1829	1.723764	0.658006	0.2577131	0.815755	0.184245	0.5863693
1386	-2628.702	-2732.934	104.2322	1.517249	0.658006	0.2577131	0.771385	0.228615	0.8515274
1392	-2639.47	-2743.518	104.0487	1.303113	0.8883087	0.2243391	0.648901	0.351099	1.068462
1398	-2648.116	-2751.56	103.4443	1.210821	0.8883087	0.4230054	0.811501	0.188499	1.285458
1404	-2628.092	-2732	103.9078	1.579132	0.759023	0.3570631	0.727157	0.272843	0.7174769
1410	-2634.818	-2738.01	103.192	1.551048	1.376741	0.3916572	0.774454	0.225546	0.8250583
1416	-2631.243	-2735.297	104.0536	1.489579	0.7116329	0.3532723	0.720043	0.279957	0.7354376
1422	-2632.975	-2736.853	103.8781	1.602034	0.7116329	0.4043437	0.720043	0.279957	0.667155
1428	-2635.534	-2739.731	104.197	1.382955	0.6609857	0.2852327	0.662904	0.337096	0.9600081
1434	-2622.985	-2726.723	103.7374	1.441662	0.9432919	0.3283604	0.690395	0.309605	0.9249912
1440	-2625.085	-2728.87	103.7857	1.641502	0.9432919	0.288881	0.775473	0.224527	0.722772
1446	-2617.341	-2720.942	103.6006	1.757265	0.9432919	0.3535807	0.713674	0.286326	0.531652
1452	-2615.781	-2718.922	103.1415	1.721371	1.514792	0.3535807	0.733484	0.266516	0.5329504
1458	-2622.432	-2725.559	103.1262	1.731248	1.514792	0.3535807	0.787269	0.212731	0.5638762
1464	-2621.867	-2724.616	102.7488	1.704801	2.160004	0.3535807	0.791407	0.208593	0.5460871
1470	-2624.25	-2727.037	102.7877	1.704801	2.057759	0.3535807	0.791407	0.208593	0.6139821
1476	-2619.862	-2722.612	102.7498	1.656431	2.030566	0.4126254	0.754076	0.245924	0.5629756
1482	-2617.431	-2720.517	103.0858	1.557396	1.774911	0.3308502	0.792307	0.207693	0.7466582
1488	-2626.624	-2730.007	103.3838	1.67752	1.114574	0.3791844	0.78399	0.21601	0.7246056
1494	-2627.254	-2730.161	102.9068	1.702488	1.687182	0.3791844	0.82265	0.17735	0.7321993
1500	-2627.107	-2730.252	103.1456	1.687479	1.687182	0.3079482	0.82265	0.17735	0.5791471
1506	-2631.699	-2735.393	103.6941	1.835858	0.967325	0.2641625	0.718866	0.281134	0.4323445
1512	-2628.929	-2732.287	103.3581	1.795265	0.967325	0.4468529	0.724659	0.275341	0.4741352
1518	-2625.365	-2728.964	103.5996	1.830418	0.967325	0.3056791	0.704899	0.295101	0.4327293
1524	-2629.455	-2733.165	103.7099	1.909245	0.7347765	0.3436292	0.756174	0.243826	0.4993809
1530	-2621.684	-2725.154	103.4693	1.89514	1.02477	0.3127681	0.837199	0.162801	0.4711926
1536	-2619.859	-2722.643	102.7839	1.932992	1.469819	0.4465523	0.733788	0.266212	0.4711926
1542	-2627.036	-2729.743	102.7067	1.983662	1.469819	0.4465523	0.79186	0.20814	0.3904765
1548	-2630.177	-2733.101	102.9243	2.018621	1.469819	0.3022095	0.79186	0.20814	0.3371736
1554	-2623.434	-2726.756	103.3224	2.018621	0.987687	0.3022095	0.747506	0.252494	0.3200339
1560	-2627.427	-2730.102	102.6745	2.077645	1.479977	0.3791214	0.747506	0.252494	0.3200339
1566	-2626.687	-2729.252	102.5647	2.16848	1.479977	0.3791214	0.699567	0.300433	0.3042929
1572	-2625.914	-2729.155	103.241	1.117275	1.308107	0.3038882	0.742044	0.257956	1.40371
1578	-2634.723	-2738.186	103.463	1.244444	1.308107	0.3038882	0.647937	0.352063	1.113241
1584	-2630.667	-2733.924	103.2568	1.172017	0.9521369	0.5136365	0.774665	0.225335	1.286511
1590	-2632.814	-2736.498	103.6831	1.405304	0.9521369	0.3981402	0.67298	0.32702	0.8538646
1596	-2626.626	-2730.305	103.6785	1.322749	1.363195	0.2203934	0.836056	0.163944	0.9938187
1602	-2624.093	-2727.86	103.7665	1.331986	0.7974463	0.3244675	0.802449	0.197551	1.166641
1608	-2631.329	-2735.283	103.9545	1.39449	0.7974463	0.3244675	0.672961	0.327039	0.9257037
1614	-2631.302	-2735.221	103.9191	1.391969	0.9932494	0.2630384	0.650968	0.349032	0.8924776
1620	-2630.36	-2734.191	103.8304	1.449641	0.9932494	0.2709101	0.829053	0.170947	0.9051283
1626	-2625.31	-2728.3	102.9901	1.433338	2.048892	0.2528442	0.771699	0.228301	1.023787
1632	-2624.744	-2727.416	102.6722	1.47573	2.048892	0.4583737	0.892047	0.107953	0.8529057
1638	-2624.221	-2727.095	102.8745	1.497579	1.816309	0.4300061	0.860663	0.139337	0.8116705
1644	-2624.858	-2728.108	103.25	1.665296	1.220188	0.4300061	0.777453	0.222547	0.6396833
1650	-2618.766	-2722.101	103.3349	1.665296	1.220188	0.3716467	0.777453	0.222547	0.6946415
1656	-2619.995	-2723.274	103.2798	1.534754	1.18469	0.4314111	0.777453	0.222547	0.8409594
1662	-2628.491	-2731.797	103.3065	1.306145	1.145286	0.4314111	0.677089	0.322911	1.088477
1668	-2624.05	-2728.097	104.0469	1.395815	0.8541384	0.2296415	0.732234	0.267766	1.002903
1674	-2626.364	-2730.148	103.7835	1.37456	1.08823	0.2232076	0.795988	0.204012	1.063536
1680	-2624.9	-2728.754	103.8547	1.667153	1.08823	0.2232076	0.780096	0.219904	0.5683799
1686	-2626.537	-2730.394	103.8563	1.530807	1.099012	0.2200435	0.780298	0.219702	0.815903
1692	-2621.757	-2725.455	103.6978	1.400953	0.9908297	0.32811	0.780298	0.219702	0.9592233
1698	-2628.606	-2731.949	103.3425	1.441708	1.137428	0.3842967	0.837802	0.162198	1.017246
1704	-2629.875	-2733.315	103.4396	1.643415	1.069357	0.3842967	0.861389	0.138611	0.7410741
1710	-2631.965	-2735.563	103.5978	1.478259	1.292317	0.2860508	0.704935	0.295065	0.7757995
1716	-2631.639	-2734.998	103.3581	1.496151	1.292317	0.3902444	0.804111	0.195889	0.7706159
1722	-2627.461	-2731.374	103.9132	1.454701	0.9486191	0.2963317	0.738037	0.261963	0.7770031
1728	-2625.09	-2728.904	103.814	1.37065	0.9311389	0.2963317	0.718371	0.281629	1.00783
1734	-2621.059	-2724.806	103.7465	1.438158	0.9311389	0.2963317	0.841651	0.158349	1.00783
1740	-2618.978	-2722.273	103.2955	1.466484	1.451738	0.3226698	0.750946	0.249054	0.9046462
1746	-2626.747	-2729.608	102.8609	1.732809	1.898233	0.3226698	0.828141	0.171859	0.731571
1752	-2614.798	-2718.395	103.597	1.551809	1.150459	0.3226698	0.756153	0.243847	0.7227885
1758	-2628.154	-2731.583	103.4291	1.525367	1.166636	0.4052446	0.694081	0.305919	0.7385454
1764	-2622.679	-2726.113	103.4335	1.603855	1.166636	0.3629706	0.820605	0.179395	0.739857
1770	-2624.577	-2728.141	103.5635	1.442123	1.166636	0.3370422	0.820605	0.179395	0.855933
1776	-2630.419	-2734.418	103.9989	1.304991	0.7712063	0.3370422	0.732552	0.267448	0.9773687
1782	-2626.266	-2730.138	103.8714	1.440212	0.7435455	0.3192036	0.799247	0.200753	1.042224
1788	-2621.947	-2725.827	103.881	1.435746	0.8192625	0.3192036	0.743839	0.256161	0.9455188
1794	-2622.185	-2726.043	103.8577	1.242793	0.7089315	0.3192036	0.715009	0.284991	1.267596
1800	-2626.306	-2730.021	103.7146	1.174792	0.9273988	0.3192036	0.752394	0.247606	1.231377
1806	-2629.883	-2733.651	103.7681	1.342266	1.146746	0.2265751	0.753493	0.246507	1.048753
1812	-2626.202	-2729.827	103.6245	1.335821	1.146746	0.2783464	0.729959	0.270041	1.063375
1818	-2626.093	-2729.766	103.6726	1.33152	1.180185	0.2997835	0.772799	0.227201	0.9385434
1824	-2633.426	-2737.013	103.5865	1.447864	1.180185	0.283031	0.752124	0.247876	0.9487032
1830	-2631.714	-2735.1	103.3865	1.322735	1.252465	0.4057711	0.680041	0.319959	0.9487032
1836	-2641.969	-2744.989	103.0199	1.526656	1.552369	0.4439918	0.740275	0.259725	0.7813747
1842	-2634.489	-2738.344	103.8549	1.404197	0.858886	0.35841	0.802766	0.197234	0.865065
1848	-2629.397	-2733.138	103.741	1.662214	0.8137199	0.3841992	0.691809	0.308191	0.6488505
1854	-2627.733	-2731.349	103.6162	1.697354	0.9203457	0.3841992	0.762918	0.237082	0.5665122
1860	-2630.84	-2733.969	103.1287	1.903412	1.537467	0.2722232	0.766936	0.233064	0.4739642
1866	-2635.107	-2738.613	103.506	1.864068	1.297085	0.2149091	0.745181	0.254819	0.4811396
1872	-2634.754	-2737.478	102.7236	1.398093	2.255177	0.3068793	0.865634	0.134366	1.0769
1878	-2627.406	-2730.478	103.0722	1.34524	1.497063	0.3695278	0.779457	0.220543	1.11468
1884	-2624.457	-2728.124	103.667	1.234346	1.079198	0.2608891	0.68431	0.31569	1.210606
1890	-2629.295	-2732.429	103.1343	1.295516	1.673141	0.2652429	0.748901	0.251099	1.201818
1896	-2630.238	-2733.285	103.0476	1.350794	1.528497	0.3790676	0.785658	0.214342	1.093579
1902	-2630.354	-2733.054	102.7001	1.437686	1.959775	0.4538907	0.802283	0.197717	0.9328228
1908	-2630.681	-2734.108	103.4272	1.540614	1.608326	0.2269146	0.788414	0.211586	0.805643
1914	-2644.56	-2747.502	102.9413	1.515272	2.471575	0.2153881	0.843894	0.156106	0.8558091
1920	-2628.303	-2731.48	103.1769	1.449495	1.459319	0.3887248	0.745365	0.254635	0.8956131
1926	-2631.339	-2734.039	102.6995	1.525413	1.907047	0.453761	0.67875	0.32125	0.8708513
1932	-2644.189	-2747.988	103.7986	1.447589	0.8240772	0.3065986	0.795823	0.204177	1.039801
1938	-2621.006	-2724.554	103.5485	1.38475	1.155256	0.3065986	0.789002	0.210998	1.017675
1944	-2627.295	-2730.889	103.5938	1.444457	1.311207	0.2428856	0.835201	0.164799	0.9347054
1950	-2619.966	-2724.094	104.1282	1.552134	0.7541262	0.2428856	0.754201	0.245799	0.8310795
1956	-2622.661	-2726.574	103.9131	1.44476	0.7258882	0.3398126	0.730735	0.269265	0.9735292
1962	-2625.84	-2729.812	103.9719	1.499271	0.931202	0.2164728	0.782097	0.217903	0.9245358
1968	-2624.835	-2728.896	104.0602	1.35089	0.931202	0.2164728	0.780984	0.219016	0.9875044
1974	-2626.92	-2730.778	103.8578	1.397455	0.8740821	0.3699063	0.671567	0.328433	0.8199173
1980	-2631.32	-2735.135	103.8157	1.279772	0.9669484	0.3421353	0.694039	0.305961	0.9562438
1986	-2634.594	-2738.811	104.2168	1.238588	0.5571571	0.3389726	0.650558	0.349442	1.107348
1992	-2632.405	-2736.42	104.0148	1.309104	0.6583715	0.3322712	0.773607	0.226393	1.107348
1998	-2626.284	-2730.259	103.9751	1.32035	0.7386755	0.309147	0.731933	0.268067	1.084676
2004	-2619.801	-2723.736	103.9353	1.362062	0.8886462	0.3000823	0.697087	0.302913	0.9293857
2010	-2618.949	-2722.362	103.4129	1.394408	1.236718	0.3522506	0.781438	0.218562	0.9719896
2016	-2622.717	-2726.633	103.9155	1.351862	0.910921	0.3020146	0.717564	0.282436	0.9309102
2022	-2623.542	-2727.045	103.5023	1.202342	1.235777	0.29992	0.793118	0.206882	1.177389
2028	-2618.034	-2722.153	104.1198	1.286057	0.6710174	0.2825788	0.732372	0.267628	1.121009
2034	-2620.478	-2723.93	103.4515	1.177629	0.8182782	0.4399156	0.721082	0.278918	1.34507
2040	-2619.06	-2722.377	103.3165	1.175083	1.238485	0.2952904	0.822196	0.177804	1.360456
2046	-2620.485	-2723.795	103.3098	1.294792	1.138906	0.3267831	0.738008	0.261992	1.282172
2052	-2626.36	-2729.725	103.3652	1.177141	1.085122	0.3050794	0.763491	0.236509	1.410158
2058	-2629.211	-2732.334	103.1231	1.132531	1.206534	0.3050794	0.695385	0.304615	1.544021
2064	-2632.183	-2735.293	103.1096	1.212132	1.471934	0.2746846	0.802736	0.197264	1.387031
2070	-2628.623	-2732.09	103.4671	1.258589	1.001326	0.2746846	0.775648	0.224352	1.387031
2076	-2632.058	-2735.862	103.804	1.188745	0.6641269	0.3273397	0.70534	0.29466	1.387031
2082	-2628.787	-2733.013	104.2262	1.386837	0.6641269	0.1890943	0.639713	0.360287	1.171335
2088	-2631.689	-2735.974	104.2847	1.251494	0.5823097	0.2464811	0.733118	0.266882	1.196641
2094	-2634.897	-2737.827	102.9298	1.259167	1.907567	0.3054286	0.807751	0.192249	1.196641
2100	-2625.508	-2728.674	103.1655	1.293031	1.328212	0.2989316	0.816203	0.183797	1.320736
2106	-2623.676	-2726.903	103.2267	1.199217	1.25848	0.3167029	0.759613	0.240387	1.36
2112	-2626.509	-2729.886	103.3774	1.254956	1.25848	0.2824564	0.746093	0.253907	1.257606
2118	-2637.17	-2740.593	103.4233	1.309172	1.268107	0.2824564	0.797199	0.202801	1.165476
2124	-2633.13	-2736.929	103.7991	1.473916	0.8575028	0.2557764	0.713189	0.286811	1.095018
2130	-2620.339	-2724.319	103.9791	1.561824	0.8575028	0.2557764	0.712059	0.287941	0.8108227
2136	-2621.578	-2725.053	103.4749	1.601248	1.44698	0.2588455	0.771723	0.228277	0.6897174
2142	-2620.681	-2724.307	103.6256	1.70689	1.197201	0.2588455	0.771723	0.228277	0.5461012
2148	-2616.133	-2719.669	103.5365	1.799082	1.197201	0.2588455	0.813854	0.186146	0.5206799
2154	-2629.012	-2732.229	103.2163	1.735135	1.117759	0.4795791	0.7036	0.2964	0.5121465
2160	-2633.137	-2736.248	103.1107	1.729246	1.309619	0.4484503	0.832166	0.167834	0.4920618
2166	-2637.238	-2739.808	102.5698	1.653788	2.403212	0.4038431	0.76736	0.23264	0.5503507
2172	-2631.772	-2735.066	103.2943	1.492356	1.534851	0.3009424	0.847104	0.152896	0.8625444
2178	-2633.22	-2736.299	103.0788	1.558911	1.534851	0.4097265	0.790667	0.209333	0.7594792
2184	-2634.653	-2737.522	102.8693	1.245845	1.726427	0.3096823	0.86842	0.13158	1.344093
2190	-2635.756	-2738.522	102.7662	1.256614	2.073779	0.3096823	0.790893	0.209107	1.246132
2196	-2629.608	-2733.029	103.4208	1.278101	1.150106	0.3096823	0.833035	0.166965	1.227216
2202	-2633.614	-2736.452	102.8378	1.288068	1.601837	0.3747405	0.867817	0.132183	1.291123
2208	-2636.001	-2739.533	103.5319	1.385898	1.180584	0.2369588	0.850396	0.149604	1.170833
2214	-2627.122	-2730.537	103.4149	1.279549	0.9925312	0.336489	0.845577	0.154423	1.305505
2220	-2623.523	-2727.064	103.5406	1.279005	1.137323	0.3926087	0.75951	0.24049	0.9651687
2226	-2620.118	-2723.582	103.464	1.449997	1.026323	0.3926087	0.781891	0.218109	0.9757394
2232	-2619.141	-2722.845	103.7044	1.352985	1.0183	0.3580597	0.664391	0.335609	0.9053003
2238	-2621.325	-2725.14	103.8147	1.381754	0.9779287	0.3286861	0.748501	0.251499	0.8639714
2244	-2622.015	-2725.746	103.7306	1.555282	0.9779287	0.3132545	0.816983	0.183017	0.7945976
2250	-2623.468	-2727.158	103.6898	1.610598	0.9779287	0.3305623	0.714707	0.285293	0.7159588
2256	-2618.687	-2722.407	103.7194	1.512751	0.9275558	0.3305623	0.689595	0.310405	0.8785522
2262	-2626.559	-2730.38	103.821	1.409833	0.9945735	0.3051995	0.689595	0.310405	0.8658796
2268	-2631.509	-2734.702	103.1931	1.432544	1.135651	0.4019033	0.667059	0.332941	1.134919
2274	-2627.624	-2731.092	103.4681	1.390878	1.135651	0.3434961	0.698919	0.301081	1.027704
2280	-2623.397	-2726.973	103.5761	1.384177	1.042397	0.3774765	0.738901	0.261099	0.9423146
2286	-2624.86	-2728.413	103.5529	1.491394	1.042397	0.3370737	0.767602	0.232398	0.9423146
2292	-2625.937	-2729.335	103.3985	1.500335	1.229575	0.3370737	0.683816	0.316184	0.9154176
2298	-2627.978	-2731.375	103.3977	1.646705	1.375014	0.2537302	0.740602	0.259398	0.8361809
2304	-2628.217	-2731.434	103.2172	1.387217	1.183477	0.3588953	0.756395	0.243605	1.191204
2310	-2635.267	-2738.625	103.3576	1.475213	1.225387	0.3751891	0.811334	0.188666	0.9045589
2316	-2632.266	-2735.565	103.2987	1.680549	1.225387	0.354468	0.857622	0.142378	0.7757697
2322	-2624.794	-2728.109	103.3146	1.393649	1.17232	0.354468	0.866402	0.133598	1.11643
2328	-2630.466	-2733.481	103.015	1.379508	1.45851	0.354468	0.815745	0.184255	1.187723
2334	-2629.43	-2732.142	102.7122	1.142873	1.339656	0.3135717	0.786853	0.213147	1.738426
2340	-2639.092	-2741.581	102.4892	0.9871345	1.856114	0.3637785	0.8338	0.1662	1.672896
2346	-2631.376	-2734.038	102.6616	0.9479915	1.46734	0.2940012	0.80749	0.19251	1.871265
2352	-2626.921	-2729.508	102.5868	1.031139	1.512368	0.2550885	0.7576	0.2424	1.90824
2358	-2623.78	-2726.746	102.9658	1.265933	1.308707	0.3960636	0.7576	0.2424	1.34976
2364	-2628.516	-2731.538	103.0219	1.136414	1.308707	0.3207152	0.790547	0.209453	1.52616
2370	-2635.481	-2738.603	103.1216	1.116331	1.342163	0.2752185	0.776227	0.223773	1.52616
2376	-2621.463	-2725.365	103.9015	1.238991	0.8330462	0.286562	0.81109	0.18891	1.17003
2382	-2624.308	-2728.087	103.7793	1.334582	0.8865865	0.3010774	0.712943	0.287057	1.109739
2388	-2624.213	-2727.518	103.3053	1.220327	1.263717	0.3742859	0.836892	0.163108	1.172556
2394	-2630.536	-2733.471	102.9353	1.205958	1.771432	0.3056437	0.826266	0.173734	1.306949
2400	-2628.964	-2732.598	103.6343	1.196051	0.9777489	0.3014356	0.79838	0.20162	1.270843
2406	-2625.454	-2728.432	102.9782	1.277381	1.382451	0.4037859	0.75218	0.24782	1.270843
2412	-2624.737	-2727.982	103.2455	1.270174	1.382451	0.2753834	0.75218	0.24782	1.285228
2418	-2623.829	-2726.406	102.5771	1.28003	2.139148	0.3405971	0.860971	0.139029	1.295961
2424	-2625.856	-2728.327	102.4711	1.350032	2.244179	0.4187083	0.764765	0.235235	1.145443
2430	-2625.572	-2729.331	103.7587	1.563345	0.9363332	0.3350512	0.667957	0.332043	0.7346498
2436	-2630.041	-2733.587	103.5461	1.594634	1.064329	0.3811197	0.749066	0.250934	0.6593177
2442	-2630.462	-2733.904	103.4411	1.468294	1.091681	0.4595164	0.73587	0.26413	0.7598856
2448	-2626.892	-2730.432	103.5402	1.61854	0.8433838	0.4774908	0.752834	0.247166	0.7212707
2454	-2634.259	-2738.51	104.2513	1.513004	0.6840102	0.2921566	0.751089	0.248911	0.6463094
2460	-2632.512	-2736.113	103.6009	1.677106	1.140177	0.2921566	0.793046	0.206954	0.6257137
2466	-2633.059	-2736.577	103.5176	1.681119	1.140177	0.3272105	0.796282	0.203718	0.623744
2472	-2623.554	-2726.854	103.3001	1.984359	1.010268	0.3340588	0.821811	0.178189	0.3596996
2478	-2625.215	-2728.452	103.2376	2.08465	1.010268	0.3023713	0.773819	0.226181	0.3238182
2484	-2624.099	-2727.739	103.6399	1.845422	0.8273193	0.3360801	0.816141	0.183859	0.373332
2490	-2620.655	-2724.434	103.7791	1.738404	0.8273193	0.3360801	0.728175	0.271825	0.5600639
2496	-2628.065	-2731.987	103.9224	1.533117	0.8273193	0.3360801	0.71277	0.28723	0.7087247
2502	-2621.748	-2725.503	103.7552	1.557014	0.998878	0.3036047	0.801234	0.198766	0.7589961
2508	-2620.619	-2724.273	103.6541	1.656484	1.08098	0.2957773	0.721021	0.278979	0.6567129
2514	-2632.089	-2735.922	103.833	1.689494	0.9634357	0.2689311	0.736393	0.263607	0.572416
2520	-2630.318	-2734.266	103.9472	1.73011	0.765401	0.2945576	0.881434	0.118566	0.5880485
2526	-2627.643	-2731.791	104.1486	1.631231	0.765401	0.2469661	0.687742	0.312258	0.6324513
2532	-2619.264	-2723.329	104.0646	1.585116	0.765401	0.2668484	0.670836	0.329164	0.7709589
2538	-2626.213	-2730.312	104.099	1.513377	0.628167	0.371068	0.768995	0.231005	0.74516
2544	-2628.364	-2732.653	104.2886	1.468967	0.6976041	0.2649577	0.668097	0.331903	0.74516
2550	-2624.14	-2728.165	104.0257	1.461614	0.8982467	0.2649577	0.633831	0.366169	0.791305
2556	-2623.948	-2726.785	102.837	1.485471	1.591874	0.5497714	0.757238	0.242762	0.8085045
2562	-2648.593	-2752.264	103.6709	1.701745	1.154669	0.2517866	0.76478	0.23522	0.6057704
2568	-2636.662	-2740.042	103.3803	1.733619	1.154669	0.3692178	0.698832	0.301168	0.5713225
2574	-2628.804	-2731.564	102.7607	1.861128	1.598263	0.4487007	0.749077	0.250923	0.5105606
2580	-2620.807	-2724.133	103.3263	1.06614	0.8685564	0.3339843	0.763176	0.236824	1.638147
2586	-2631.358	-2734.26	102.9026	1.051991	1.414261	0.3339843	0.77281	0.22719	1.593138
2592	-2628.938	-2731.583	102.6458	1.153614	1.414261	0.3339843	0.804533	0.195467	1.704497
2598	-2626.154	-2728.661	102.5066	1.165196	1.58808	0.3339843	0.816222	0.183778	1.704497
2604	-2632.045	-2734.21	102.1648	1.157477	1.606155	0.4585996	0.829153	0.170847	1.770577
2610	-2629.118	-2732.076	102.9572	1.079278	1.066435	0.3183988	0.822783	0.177217	1.770577
2616	-2623.702	-2726.852	103.1496	1.034059	1.18503	0.3183988	0.698273	0.301727	1.588475
2622	-2626.479	-2729.378	102.8981	1.211702	1.352624	0.3400249	0.787922	0.212078	1.504481
2628	-2626.557	-2729.446	102.8891	1.087031	1.352624	0.3400249	0.871476	0.128524	1.603021
2634	-2636.844	-2739.872	103.0284	1.9155	1.34345	0.3638236	0.855523	0.144477	0.3864367
2640	-2632.242	-2735.32	103.078	2.010571	1.068216	0.3892912	0.667699	0.332301	0.331161
2646	-2627.44	-2730.162	102.7219	2.020355	1.527571	0.3802685	0.846826	0.153174	0.3473271
2652	-2625.819	-2728.579	102.7603	2.020355	1.446175	0.3802685	0.779849	0.220151	0.3250291
2658	-2621.465	-2724.688	103.2224	1.826214	1.237093	0.3650978	0.768144	0.231856	0.4296237
2664	-2629.71	-2732.862	103.1526	1.88695	1.237093	0.3650978	0.738184	0.261816	0.4064358
2670	-2633.457	-2736.186	102.7288	1.338371	1.682054	0.5255702	0.818765	0.181235	1.059324
2676	-2634.543	-2737.647	103.1035	1.366814	1.682054	0.3177347	0.749942	0.250058	1.047419
2682	-2630.754	-2734.387	103.6333	1.328147	1.064172	0.3177347	0.768012	0.231988	1.047419
2688	-2629.084	-2732.807	103.7229	1.414401	1.080627	0.2630223	0.782159	0.217841	0.9873407
2694	-2621.442	-2724.931	103.4888	1.323489	1.097056	0.3874069	0.745717	0.254283	1.020089
2700	-2623.199	-2726.877	103.6772	1.366679	1.097056	0.3337144	0.752611	0.247389	0.8937085
2706	-2620.865	-2724.605	103.7405	1.496974	0.9614338	0.3337144	0.819135	0.180865	0.820779
2712	-2624.181	-2727.758	103.5777	1.53809	1.048402	0.3926945	0.775373	0.224627	0.6928926
2718	-2622.475	-2725.557	103.0816	1.807577	1.390296	0.3878659	0.775856	0.224144	0.5023768
2724	-2619.01	-2722.062	103.0521	1.788055	1.434159	0.3941255	0.81593	0.18407	0.5397132
2730	-2625.381	-2728.588	103.2075	1.788055	1.434159	0.3202678	0.737584	0.262416	0.4734808
2736	-2627.151	-2730.333	103.1823	1.671834	1.434159	0.388403	0.770104	0.229896	0.5112561
2742	-2643.682	-2747.594	103.9125	1.650435	0.8251313	0.2986882	0.719039	0.280961	0.6709108
2748	-2639.846	-2743.67	103.824	1.857247	0.7650155	0.2986882	0.740412	0.259588	0.5194378
2754	-2625.829	-2729.534	103.7049	1.717183	0.9395285	0.3204258	0.827286	0.172714	0.586173
2760	-2631.325	-2735.391	104.0663	1.699375	0.6650794	0.315599	0.827286	0.172714	0.5553753
2766	-2631.63	-2734.713	103.0835	1.648113	1.773849	0.315599	0.890293	0.109707	0.6519187
2772	-2622.549	-2725.862	103.3133	1.786193	1.228387	0.3394772	0.783816	0.216184	0.6101978
2778	-2632.812	-2736.482	103.6706	1.718035	0.8839828	0.36874	0.768959	0.231041	0.5421274
2784	-2635.789	-2739.552	103.7628	1.797833	0.8839828	0.2917133	0.794716	0.205284	0.5135363
2790	-2627.867	-2731.237	103.3701	1.797833	1.41187	0.2551441	0.772374	0.227626	0.4668112
2796	-2636.088	-2739.304	103.2161	1.88493	1.194659	0.3622696	0.841715	0.158285	0.4789931
2802	-2641.858	-2746.579	104.7212	1.484332	0.3754194	0.3116311	0.763343	0.236657	0.6704076
2808	-2643.119	-2747.869	104.7502	1.484428	0.4593668	0.2253454	0.700797	0.299203	0.7234266
2814	-2631.301	-2735.905	104.6048	1.437223	0.4593668	0.2253454	0.631804	0.368196	0.9625289
2820	-2637.215	-2741.179	103.9641	1.757669	0.8681971	0.2324957	0.774777	0.225223	0.5625164
2826	-2630.253	-2734.05	103.7974	1.719952	0.721192	0.3987376	0.823609	0.176391	0.5625164
2832	-2626.79	-2730.356	103.5663	1.767106	0.8825736	0.3987376	0.711269	0.288731	0.5176355
2838	-2625.822	-2729.383	103.5603	1.751241	0.9027143	0.3987376	0.724792	0.275208	0.5176355
2844	-2631.22	-2735.356	104.1363	1.753729	0.6919564	0.2514548	0.77557	0.22443	0.5210998
2850	-2628.115	-2731.914	103.7993	1.736521	0.9543533	0.2711673	0.836082	0.163918	0.5070444
2856	-2620.096	-2723.771	103.6755	1.798116	0.9543533	0.2958628	0.749074	0.250926	0.5369576
2862	-2622.68	-2726.331	103.6514	1.748045	0.9543533	0.3274893	0.713522	0.286478	0.5508279
2868	-2629.909	-2733.89	103.9809	1.570171	0.9543533	0.2634663	0.691015	0.308985	0.5467696
2874	-2628.924	-2732.723	103.7987	1.661106	0.8389541	0.3585354	0.674993	0.325007	0.5429186
2880	-2648.603	-2751.791	103.1875	1.852426	1.242907	0.3688917	0.814488	0.185512	0.5613684
2886	-2635.502	-2738.085	102.5833	1.839393	2.162589	0.3688917	0.751062	0.248938	0.5315326
2892	-2636.163	-2738.67	102.5065	1.934848	2.162589	0.3604983	0.781792	0.218208	0.4855769
2898	-2637.623	-2740.479	102.8554	1.848261	1.541377	0.4253294	0.819829	0.180171	0.4768682
2904	-2639.051	-2742.467	103.4161	1.527455	1.285973	0.3216479	0.754037	0.245963	0.8480168
2910	-2630.942	-2734.272	103.3294	1.70116	1.411615	0.3129252	0.742249	0.257751	0.4886746
2916	-2643.266	-2745.819	102.5534	1.738935	2.129925	0.4466307	0.807615	0.192385	0.5342698
2922	-2628.794	-2732.089	103.2952	1.613362	1.313105	0.3759731	0.744611	0.255389	0.7037122
2928	-2636.993	-2740.539	103.546	1.612352	1.25698	0.2709554	0.84851	0.15149	0.752796
2934	-2632.435	-2735.986	103.5504	1.40899	1.25698	0.3111563	0.793629	0.206371	0.8858171
2940	-2626.066	-2730.463	104.3973	1.461225	0.6082687	0.2793017	0.680007	0.319993	0.7229297
2946	-2631.131	-2735.588	104.4571	1.539937	0.5844243	0.2398386	0.68943	0.31057	0.7182429
2952	-2633.16	-2736.583	103.4233	1.750753	1.504258	0.2254911	0.770565	0.229435	0.5579861
2958	-2623.622	-2727.238	103.6154	1.606943	1.419807	0.2254911	0.814217	0.185783	0.6103156
2964	-2632.983	-2736.334	103.3507	1.215557	1.187973	0.4491393	0.774933	0.225067	1.066468
2970	-2626.933	-2730.407	103.4731	1.572387	1.100576	0.3819161	0.758313	0.241687	0.760365
2976	-2630.344	-2733.82	103.4763	1.603398	1.264733	0.2714936	0.76211	0.23789	0.847288
2982	-2630.05	-2733.472	103.4222	1.247015	1.082081	0.3348882	0.693473	0.306527	1.257589
2988	-2614.592	-2717.885	103.2926	1.283429	1.082081	0.3454763	0.789537	0.210463	1.31516
2994	-2630.844	-2734.532	103.688	1.51853	1.082081	0.2135363	0.789537	0.210463	1.049046
3000	-2619.027	-2722.944	103.9164	1.478579	0.7293734	0.3138098	0.789537	0.210463	0.989628
3006	-2616.993	-2720.312	103.319	1.463575	1.433229	0.2956795	0.755717	0.244283	0.9640114
3012	-2621.753	-2724.817	103.0643	1.428133	1.496659	0.4760412	0.813818	0.186182	0.8319189
3018	-2627.118	-2730.94	103.8217	1.692389	0.8109706	0.3354784	0.833888	0.166112	0.6335315
3024	-2626.23	-2729.951	103.721	1.727974	0.9145042	0.323038	0.657404	0.342596	0.5617319
3030	-2637.821	-2742.228	104.4069	1.523917	0.6788378	0.1897824	0.75071	0.24929	0.8282482
3036	-2629.037	-2732.782	103.7451	1.408668	1.061302	0.2916522	0.732513	0.267487	0.9153627
3042	-2626.12	-2729.285	103.1647	1.870836	1.030445	0.4741318	0.721776	0.278224	0.4382585
3048	-2629.361	-2733.083	103.722	1.866868	0.8556597	0.2868218	0.699818	0.300182	0.4178404
3054	-2631.699	-2735.39	103.6909	1.869362	0.8556597	0.290302	0.739147	0.260853	0.3783487
3060	-2633.119	-2736.37	103.251	1.891761	1.389312	0.2644688	0.878867	0.121133	0.404099
3066	-2624.694	-2727.612	102.9176	1.897466	1.371187	0.4315363	0.839372	0.160628	0.4463424
3072	-2627.889	-2730.746	102.8576	1.92083	1.345775	0.4511769	0.766672	0.233328	0.3914979
3078	-2625.897	-2729.058	103.1605	1.834716	1.345775	0.3488541	0.833203	0.166797	0.437426
3084	-2639.237	-2742.315	103.0783	2.007938	1.292364	0.3259391	0.684595	0.315405	0.4315393
3090	-2627.505	-2730.903	103.3979	2.003841	0.95479	0.3012004	0.735049	0.264951	0.344449
3096	-2625.831	-2728.757	102.9257	1.80413	1.218352	0.5593398	0.805496	0.194504	0.5456694
3102	-2635.565	-2738.57	103.0053	1.720598	1.218352	0.5593398	0.795993	0.204007	0.5651648
3108	-2628.591	-2730.895	102.3036	1.780232	2.165463	0.5593398	0.789737	0.210263	0.5515761
3114	-2623.365	-2726.309	102.9432	1.655967	1.264386	0.5593398	0.764967	0.235033	0.7514296
3120	-2633.965	-2737.042	103.0772	1.441636	1.329156	0.5593398	0.774831	0.225169	0.7900724
3126	-2632.952	-2735.619	102.6661	1.473203	1.603718	0.5794829	0.786874	0.213126	0.9584101
3132	-2630.687	-2734.048	103.3604	1.473203	1.099391	0.3835295	0.811145	0.188855	1.004484
3138	-2634.371	-2737.057	102.6864	1.150131	1.760223	0.3835295	0.835448	0.164552	1.42208
3144	-2631.519	-2734.168	102.6487	1.187836	1.760223	0.3835295	0.829946	0.170054	1.42208
3150	-2646.637	-2750.461	103.8237	1.017554	0.9849422	0.1961828	0.807129	0.192871	1.475116
3156	-2634.673	-2737.881	103.2082	1.074011	0.9849422	0.22677	0.728954	0.271046	1.813663
3162	-2630.483	-2733.507	103.0244	0.982323	1.089478	0.2948411	0.728954	0.271046	1.813663
3168	-2632.797	-2735.225	102.429	0.9830434	1.675612	0.2888935	0.776208	0.223792	1.913406
3174	-2632.583	-2734.813	102.2302	0.8498341	1.675612	0.2888935	0.723053	0.276947	2.133947
3180	-2639.936	-2742.963	103.0272	1.35155	1.45053	0.3921561	0.778568	0.221432	1.14009
3186	-2636.166	-2739	102.8346	1.410518	1.741505	0.3752775	0.6994	0.3006	1.106831
3192	-2627.751	-2730.466	102.7145	1.253705	1.741505	0.4113008	0.838794	0.161206	1.284609
3198	-2626.879	-2730.408	103.5293	1.252036	1.087075	0.3219682	0.769275	0.230725	1.182609
3204	-2621.721	-2725.17	103.4493	1.329779	1.087075	0.3230022	0.823842	0.176158	1.182609
3210	-2629.009	-2732.291	103.2817	1.17633	1.186257	0.3318732	0.705512	0.294488	1.357159
3216	-2622.032	-2725.524	103.4923	1.089475	0.9251078	0.2867096	0.777635	0.222365	1.533889
3222	-2627.882	-2730.791	102.9088	0.9652609	1.299613	0.3739702	0.779059	0.220941	1.656575
3228	-2626.965	-2729.958	102.993	1.103953	1.299613	0.3345731	0.794905	0.205095	1.554508
3234	-2617.274	-2720.693	103.4193	1.218864	1.299613	0.2747467	0.793595	0.206405	1.24002
3240	-2620.624	-2723.766	103.1421	1.295872	1.299613	0.3265535	0.775504	0.224496	1.305477
3246	-2620.823	-2724.274	103.4511	1.519711	1.21928	0.3265535	0.775504	0.224496	0.8697238
3252	-2626.225	-2729.447	103.2224	1.538904	1.583543	0.3265535	0.741523	0.258477	0.7761088
3258	-2632.14	-2736.026	103.8864	1.518084	0.8989072	0.3061442	0.788606	0.211394	0.7676435
3264	-2620.725	-2724.096	103.3711	1.056268	1.158382	0.2962989	0.754493	0.245507	1.462467
3270	-2616.049	-2719.753	103.7037	1.138089	0.7966994	0.2962989	0.738104	0.261896	1.428888
3276	-2617.871	-2721.228	103.3575	1.148543	0.937318	0.3852551	0.721261	0.278739	1.419516
3282	-2630.962	-2734.432	103.4704	1.212046	1.110811	0.33861	0.741845	0.258155	1.217179
3288	-2621.876	-2724.887	103.0119	1.3471	1.634	0.33861	0.812716	0.187284	1.137903
3294	-2626.253	-2729.434	103.1815	1.43557	1.634	0.33861	0.798585	0.201415	0.8807653
3300	-2628.749	-2731.982	103.2328	1.428147	1.617993	0.33861	0.814082	0.185918	0.8416212
3306	-2624.044	-2727.457	103.4123	1.459083	1.14794	0.4166673	0.705752	0.294248	0.8449607
3312	-2634.557	-2737.886	103.3293	1.493458	1.34597	0.3562979	0.832914	0.167086	0.8449607
3318	-2633.354	-2735.826	102.4719	1.395949	2.149825	0.5290014	0.812711	0.187289	0.9695732
3324	-2629.675	-2732.495	102.8199	1.344158	2.149825	0.3643019	0.812711	0.187289	0.9695732
3330	-2632.235	-2735.395	103.1595	1.372439	1.580228	0.3643019	0.762342	0.237658	0.9561016
3336	-2621.992	-2725.094	103.1025	1.309928	1.54201	0.340062	0.850035	0.149965	1.145108
3342	-2623.408	-2726.556	103.1486	1.273095	1.55389	0.340062	0.821615	0.178385	1.129187
3348	-2628.946	-2732.282	103.336	1.361035	1.225806	0.2977824	0.787429	0.212571	1.195615
3354	-2634.268	-2736.81	102.5418	1.120468	1.361052	0.5294316	0.757271	0.242729	1.573285
3360	-2623.937	-2726.547	102.6109	1.159397	1.285076	0.5294316	0.757271	0.242729	1.538972
3366	-2629.651	-2731.942	102.291	1.09015	1.508455	0.5331313	0.667147	0.332853	1.690961
3372	-2628.992	-2731.619	102.6265	0.9832112	1.258223	0.3130798	0.742488	0.257512	1.95335
3378	-2633.525	-2736.682	103.1564	0.9890494	1.14903	0.3130798	0.742488	0.257512	1.647995
3384	-2636.076	-2739.028	102.9517	1.017293	1.074015	0.4216329	0.742488	0.257512	1.66475
3390	-2633.315	-2736.703	103.3876	1.191098	1.606244	0.2233615	0.75475	0.24525	1.20876
3396	-2636.96	-2740.263	103.3032	1.441164	1.610128	0.2378316	0.862459	0.137541	1.019592
3402	-2631.113	-2733.73	102.6167	1.286101	2.3587	0.3274676	0.859191	0.140809	1.183076
3408	-2630.732	-2733.579	102.8471	1.23604	1.930514	0.3806256	0.852382	0.147618	1.136223
3414	-2632.5	-2735.392	102.8924	1.371414	1.930514	0.3160605	0.814475	0.185525	1.096372
3420	-2622.267	-2725.305	103.038	1.288781	1.529356	0.3553288	0.793763	0.206237	1.199496
3426	-2629.704	-2732.765	103.0614	1.312763	1.529356	0.3080817	0.708499	0.291501	1.246783
3432	-2626.353	-2729.443	103.0904	1.327324	1.529356	0.4019205	0.759242	0.240758	1.032415
3438	-2629.105	-2732.42	103.3145	1.364042	1.136966	0.4019205	0.789413	0.210587	1.085653
3444	-2625.286	-2728.604	103.3179	1.232467	1.136966	0.4019205	0.770808	0.229192	1.199652
3450	-2635.985	-2739.667	103.6815	1.133534	0.8366653	0.2783386	0.737838	0.262162	1.446826
3456	-2630.191	-2733.472	103.2813	1.17501	1.102666	0.2783386	0.750499	0.249501	1.511316
3462	-2630.393	-2733.589	103.1961	1.159877	1.102666	0.3785507	0.78922	0.21078	1.419743
3468	-2631.271	-2734.485	103.2134	1.089566	1.102666	0.3546053	0.722295	0.277705	1.497297
3474	-2630.174	-2733.922	103.7481	1.009416	0.798694	0.2845797	0.687061	0.312939	1.512116
3480	-2634.986	-2738.251	103.2645	1.142753	1.194333	0.2783605	0.81608	0.18392	1.486151
3486	-2634.441	-2737.528	103.0871	1.225973	1.194333	0.3892922	0.801809	0.198191	1.372239
3492	-2633.914	-2737.423	103.509	1.193976	0.9680661	0.30627	0.801809	0.198191	1.372239
3498	-2627.978	-2731.552	103.5741	1.330777	1.01055	0.2836263	0.806173	0.193827	1.216234
3504	-2636.041	-2739.229	103.188	1.524919	1.619881	0.3348266	0.762916	0.237084	0.7829476
3510	-2634.318	-2737.508	103.1897	1.456459	1.526715	0.3348266	0.821481	0.178519	0.9414693
3516	-2626.589	-2730.636	104.0473	1.39954	0.8527481	0.2807719	0.745021	0.254979	0.8569255
3522	-2630.658	-2734.583	103.9245	1.455208	0.8527481	0.2807719	0.6717	0.3283	0.9330552
3528	-2625.718	-2729.29	103.5719	1.369483	1.285576	0.2807719	0.77861	0.22139	0.9576172
3534	-2628.546	-2731.939	103.3934	1.420671	1.285576	0.3630796	0.795914	0.204086	0.8963783
3540	-2629.461	-2733.036	103.5753	1.472965	1.285576	0.2604722	0.690795	0.309205	0.8963783
3546	-2629.258	-2732.641	103.383	1.581431	1.285576	0.3113433	0.690795	0.309205	0.8513472
3552	-2625.882	-2729.333	103.4511	1.466584	1.228511	0.3113433	0.718922	0.281078	0.957444
3558	-2626.78	-2730.296	103.5161	1.380011	1.192039	0.3350605	0.764654	0.235346	0.9579049
3564	-2630.777	-2734.103	103.3265	1.41039	1.192039	0.4580109	0.791753	0.208247	0.869333
3570	-2627.995	-2731.767	103.7726	1.364203	1.146498	0.2044937	0.773203	0.226797	1.083606
3576	-2625.984	-2729.199	103.215	1.331143	1.544491	0.3465618	0.802843	0.197157	1.00526
3582	-2627.173	-2730.366	103.1924	1.44517	1.544491	0.2746245	0.785942	0.214058	1.075472
3588	-2623.68	-2726.887	103.2067	1.410671	1.544491	0.2747427	0.8221	0.1779	1.093881
3594	-2636.628	-2739.47	102.8417	1.242645	1.544491	0.4376139	0.664011	0.335989	1.259973
3600	-2628.913	-2732.488	103.575	1.190511	0.8700976	0.3110278	0.75284	0.24716	1.396495
3606	-2625.316	-2728.318	103.0021	1.288953	1.963792	0.2997849	0.76221	0.23779	1.087302
3612	-2634.752	-2737.818	103.0656	1.403914	1.291647	0.3905515	0.829814	0.170186	1.173094
3618	-2623.99	-2727.136	103.1464	1.328483	1.401625	0.3905515	0.778801	0.221199	1.089629
3624	-2627.651	-2731.095	103.4437	1.312684	1.020222	0.3723606	0.812832	0.187168	1.167282
3630	-2630.631	-2733.72	103.089	1.331766	1.693409	0.299562	0.835512	0.164488	1.12488
3636	-2633.105	-2735.71	102.6049	1.314104	1.795142	0.4658098	0.69138	0.30862	1.214406
3642	-2629.501	-2732.873	103.3717	1.216001	1.342266	0.3394409	0.777462	0.222538	1.12484
3648	-2636.286	-2739.671	103.3852	1.292207	1.342266	0.2229787	0.765819	0.234181	1.291332
3654	-2628.793	-2732.008	103.215	1.156051	1.545162	0.2335922	0.865822	0.134178	1.389776
3660	-2629.904	-2733.101	103.1962	1.241841	1.345145	0.3793609	0.822381	0.177619	1.181971
3666	-2625.504	-2729	103.4963	1.304851	1.0709	0.3047387	0.775161	0.224839	1.212206
3672	-2624.26	-2727.342	103.082	1.1712	1.294262	0.2779452	0.797055	0.202945	1.538686
3678	-2627.588	-2731.195	103.6071	1.426835	1.104507	0.2486789	0.726011	0.273989	1.100653
3684	-2628.363	-2732.269	103.9059	1.347139	0.8882858	0.3086839	0.837689	0.162311	0.9558264
3690	-2621.028	-2724.927	103.8981	1.265019	0.8852189	0.3086839	0.798955	0.201045	1.048955
3696	-2627.514	-2730.927	103.4132	1.183869	1.071665	0.4041515	0.829167	0.170833	1.207895
3702	-2630.514	-2733.61	103.0956	1.325134	1.66467	0.3010691	0.839676	0.160324	1.139031
3708	-2633.515	-2736.459	102.9444	1.398184	1.899377	0.2758185	0.818075	0.181925	1.127952
3714	-2631.659	-2734.476	102.817	1.395142	1.899377	0.4333403	0.843291	0.156709	0.9317604
3720	-2629.591	-2732.63	103.0386	1.339764	1.594068	0.3019883	0.766389	0.233611	1.216261
3726	-2631.731	-2734.371	102.6393	1.241619	1.594068	0.5190122	0.799209	0.200791	1.284068
3732	-2620.986	-2724.204	103.2181	1.213799	1.270973	0.3089506	0.686571	0.313429	1.360956
3738	-2624.503	-2728.363	103.8603	1.207839	0.7642687	0.3666243	0.79005	0.20995	1.14947
3744	-2628.668	-2732.412	103.7444	1.013662	0.8433947	0.2285689	0.706967	0.293033	1.580106
3750	-2628.243	-2732.133	103.8899	1.203073	0.9484035	0.179474	0.755065	0.244935	1.349327
3756	-2634.822	-2738.873	104.0506	1.245722	0.7282257	0.3310005	0.708835	0.291165	1.05028
3762	-2637.191	-2741.096	103.9051	1.141297	0.7623049	0.3007825	0.734674	0.265326	1.291509
3768	-2639.384	-2743.586	104.2015	1.137398	0.7623049	0.2538446	0.809607	0.190393	1.140754
3774	-2628.711	-2732.014	103.3024	1.486129	1.519743	0.3025535	0.759443	0.240557	0.8689541
3780	-2634.63	-2738.349	103.7194	1.486129	1.023588	0.3025535	0.873475	0.126525	0.8689541
3786	-2630.567	-2734.218	103.6504	1.432719	1.049022	0.3243817	0.702872	0.297128	0.9234577
3792	-2632.384	-2734.799	102.4151	0.961092	1.972399	0.4080728	0.774105	0.225895	1.631327
3798	-2630.259	-2732.89	102.6315	0.9805684	1.972399	0.233642	0.825474	0.174526	1.743521
3804	-2630.573	-2733.205	102.6315	0.9805684	1.972399	0.233642	0.838214	0.161786	1.743521
3810	-2624.55	-2728.141	103.5911	1.404703	1.182177	0.3095965	0.821998	0.178002	0.9211733
3816	-2622.753	-2726.509	103.7558	1.528786	0.9054881	0.3478461	0.783518	0.216482	0.7964378
3822	-2632.479	-2735.988	103.5084	1.634944	1.315324	0.2725056	0.849636	0.150364	0.6924763
3828	-2632.729	-2736.478	103.749	1.624638	1.0744	0.275374	0.805227	0.194773	0.6396953
3834	-2626.566	-2729.021	102.4551	0.9516582	1.2188	0.4007973	0.78516	0.21484	1.989263
3840	-2631.031	-2734.336	103.3049	1.021297	1.028922	0.34972	0.692936	0.307064	1.540081
3846	-2629.828	-2733.011	103.1831	1.173012	1.028922	0.3734764	0.809678	0.190322	1.481049
3852	-2634.091	-2737.87	103.7795	1.333732	1.028922	0.2356202	0.726183	0.273817	1.125612
3858	-2629.122	-2732.773	103.6513	1.292613	1.07554	0.3086381	0.789097	0.210903	1.073301
3864	-2626.609	-2729.801	103.1921	1.379931	1.471726	0.3489036	0.733672	0.266328	1.027278
3870	-2626.835	-2730.684	103.8488	1.485458	0.9209794	0.3251975	0.736262	0.263738	0.7726715
3876	-2619.96	-2723.583	103.6227	1.603789	1.062661	0.3301516	0.762533	0.237467	0.7013148
3882	-2618.57	-2721.906	103.3361	1.517358	1.296703	0.4216522	0.790489	0.209511	0.6671996
3888	-2619.003	-2722.536	103.5336	1.561983	1.178762	0.2958536	0.787591	0.212409	0.8463226
3894	-2624.618	-2728.148	103.5301	1.568803	1.178762	0.2958536	0.824649	0.175351	0.8423018
3900	-2628.165	-2730.847	102.682	1.378724	1.975501	0.4026045	0.839446	0.160554	1.093204
3906	-2622.76	-2725.468	102.7084	1.336762	1.975501	0.3782677	0.839446	0.160554	1.150263
3912	-2628.428	-2730.945	102.517	1.054138	1.647737	0.3782677	0.754623	0.245377	1.681096
3918	-2627.133	-2729.592	102.4586	1.001967	1.575979	0.3875966	0.842355	0.157645	1.78088
3924	-2633.56	-2736.81	103.2503	1.476221	1.359582	0.3932977	0.805821	0.194179	0.8581625
3930	-2629.691	-2732.477	102.7856	1.229296	1.747577	0.3601492	0.748332	0.251668	1.325564
3936	-2630.963	-2734.018	103.0552	1.334622	1.235185	0.3129638	0.827363	0.172637	1.410347
3942	-2622.363	-2726.489	104.1257	1.574441	0.7200241	0.2939382	0.676083	0.323917	0.6736288
3948	-2624	-2728.091	104.0915	1.568429	0.7200241	0.2939382	0.697782	0.302218	0.7422087
3954	-2630.652	-2734.466	103.8136	1.581536	0.8211399	0.3581648	0.780297	0.219703	0.7422087
3960	-2633.664	-2737.058	103.3935	1.708127	1.361117	0.2908374	0.812636	0.187364	0.6064091
3966	-2630.937	-2734.691	103.7541	1.728134	0.9388291	0.2908374	0.7987	0.2013	0.6124154
3972	-2636.378	-2740.723	104.3455	1.271352	0.5774853	0.2232618	0.775644	0.224356	1.187701
3978	-2630.123	-2734.327	104.2032	1.188862	0.5551851	0.2893339	0.712173	0.287827	1.262137
3984	-2625.459	-2728.97	103.5107	1.312299	1.127969	0.2893339	0.799594	0.200406	1.178865
3990	-2620.632	-2724.176	103.5436	1.300233	1.136666	0.2546262	0.699428	0.300572	1.227876
3996	-2623.308	-2726.998	103.6905	1.489065	1.136666	0.2748119	0.775935	0.224065	0.8515686
4002	-2631.043	-2734.801	103.7582	1.809193	0.8390192	0.309464	0.614167	0.385833	0.4654426
4008	-2630.181	-2733.95	103.7686	1.793069	0.8390192	0.309464	0.761793	0.238207	0.4384096
4014	-2630.479	-2734.195	103.7151	1.754258	0.9288074	0.309464	0.75635	0.24365	0.5324907
4020	-2633.203	-2737.016	103.8128	1.738586	0.9288074	0.2734832	0.762859	0.237141	0.5542053
4026	-2624.026	-2727.852	103.8254	1.738586	0.8368221	0.312625	0.709467	0.290533	0.525358
4032	-2622.65	-2726.131	103.4812	1.711518	1.099113	0.3559194	0.760324	0.239676	0.5685916
4038	-2625.599	-2728.926	103.3271	1.711518	1.269084	0.3559194	0.741729	0.258271	0.5846486
4044	-2628.833	-2732.052	103.2196	1.244637	1.321263	0.2690626	0.782315	0.217685	1.377984
4050	-2630.796	-2734.183	103.3876	1.174608	1.101451	0.3922079	0.800036	0.199964	1.233309
4056	-2635.319	-2738.415	103.0963	1.300464	1.101451	0.4682589	0.823069	0.176931	1.254844
4062	-2637.105	-2740.344	103.239	1.646873	1.220875	0.4530654	0.797674	0.202326	0.6074828
4068	-2632.779	-2735.924	103.145	1.673576	1.238087	0.4834656	0.870581	0.129419	0.6074828
4074	-2634.684	-2738.664	103.9805	1.564916	0.9473995	0.2541399	0.76749	0.23251	0.6569012
4080	-2628.084	-2732.33	104.2454	1.65237	0.7207202	0.2228272	0.647493	0.352507	0.6401439
4086	-2621.257	-2725.262	104.0049	1.731749	0.7207202	0.2858783	0.701528	0.298472	0.6349602
4092	-2629.214	-2733.441	104.2272	1.590764	0.7010055	0.2475652	0.803209	0.196791	0.7131486
4098	-2634.713	-2738.799	104.0861	1.550793	0.7010055	0.3261151	0.717359	0.282641	0.6998837
4104	-2633.693	-2737.256	103.5627	1.610736	1.133002	0.3356483	0.691518	0.308482	0.6544621
4110	-2635.98	-2739.519	103.5393	1.598747	1.133002	0.3462338	0.765872	0.234128	0.6799774
4116	-2621.652	-2725.266	103.6144	1.598747	1.163596	0.2960459	0.746477	0.253523	0.6968746
4122	-2635.981	-2740.378	104.3971	1.691781	0.6179095	0.2033633	0.764276	0.235724	0.6475936
4128	-2626.008	-2729.512	103.5046	1.639917	1.023892	0.4020211	0.764276	0.235724	0.6475936
4134	-2629.674	-2732.567	102.8928	1.512902	1.652582	0.4020211	0.896434	0.103566	0.9573329
4140	-2629.317	-2732.328	103.011	1.446946	1.522406	0.4385065	0.821406	0.178594	0.9267426
4146	-2627.188	-2730.382	103.1941	1.466623	1.522406	0.2637155	0.806894	0.193106	1.094028
4152	-2625.345	-2728.594	103.2494	1.506016	1.522406	0.3231951	0.846234	0.153766	0.8501866
4158	-2619.623	-2723.552	103.9282	1.492394	0.974214	0.2421547	0.779294	0.220706	0.8501866
4164	-2617.87	-2721.626	103.7557	1.679078	0.974214	0.2719713	0.779294	0.220706	0.7255
4170	-2622.38	-2726.091	103.7107	1.609239	0.974214	0.3208062	0.760411	0.239589	0.7255
4176	-2624.051	-2727.524	103.4731	1.603364	1.26755	0.3311437	0.759673	0.240327	0.6309041
4182	-2626.63	-2729.828	103.1983	1.387116	1.542834	0.3527948	0.780028	0.219972	0.9529411
4188	-2624.943	-2728.464	103.5211	1.435391	0.9711199	0.4188218	0.775306	0.224694	0.9366982
4194	-2626.491	-2729.836	103.3453	1.687577	1.222259	0.3651445	0.74235	0.25765	0.6535926
4200	-2623.151	-2726.723	103.5723	1.50582	1.213753	0.2927998	0.799932	0.200068	0.839089
4206	-2632.037	-2735.599	103.5621	1.205092	1.213753	0.3017722	0.79274	0.20726	1.135099
4212	-2624.547	-2728.035	103.4879	1.438787	1.213753	0.3017722	0.756162	0.243838	0.9839008
4218	-2624.262	-2727.689	103.4276	1.527774	1.401644	0.3017722	0.728827	0.271173	0.7706579
4224	-2628.603	-2732.343	103.7408	1.547456	1.019205	0.3017722	0.777834	0.222166	0.7706579
4230	-2628.551	-2732.711	104.1593	1.58009	0.6193228	0.331344	0.740894	0.259106	0.6944971
4236	-2633.882	-2738.047	104.1649	1.508315	0.6319777	0.3539735	0.83839	0.16161	0.6944971
4242	-2644.065	-2747.593	103.5277	1.352677	1.121447	0.3604011	0.723459	0.276541	0.9840152
4248	-2649.963	-2753.596	103.6334	1.3984	0.8374689	0.3433607	0.723459	0.276541	1.148211
4254	-2651.085	-2754.323	103.2376	1.690097	1.238668	0.4257258	0.787447	0.212553	0.5836483
4260	-2629.849	-2733.098	103.2494	1.286516	1.443629	0.2654489	0.800324	0.199676	1.25009
4266	-2631.127	-2733.933	102.8056	1.205525	1.525948	0.2856038	0.826714	0.173286	1.571684
4272	-2637.488	-2740.387	102.8991	1.244523	1.286926	0.3078711	0.784726	0.215274	1.571684
4278	-2632.745	-2735.606	102.8616	0.9346546	1.249516	0.3768185	0.784726	0.215274	1.737214
4284	-2631.02	-2733.799	102.7796	1.817759	1.494243	0.4977454	0.812428	0.187572	0.5916733
4290	-2637.777	-2740.955	103.1777	1.143145	1.312353	0.3543759	0.752111	0.247889	1.343222
4296	-2633.917	-2737.104	103.1873	1.133575	1.312353	0.3543759	0.854034	0.145966	1.343222
4302	-2629.686	-2733.009	103.3233	1.471275	1.31725	0.3627981	0.845283	0.154717	0.8896362
4308	-2631.873	-2735.038	103.1649	1.393532	1.31725	0.3627981	0.809911	0.190089	1.125116
4314	-2633.643	-2737.111	103.4677	1.055758	0.824561	0.3472029	0.700547	0.299453	1.558461
4320	-2638.596	-2742.165	103.5695	1.530005	1.058233	0.3798949	0.65825	0.34175	0.7455101
4326	-2638.998	-2742.571	103.5726	1.47299	1.271831	0.2777059	0.775823	0.224177	0.862825
4332	-2640.279	-2743.821	103.5413	1.499699	1.271831	0.2777059	0.748117	0.251883	0.8682278
4338	-2634.687	-2738.364	103.6773	1.439264	1.271831	0.2777059	0.791411	0.208589	0.7711447
4344	-2631.686	-2735.193	103.507	1.492821	1.187838	0.3546581	0.723112	0.276888	0.7918876
4350	-2638.465	-2742.12	103.6544	1.612969	1.079338	0.292965	0.723112	0.276888	0.7463349
4356	-2633.084	-2736.639	103.5544	1.612969	0.9069807	0.4395325	0.721646	0.278354	0.7006925
4362	-2628.34	-2732.212	103.8712	1.601075	0.9069807	0.3022379	0.757973	0.242027	0.6529852
4368	-2631.289	-2734.442	103.1531	1.880207	1.098904	0.4426321	0.888003	0.111997	0.5170779
4374	-2632.689	-2735.605	102.9159	1.889511	1.365251	0.4426321	0.826913	0.173087	0.5153986
4380	-2631.337	-2734.496	103.1589	1.885353	1.488141	0.2775137	0.748051	0.251949	0.4258817
4386	-2633.761	-2737.021	103.2594	1.794646	1.488141	0.2784537	0.816317	0.183683	0.5089526
4392	-2630.366	-2733.397	103.0306	1.113969	1.315327	0.3328844	0.822824	0.177176	1.512433
4398	-2635.01	-2737.438	102.4277	1.047209	1.507054	0.3328844	0.830808	0.169192	1.882945
4404	-2627.674	-2731.327	103.6533	1.538254	1.123397	0.314382	0.760422	0.239578	0.7234067
4410	-2628.032	-2731.588	103.5554	1.680852	1.123397	0.314382	0.794115	0.205885	0.6390589
4416	-2623.819	-2727.393	103.5742	1.713872	1.068378	0.314382	0.742416	0.257584	0.6381635
4422	-2627.169	-2730.592	103.4231	1.251004	1.213547	0.2674453	0.723055	0.276945	1.285214
4428	-2629.259	-2732.966	103.707	1.350739	1.213547	0.2390248	0.744259	0.255741	1.009607
4434	-2625.645	-2729.107	103.4622	1.465312	1.213547	0.3452467	0.797246	0.202754	0.8788145
4440	-2631.844	-2735.288	103.4444	1.673917	1.004566	0.4144275	0.632982	0.367018	0.6907139
4446	-2628.18	-2731.485	103.3053	1.618149	1.520562	0.3046184	0.82463	0.17537	0.6651151
4452	-2628.103	-2731.31	103.207	1.304154	1.203349	0.3909327	0.811429	0.188571	1.201027
4458	-2628.85	-2732.08	103.2307	1.471114	1.461552	0.3481455	0.821846	0.178154	0.9019116
4464	-2634.901	-2737.601	102.7007	1.36538	2.233004	0.3481455	0.821846	0.178154	1.054884
4470	-2632.805	-2735.686	102.8802	1.309943	2.233004	0.2926565	0.794611	0.205389	1.054884
4476	-2627.608	-2730.915	103.3074	1.43146	1.186842	0.4237343	0.768056	0.231944	0.9413511
4482	-2620.212	-2723.999	103.7876	1.690002	1.106612	0.2282861	0.744385	0.255615	0.6109773
4488	-2623.636	-2727.655	104.0191	1.74308	0.7628543	0.2666431	0.787817	0.212183	0.4949556
4494	-2623.691	-2727.868	104.177	1.463383	0.7628543	0.2666431	0.709277	0.290723	0.7891037
4500	-2628.7	-2732.614	103.914	1.518605	0.955605	0.2884515	0.868801	0.131199	0.6935968
4506	-2624.029	-2727.601	103.5725	1.637025	1.040944	0.3516531	0.792787	0.207213	0.6865446
4512	-2624.266	-2728.011	103.7447	1.630798	0.9175036	0.3382765	0.716369	0.283631	0.6633762
4518	-2631.168	-2734.985	103.8167	1.506976	0.9175036	0.2914712	0.843456	0.156544	0.8879892
4524	-2628.225	-2731.907	103.6824	1.498487	1.214756	0.2698648	0.8387	0.1613	0.7760388
4530	-2623.078	-2726.491	103.4135	1.460582	1.214756	0.3640835	0.764604	0.235396	0.893764
4536	-2612.984	-2716.647	103.6634	1.479329	1.214756	0.2823637	0.716721	0.283279	0.7863738
4542	-2621.492	-2724.924	103.4325	1.540932	1.249505	0.3440516	0.812521	0.187479	0.7858874
4548	-2621.089	-2724.479	103.3905	1.666613	1.249505	0.3440516	0.785739	0.214261	0.6462331
4554	-2625.078	-2728.62	103.5423	1.36783	1.211622	0.2853892	0.83622	0.16378	1.040349
4560	-2631.84	-2734.799	102.9596	1.280217	1.712064	0.3444557	0.83622	0.16378	1.185306
4566	-2632.027	-2735.606	103.5783	1.293378	1.182735	0.3444557	0.831768	0.168232	0.9708182
4572	-2632.574	-2736.883	104.3087	1.789781	0.6248314	0.2062713	0.69317	0.30683	0.5683157
4578	-2631.93	-2735.623	103.6931	1.778134	0.9960182	0.2800974	0.756921	0.243079	0.5095239
4584	-2626.026	-2729.554	103.5275	1.781522	1.086671	0.3057507	0.781095	0.218905	0.5874398
4590	-2629.742	-2732.988	103.2453	1.404497	1.236184	0.4436258	0.792646	0.207354	0.9520147
4596	-2617.989	-2721.462	103.4727	1.272603	1.133512	0.2600895	0.708461	0.291539	1.300217
4602	-2618.406	-2721.859	103.4537	1.272399	1.133512	0.3025113	0.715697	0.284303	1.23082
4608	-2622.406	-2725.582	103.1763	1.217037	1.20322	0.3025113	0.802537	0.197463	1.447211
4614	-2623.753	-2727.358	103.6043	1.225361	0.9379291	0.3025113	0.722446	0.277554	1.303002
4620	-2626.845	-2730.689	103.8439	1.174264	0.8364511	0.3025113	0.825959	0.174041	1.239127
4626	-2636.171	-2739.267	103.0963	1.037492	1.244531	0.3025113	0.832746	0.167254	1.613702
4632	-2624.358	-2727.477	103.119	1.563744	1.677433	0.3281637	0.835273	0.164727	0.7904133
4638	-2626.789	-2730.314	103.5248	1.496978	1.084417	0.3616733	0.65745	0.34255	0.8644335
4644	-2626.418	-2730.201	103.7834	1.500394	0.9027421	0.3616733	0.768652	0.231348	0.7614286
4650	-2623.858	-2728.011	104.1535	1.594724	0.6583699	0.303136	0.692862	0.307138	0.6950873
4656	-2628.108	-2732.609	104.5013	1.62066	0.5305868	0.2382229	0.692862	0.307138	0.6469435
4662	-2627.369	-2730.042	102.6738	1.269337	1.367848	0.3999781	0.765019	0.234981	1.528836
4668	-2631.102	-2734.391	103.289	1.319929	1.105968	0.3999781	0.76743	0.23257	1.176934
4674	-2626.959	-2730.413	103.4534	1.229419	1.107638	0.2925774	0.825051	0.174949	1.3054
4680	-2630.349	-2733.54	103.191	1.030349	1.035751	0.3011268	0.825051	0.174949	1.689113
4686	-2635.575	-2738.648	103.0728	1.102976	0.9982845	0.3218259	0.713648	0.286352	1.714219
4692	-2635.705	-2738.793	103.0878	1.05031	1.217744	0.3218259	0.689948	0.310052	1.595293
4698	-2621.353	-2724.473	103.1197	1.056158	1.260415	0.3218259	0.70655	0.29345	1.540993
4704	-2628.099	-2731.118	103.0195	1.076857	1.260415	0.3588265	0.70655	0.29345	1.540993
4710	-2631.053	-2733.737	102.6839	1.581311	1.91324	0.3924707	0.825095	0.174905	0.9483773
4716	-2629.526	-2732.769	103.2425	1.55009	1.266314	0.3400505	0.766453	0.233547	0.987878
4722	-2625.826	-2728.969	103.1431	1.364517	1.336356	0.2977144	0.726043	0.273957	1.277828
4728	-2627.194	-2730.705	103.5108	1.437446	1.32234	0.2281578	0.831461	0.168539	1.056319
4734	-2623.379	-2726.474	103.0958	1.523346	1.32234	0.4216103	0.797401	0.202599	0.951324
4740	-2629.107	-2732.344	103.2375	1.523346	1.306101	0.3986082	0.749456	0.250544	0.8562065
4746	-2624.212	-2727.907	103.6956	1.414887	1.306101	0.2286012	0.776235	0.223765	0.9024924
4752	-2630.899	-2734.096	103.1969	1.584329	1.306101	0.3683073	0.695557	0.304443	0.9022236
4758	-2630.696	-2734.842	104.146	1.584329	0.7938819	0.2489601	0.760424	0.239576	0.6547856
4764	-2624.493	-2728.393	103.8996	1.584329	0.7842153	0.3495992	0.760424	0.239576	0.6972263
4770	-2622.774	-2726.216	103.4415	1.394987	1.241837	0.3223396	0.726827	0.273173	1.003381
4776	-2628.24	-2731.893	103.6531	1.448008	1.241837	0.2835579	0.82377	0.17623	0.807279
4782	-2623.665	-2727.663	103.9986	1.492419	0.7787662	0.2879034	0.69255	0.30745	0.8860027
4788	-2619.137	-2723.454	104.3168	1.433676	0.6030565	0.2879034	0.672005	0.327995	0.8530857
4794	-2614.481	-2718.48	103.9986	1.320546	0.8187484	0.2653489	0.709007	0.290993	1.07055
4800	-2624.7	-2728.462	103.7612	1.785003	0.9145693	0.278677	0.790129	0.209871	0.423451
4806	-2623.912	-2727.62	103.7074	1.847092	0.9145693	0.278677	0.867825	0.132175	0.4526199
4812	-2634.477	-2737.834	103.3571	1.387028	1.528794	0.2517866	0.711507	0.288493	1.039941
4818	-2634.519	-2738.432	103.913	1.452239	0.9445462	0.2405968	0.84996	0.15004	0.951597
4824	-2621.815	-2725.432	103.6171	1.622064	1.07194	0.3336003	0.750645	0.249355	0.6447661
4830	-2630.165	-2733.104	102.9387	1.610057	1.90943	0.3336003	0.774773	0.225227	0.7531364
4836	-2631.613	-2734.601	102.9877	1.624183	1.886137	0.3336003	0.800698	0.199302	0.6707962
4842	-2623.736	-2727.147	103.4103	1.730074	1.245453	0.3220305	0.774177	0.225823	0.5460098
4848	-2627.341	-2730.346	103.0053	1.787921	1.710354	0.3220305	0.724735	0.275265	0.5460098
4854	-2628.425	-2732.224	103.7993	1.693143	1.014185	0.2627381	0.751787	0.248213	0.5460098
4860	-2629.536	-2732.911	103.3753	1.458692	1.449366	0.270071	0.743837	0.256163	0.9622932
4866	-2636.635	-2739.877	103.2422	1.424381	1.429208	0.3101832	0.65131	0.34869	1.04892
4872	-2626.847	-2730.049	103.2022	1.31648	1.586302	0.3101832	0.73155	0.26845	1.080037
4878	-2626.296	-2728.699	102.4029	1.611391	2.74118	0.351354	0.83738	0.16262	0.834404
4884	-2625.804	-2729.063	103.2596	1.578452	1.400397	0.328098	0.766357	0.233643	0.8477225
4890	-2625.869	-2729.126	103.257	1.635957	1.42733	0.328098	0.786721	0.213279	0.7460991
4896	-2623.826	-2727.008	103.1818	1.540547	1.419777	0.3480932	0.835736	0.164264	0.9143944
4902	-2622.096	-2725.32	103.2237	1.396592	1.419777	0.3480932	0.73748	0.26252	1.020179
4908	-2629.26	-2732.391	103.1305	1.355486	1.419777	0.3480932	0.798638	0.201362	1.145058
4914	-2623.125	-2726.221	103.096	1.37157	1.545047	0.3480932	0.798638	0.201362	1.077433
4920	-2621.873	-2725.382	103.5092	1.372877	1.149476	0.3480932	0.707532	0.292468	0.9825355
4926	-2631.622	-2735.423	103.8018	1.293532	0.840062	0.3480932	0.781201	0.218799	1.078736
4932	-2628.005	-2731.768	103.7631	1.32117	0.8861516	0.3480932	0.72528	0.27472	1.04051
4938	-2626.517	-2729.806	103.2892	1.312024	1.442463	0.3378805	0.793538	0.206462	1.043062
4944	-2630.528	-2734.644	104.1166	1.005253	0.5978738	0.2844723	0.565161	0.434839	1.435523
4950	-2632.731	-2736.869	104.1383	1.242515	0.7386556	0.2175192	0.733866	0.266134	1.21535
4956	-2630.978	-2733.858	102.88	1.326976	1.571947	0.412627	0.711647	0.288353	1.178555
4962	-2628.653	-2731.727	103.0732	1.383402	1.571947	0.4044341	0.767903	0.232097	0.9579111
4968	-2626.06	-2730.379	104.3187	1.433578	0.7134332	0.243266	0.811418	0.188582	0.8029972
4974	-2635.95	-2739.265	103.3151	1.379417	1.144391	0.3957233	0.846234	0.153766	1.075718
4980	-2629.52	-2733.304	103.7838	1.315056	0.836026	0.3663907	0.779068	0.220932	1.043788
4986	-2630.06	-2733.084	103.0238	1.315613	1.301575	0.4427475	0.779068	0.220932	1.193864
4992	-2630.324	-2733.821	103.4971	1.218787	0.9764699	0.3995349	0.759068	0.240932	1.193864
4998	-2634.122	-2737.907	103.7853	1.254654	0.8485585	0.2290413	0.728401	0.271599	1.360908
5004	-2643.069	-2746.723	103.654	1.254574	1.010354	0.2290413	0.806408	0.193592	1.329281
5010	-2638.013	-2741.782	103.769	1.310318	0.8462471	0.3353744	0.606383	0.393617	1.112046
5016	-2639.404	-2743.357	103.9531	1.252117	0.8462471	0.2843359	0.71075	0.28925	1.103589
5022	-2629.774	-2733.486	103.7119	1.645303	0.9829809	0.3150443	0.766046	0.233954	0.6664594
5028	-2628.249	-2731.613	103.3641	1.603844	1.354218	0.3150443	0.764849	0.235151	0.7624245
5034	-2627.538	-2731.007	103.4682	1.603844	1.253076	0.3370875	0.775117	0.224883	0.6395073
5040	-2633.252	-2736.727	103.4749	1.56524	1.253076	0.3404365	0.796418	0.203582	0.6893984
5046	-2641.678	-2744.432	102.7543	1.530484	1.893361	0.4857734	0.804323	0.195677	0.7276488
5052	-2627.065	-2730.886	103.8211	1.401345	0.9398645	0.3097281	0.804323	0.195677	0.9271147
5058	-2622.799	-2726.362	103.563	1.378896	0.9532009	0.4197492	0.712194	0.287806	0.9696128
5064	-2622.994	-2726.128	103.1338	1.325346	1.330778	0.3809387	0.745983	0.254017	1.170895
5070	-2635.242	-2738.499	103.2572	1.310258	1.376479	0.4073614	0.760805	0.239195	0.987878
5076	-2633.628	-2736.95	103.3217	1.617098	1.376479	0.2951329	0.775519	0.224481	0.8389802
5082	-2629.746	-2733.282	103.5363	1.545924	1.352855	0.2665426	0.747921	0.252079	0.765637
5088	-2628.493	-2732.227	103.7338	1.507036	1.182724	0.2665426	0.845175	0.154825	0.7412521
5094	-2624.689	-2728.128	103.4396	1.607712	1.182724	0.3640742	0.775038	0.224962	0.6963044
5100	-2621.983	-2725.325	103.3421	1.524826	1.359099	0.3371041	0.81452	0.18548	0.827717
5106	-2630.428	-2733.765	103.3375	1.572781	1.359099	0.3371041	0.786227	0.213773	0.7696472
5112	-2627.121	-2730.392	103.2713	1.369887	1.477152	0.3052494	0.712583	0.287417	1.049546
5118	-2625.477	-2728.68	103.2022	1.280066	1.263805	0.4184879	0.807693	0.192307	1.135067
5124	-2622.064	-2725.878	103.8139	1.591033	1.004395	0.275341	0.76602	0.23398	0.7108035
5130	-2629.773	-2733.968	104.1946	1.592201	0.6752916	0.275341	0.713247	0.286753	0.7037478
5136	-2630.881	-2734.5	103.6188	1.545382	1.054747	0.3624128	0.748336	0.251664	0.7037478
5142	-2624.735	-2728.613	103.8783	1.531736	1.01728	0.2697647	0.804055	0.195945	0.7037478
5148	-2632.428	-2736.494	104.066	1.435202	0.833835	0.2625994	0.804055	0.195945	0.8714486
5154	-2639.92	-2743.748	103.8287	1.376251	1.147673	0.264121	0.806045	0.193955	0.8410462
5160	-2632.98	-2736.284	103.3038	1.199541	1.006064	0.3129532	0.816531	0.183469	1.484575
5166	-2636.476	-2739.196	102.7202	1.247304	1.915352	0.3129532	0.747142	0.252858	1.360595
5172	-2631.172	-2733.929	102.7565	1.171342	1.579566	0.3457683	0.73612	0.26388	1.504351
5178	-2637.352	-2740.211	102.8589	1.275593	1.552886	0.2864302	0.73612	0.26388	1.463784
5184	-2633.513	-2737.276	103.7632	1.186981	0.7932359	0.366765	0.746766	0.253234	1.221087
5190	-2640.317	-2743.375	103.0575	1.228213	1.552886	0.3047936	0.820054	0.179946	1.311682
5196	-2641.73	-2745.21	103.4794	1.387937	1.156506	0.3489854	0.836371	0.163629	0.9892001
5202	-2623.243	-2726.278	103.0347	1.402049	1.632702	0.3896064	0.877972	0.122028	0.9643188
5208	-2626.964	-2729.739	102.7748	1.241308	1.632702	0.3896064	0.725921	0.274079	1.338642
5214	-2634.482	-2737.576	103.0937	1.54236	1.344381	0.4927826	0.786796	0.213204	0.7573226
5220	-2625.205	-2728.107	102.9024	1.237289	1.055978	0.559303	0.804972	0.195028	1.377508
5226	-2631.34	-2734.027	102.6866	1.247673	1.607961	0.3222848	0.834458	0.165542	1.522812
5232	-2633.192	-2735.73	102.5388	1.101742	2.075511	0.3222848	0.843853	0.156147	1.522812
5238	-2633.347	-2736.024	102.6767	1.019787	1.522371	0.3711799	0.825464	0.174536	1.664777
5244	-2626.066	-2728.894	102.8272	1.051131	1.522371	0.4049784	0.739664	0.260336	1.482715
5250	-2635.312	-2738.36	103.0479	1.152063	1.522371	0.3709735	0.802982	0.197018	1.283017
5256	-2646.705	-2749.298	102.5936	1.152063	1.290729	0.4780456	0.741093	0.258907	1.615507
5262	-2637.745	-2741.212	103.4671	1.153744	1.290729	0.2756264	0.710315	0.289685	1.258753
5268	-2630.025	-2733.154	103.1291	1.167654	1.406018	0.2756264	0.758288	0.241712	1.443182
5274	-2636.547	-2740.375	103.8282	1.297178	0.9352323	0.2617476	0.755411	0.244589	1.138507
5280	-2625.097	-2728.191	103.0947	1.35701	1.488726	0.3900948	0.787511	0.212489	1.050378
5286	-2626.364	-2729.422	103.058	1.340789	1.488726	0.2668416	0.788953	0.211047	1.331622
5292	-2626.329	-2729.356	103.0266	1.499972	1.488726	0.3604711	0.797593	0.202407	1.035743
5298	-2622.846	-2726.194	103.3482	1.356774	1.488726	0.3112868	0.797593	0.202407	0.9638997
5304	-2626.831	-2730.352	103.5213	1.167178	0.8681356	0.2991158	0.733903	0.266097	1.478323
5310	-2622.851	-2726.128	103.2761	1.092855	0.8681356	0.2991158	0.746426	0.253574	1.71119
5316	-2625.66	-2729.411	103.7511	1.057675	0.8681356	0.2768091	0.731635	0.268365	1.427312
5322	-2620.577	-2723.486	102.909	0.9587334	1.042088	0.407005	0.80443	0.19557	1.77709
5328	-2627.179	-2730.685	103.5059	0.9844126	1.042088	0.2894565	0.771744	0.228256	1.508832
5334	-2619.089	-2722.506	103.4169	1.090753	1.042088	0.3281858	0.813754	0.186246	1.428513
5340	-2625.764	-2729.223	103.4585	1.134411	0.9569048	0.3281858	0.810358	0.189642	1.428513
5346	-2626.257	-2729.51	103.2531	1.101531	0.9371731	0.3326401	0.8544	0.1456	1.61413
5352	-2620.461	-2723.663	103.2017	1.165715	0.9998939	0.3326401	0.76373	0.23627	1.557863
5358	-2617.873	-2721.298	103.4248	1.107562	0.9998939	0.3326401	0.75152	0.24848	1.433921
5364	-2629.298	-2732.974	103.6761	1.177003	1.035389	0.2789495	0.75152	0.24848	1.24879
5370	-2637.133	-2740.358	103.2248	1.281006	1.40876	0.2219242	0.881225	0.118775	1.388994
5376	-2629.794	-2733	103.2062	1.211606	1.10856	0.3737297	0.811343	0.188657	1.374901
5382	-2616.363	-2719.561	103.1987	1.297151	1.539739	0.2526363	0.867393	0.132607	1.251671
5388	-2618.632	-2721.609	102.9769	1.344312	1.539739	0.2961638	0.848872	0.151128	1.30685
5394	-2623.05	-2725.907	102.857	1.226225	1.378717	0.29495	0.75344	0.24656	1.583791
5400	-2623.02	-2725.581	102.5609	1.248848	1.463377	0.5787998	0.75344	0.24656	1.34315
5406	-2622.228	-2724.878	102.6491	1.227224	1.463377	0.4750802	0.698282	0.301718	1.420694
5412	-2626.128	-2729.136	103.009	1.130756	1.44376	0.2711534	0.676461	0.323539	1.547821
5418	-2625.647	-2728.624	102.977	1.089051	1.44376	0.3425053	0.657589	0.342411	1.480183
5424	-2627.324	-2730.528	103.2044	1.121259	1.44376	0.2640241	0.797037	0.202963	1.42109
5430	-2627.081	-2730.665	103.5833	1.35768	1.14831	0.2640241	0.760306	0.239694	1.112846
5436	-2629.274	-2732.563	103.289	1.410855	1.385183	0.3307325	0.827823	0.172177	1.004868
5442	-2634.27	-2737.549	103.279	1.079762	1.356622	0.2847006	0.80309	0.19691	1.408161
5448	-2630.653	-2734.523	103.8704	1.226943	0.6899843	0.3087403	0.737607	0.262393	1.30972
5454	-2627.311	-2731.386	104.0747	1.372732	0.8471014	0.2602846	0.690081	0.309919	0.9218271
5460	-2630.784	-2733.883	103.0991	1.396153	1.420412	0.4628225	0.767875	0.232125	0.9218271
5466	-2634.797	-2737.842	103.0453	1.514236	1.622437	0.4073646	0.666616	0.333384	0.7889149
5472	-2640.974	-2744.633	103.6591	1.446014	0.8299452	0.5133776	0.727046	0.272954	0.7360117
5478	-2629.339	-2732.815	103.476	1.620112	0.8299452	0.5133776	0.723214	0.276786	0.7497794
5484	-2634.589	-2738.413	103.8246	1.552128	0.8299452	0.3097348	0.689094	0.310906	0.8895158
5490	-2630.09	-2733.096	103.0058	1.096862	1.320418	0.2936746	0.793551	0.206449	1.60566
5496	-2628.615	-2731.885	103.2694	1.264181	1.014392	0.4469424	0.726308	0.273692	1.24161
5502	-2627.936	-2731.833	103.8973	1.450646	0.6875982	0.3727532	0.657609	0.342391	0.9639774
5508	-2624.169	-2728.05	103.8801	1.279931	0.8569322	0.3196301	0.688713	0.311287	1.058188
5514	-2628.868	-2732.564	103.6957	1.290029	1.152087	0.3196301	0.813383	0.186617	0.9364797
5520	-2625.732	-2728.819	103.0869	1.315882	1.374747	0.4136729	0.78656	0.21344	1.133791
5526	-2620.075	-2723.479	103.4039	1.332618	1.18531	0.3662086	0.836334	0.163666	1.05711
5532	-2619.688	-2723.394	103.7064	1.338754	1.001958	0.2800411	0.802566	0.197434	1.108205
5538	-2619.178	-2723.039	103.8605	1.405522	0.9935651	0.2800411	0.71481	0.28519	0.8952697
5544	-2622.363	-2726.156	103.7929	1.31872	0.9137328	0.3215797	0.72871	0.27129	1.040819
5550	-2615.478	-2719.37	103.8929	1.343378	0.9018689	0.3215797	0.741842	0.258158	0.9269146
5556	-2618.247	-2722.067	103.8209	1.301752	0.9018689	0.2946563	0.789593	0.210407	1.100335
5562	-2630.336	-2734.93	104.5941	1.373751	0.5006094	0.260521	0.737138	0.262862	0.863276
5568	-2627.756	-2731.771	104.0146	1.425476	0.8997218	0.260521	0.701702	0.298298	0.863276
5574	-2630.16	-2733.37	103.2096	1.393988	1.122865	0.4149577	0.660704	0.339296	1.142812
5580	-2621.975	-2725.277	103.3021	1.393988	1.236088	0.4063149	0.820794	0.179206	0.9756927
5586	-2620.353	-2724.438	104.0858	1.458635	0.7712005	0.2377546	0.75416	0.24584	0.9756927
5592	-2636.302	-2739.625	103.3231	1.599672	1.21788	0.3871969	0.762567	0.237433	0.7708945
5598	-2629.117	-2732.59	103.4727	1.528675	1.21788	0.3486565	0.807737	0.192263	0.7708945
5604	-2620.214	-2723.896	103.6817	1.329766	1.05195	0.2485663	0.750665	0.249335	1.165455
5610	-2627.611	-2731.149	103.5383	1.275595	1.048034	0.3330248	0.699489	0.300511	1.165455
5616	-2630.471	-2734.43	103.9585	1.280614	0.6991859	0.3330248	0.63654	0.36346	1.133405
5622	-2623.195	-2726.59	103.3953	1.265703	1.099525	0.3330248	0.743361	0.256639	1.254174
5628	-2629.704	-2733.045	103.3404	1.4	1.099525	0.3357989	0.713747	0.286253	1.181668
5634	-2629.981	-2733.173	103.1916	1.36599	1.374395	0.4129081	0.81618	0.18382	0.9888309
5640	-2617.94	-2721.007	103.0672	1.375197	1.527192	0.4129081	0.766399	0.233601	0.9888309
5646	-2631.167	-2734.507	103.3394	1.321451	1.472596	0.3254312	0.795177	0.204823	0.9888309
5652	-2627.118	-2729.851	102.7329	1.423204	1.780887	0.4167836	0.738725	0.261275	1.091144
5658	-2624.583	-2727.559	102.9761	1.350067	1.345106	0.5129217	0.766837	0.233163	1.06657
5664	-2626.593	-2729.889	103.296	1.238772	1.521598	0.2544555	0.668505	0.331495	1.226094
5670	-2620.527	-2723.77	103.2428	1.289332	1.521598	0.2506539	0.831436	0.168564	1.236639
5676	-2628.124	-2731.867	103.7428	1.352752	1.148016	0.2529314	0.809315	0.190685	0.9928941
5682	-2626.376	-2729.515	103.1395	1.381367	1.472572	0.3608805	0.807284	0.192716	1.051861
5688	-2633.348	-2736.122	102.774	1.180385	1.615697	0.3608805	0.802015	0.197985	1.44116
5694	-2634.51	-2737.264	102.7537	1.361367	1.615697	0.4066008	0.817903	0.182097	1.24056
5700	-2631.707	-2734.699	102.9921	1.29692	1.045173	0.5868521	0.75657	0.24343	1.231247
5706	-2624.094	-2727.863	103.7688	1.641032	0.9339268	0.3032237	0.661486	0.338514	0.7119636
5712	-2621.987	-2725.812	103.825	1.526494	0.9339268	0.3032237	0.668721	0.331279	0.7985418
5718	-2623.4	-2727.644	104.2444	1.585192	0.7328946	0.213217	0.712085	0.287915	0.7772113
5724	-2626.015	-2730.044	104.0292	1.503138	0.8921212	0.213217	0.712085	0.287915	0.9136015
5730	-2616.005	-2720.085	104.08	1.539457	0.8605596	0.2267867	0.769465	0.230535	0.8049781
5736	-2621.309	-2724.773	103.4639	1.431614	1.226465	0.3071659	0.803941	0.196059	0.9917269
5742	-2639.065	-2742.994	103.9297	1.735926	0.8732225	0.2539284	0.744046	0.255954	0.5205245
5748	-2626.738	-2730.501	103.7633	1.715433	0.8732225	0.3206643	0.719105	0.280895	0.6266124
5754	-2624.897	-2727.94	103.0431	1.749732	1.887591	0.2645309	0.772804	0.227196	0.6266124
5760	-2624.801	-2727.315	102.5141	1.65348	2.020437	0.5087359	0.751872	0.248128	0.7327291
5766	-2632.465	-2735.546	103.0807	1.487843	1.372818	0.4840428	0.776423	0.223577	0.8373882
5772	-2635.67	-2738.754	103.0835	1.442802	1.372818	0.4771095	0.731241	0.268759	0.901027
5778	-2632.564	-2735.942	103.378	1.635428	1.372818	0.3019509	0.738469	0.261531	0.7155956
5784	-2634.396	-2737.093	102.6976	1.55243	1.98912	0.4394245	0.857715	0.142285	0.8109196
5790	-2627.507	-2730.504	102.9975	1.522851	1.98912	0.3240546	0.768541	0.231459	0.7555014
5796	-2629.591	-2732.842	103.251	1.517081	1.374241	0.3648515	0.822869	0.177131	0.8625785
5802	-2631.065	-2734.563	103.4979	1.458124	1.374241	0.2805533	0.728114	0.271886	0.8625785
5808	-2638.59	-2742.12	103.5304	1.547978	1.1939	0.3474973	0.835112	0.164888	0.6847945
5814	-2641.619	-2744.61	102.9913	1.236052	1.518134	0.4329531	0.863715	0.136285	1.161551
5820	-2622.192	-2725.827	103.6346	1.624121	1.124068	0.3140175	0.773907	0.226093	0.5761478
5826	-2637.511	-2740.95	103.4386	1.624121	1.339044	0.3140175	0.777648	0.222352	0.6138504
5832	-2632.05	-2734.912	102.8617	1.665667	1.821516	0.4094096	0.819641	0.180359	0.6030025
5838	-2639.606	-2742.416	102.8108	1.4524	2.231256	0.2976188	0.794245	0.205755	0.9721498
5844	-2636.639	-2740.201	103.5618	1.44759	1.202579	0.3382814	0.717429	0.282571	0.8082075
5850	-2632.006	-2735.289	103.2832	1.165804	0.9900879	0.300021	0.635586	0.364414	1.559107
5856	-2634.798	-2738.328	103.5299	0.9628666	0.9900879	0.2054055	0.697161	0.302839	1.705605
5862	-2631.863	-2735.508	103.6454	1.083574	0.8641499	0.3286996	0.775098	0.224902	1.399325
5868	-2628.765	-2732.357	103.5924	1.217078	1.094648	0.3286996	0.784276	0.215724	1.138566
5874	-2631.486	-2734.309	102.8222	1.261372	1.75163	0.3286996	0.913641	0.0863589	1.322077
5880	-2624.799	-2727.953	103.1534	1.287245	1.459254	0.3286996	0.813848	0.186152	1.195037
5886	-2620.082	-2723.793	103.7104	1.197087	0.9444156	0.2790713	0.686207	0.313793	1.279442
5892	-2625.225	-2728.713	103.4887	1.126859	0.9444156	0.3491319	0.828993	0.171007	1.385994
5898	-2634.664	-2738.369	103.7053	1.157149	0.9444156	0.3491319	0.723456	0.276544	1.183659
5904	-2630.243	-2733.467	103.2239	1.248298	1.180321	0.4328575	0.723456	0.276544	1.183659
5910	-2621.643	-2725.089	103.4459	1.605659	1.180321	0.3431975	0.733104	0.266896	0.7624943
5916	-2614.856	-2718.128	103.2719	1.660017	1.374271	0.3431975	0.742774	0.257226	0.6961149
5922	-2618.066	-2721.541	103.4751	1.63322	1.328836	0.2986701	0.813641	0.186359	0.6080323
5928	-2627.812	-2731.599	103.7868	1.625882	0.9250303	0.2806172	0.730492	0.269508	0.8009907
5934	-2634.36	-2737.971	103.6114	1.709319	1.115152	0.2914258	0.750466	0.249534	0.5704937
5940	-2629.968	-2733.152	103.1835	1.498631	1.339589	0.4444722	0.766651	0.233349	0.8141385
5946	-2629.917	-2733.647	103.7301	1.712358	0.8828904	0.3384573	0.751566	0.248434	0.5886871
5952	-2630.013	-2733.761	103.748	1.678981	0.8929139	0.3384573	0.791019	0.208981	0.6027805
5958	-2626.8	-2729.71	102.9098	1.883396	1.668209	0.3365773	0.841508	0.158492	0.5136031
5964	-2633.469	-2736.875	103.4058	1.977809	0.9549417	0.3365773	0.785781	0.214219	0.4888611
5970	-2636.827	-2740.51	103.6829	1.889555	0.9549417	0.2551803	0.689643	0.310357	0.4605324
5976	-2640.128	-2742.989	102.8605	1.940319	1.515134	0.3817568	0.737565	0.262435	0.4452588
5982	-2626.433	-2729.435	103.0021	1.2589	1.820064	0.3438445	0.838865	0.161135	1.105649
5988	-2622.94	-2725.839	102.8997	1.477483	1.837092	0.290484	0.825656	0.174344	1.099415
5994	-2622.49	-2725.133	102.6435	1.311427	1.837092	0.3842335	0.772611	0.227389	1.288305
6000	-2641.241	-2744.887	103.6461	1.748792	1.097983	0.270928	0.742256	0.257744	0.4827654
6006	-2632.031	-2735.64	103.6097	1.827505	1.097983	0.2539686	0.783666	0.216334	0.4754217
6012	-2638.136	-2741.049	102.9129	1.709517	1.755201	0.3907963	0.833582	0.166418	0.4695924
6018	-2630.63	-2733.884	103.2535	1.878816	1.094645	0.3907963	0.860667	0.139333	0.4639222
6024	-2633.631	-2736.622	102.9912	1.815424	1.392227	0.4290915	0.665631	0.334369	0.4639222
6030	-2635.416	-2738.844	103.428	1.79437	1.392227	0.2408539	0.722558	0.277442	0.5174803
6036	-2621.184	-2724.788	103.6035	1.817638	1.149095	0.2406723	0.722558	0.277442	0.4494087
6042	-2635.311	-2738.665	103.354	1.961457	1.156543	0.2636106	0.768941	0.231059	0.3648629
6048	-2632.141	-2735.558	103.4163	1.980299	0.8991082	0.3418115	0.768941	0.231059	0.3789263
6054	-2640.981	-2744.504	103.523	1.936677	1.069814	0.2372031	0.686471	0.313529	0.358605
6060	-2637.457	-2740.513	103.0561	2.09116	0.8882313	0.4473803	0.783235	0.216765	0.3164665
6066	-2629.481	-2731.92	102.439	2.042986	1.674056	0.4473803	0.764826	0.235174	0.3164665
6072	-2633.51	-2735.971	102.4612	2.119234	1.674056	0.3667924	0.684871	0.315129	0.2763273
6078	-2624.515	-2727.254	102.7393	2.119234	1.303519	0.3667924	0.700928	0.299072	0.2785078
6084	-2631.667	-2735.146	103.4794	2.044757	0.705152	0.3667924	0.718948	0.281052	0.3216386
6090	-2639.77	-2743.268	103.4983	1.656454	1.077969	0.3276227	0.849469	0.150531	0.7959402
6096	-2630.25	-2733.683	103.4329	1.387797	1.209957	0.3276227	0.784892	0.215108	1.034321
6102	-2637.658	-2740.302	102.6442	1.953795	1.471175	0.5082142	0.811751	0.188249	0.4204423
6108	-2630.257	-2733.37	103.1121	1.872776	1.471175	0.3130026	0.782942	0.217058	0.482857
6114	-2636.719	-2740.354	103.6349	1.697379	1.194354	0.2218695	0.804512	0.195488	0.7664673
6120	-2639.724	-2743.533	103.8088	1.697379	1.194354	0.1914992	0.78976	0.21024	0.6093751
6126	-2646.513	-2749.527	103.0138	1.632918	1.926163	0.312951	0.701385	0.298615	0.6428548
6132	-2631.145	-2733.999	102.8546	1.557925	1.926163	0.4094163	0.755671	0.244329	0.7091625
6138	-2634.162	-2737.721	103.5589	1.548698	1.009117	0.412317	0.727783	0.272217	0.7085571
6144	-2625.32	-2729.088	103.7683	1.431436	1.009117	0.2903586	0.735599	0.264401	0.9240538
6150	-2624.007	-2727.608	103.6015	1.326676	0.9733292	0.3618106	0.758319	0.241681	1.074087
6156	-2620.236	-2723.92	103.6838	1.448152	1.164266	0.3157017	0.691756	0.308244	0.7539532
6162	-2625.914	-2729.776	103.8619	1.559541	1.031214	0.2326318	0.763449	0.236551	0.8098991
6168	-2620.582	-2724.163	103.5803	1.594112	1.031214	0.3760974	0.693635	0.306365	0.6760082
6174	-2632.772	-2736.403	103.6313	1.659035	1.098439	0.3106656	0.717419	0.282581	0.5749554
6180	-2630.256	-2733.608	103.3519	1.432794	1.479625	0.2847044	0.755969	0.244031	0.9526539
6186	-2624.798	-2728.118	103.3194	1.427569	1.479625	0.2847044	0.814401	0.185599	0.9915206
6192	-2623.08	-2726.38	103.2997	1.427569	1.576302	0.2790187	0.84612	0.15388	0.9538754
6198	-2620.361	-2723.919	103.5577	1.438374	1.111164	0.3563199	0.671402	0.328598	0.8783104
6204	-2620.627	-2724.174	103.5468	1.508339	1.111164	0.3563199	0.787538	0.212462	0.8055588
6210	-2631.031	-2734.769	103.7379	1.489709	1.047809	0.2660469	0.646299	0.353701	0.9171561
6216	-2626.737	-2730.611	103.8744	1.494466	0.9897218	0.2467082	0.728716	0.271284	0.8785829
6222	-2629.914	-2733.734	103.8195	1.336326	0.9897218	0.2467082	0.677211	0.322789	1.095343
6228	-2627.952	-2731.853	103.9013	1.279978	0.774277	0.3425147	0.73119	0.26881	1.081571
6234	-2633.297	-2736.645	103.3477	1.264881	1.418914	0.3425147	0.739178	0.260822	1.039808
6240	-2640.78	-2745.319	104.5381	1.385274	0.4345247	0.3082088	0.67347	0.32653	0.9135751
6246	-2641.263	-2744.703	103.4399	1.442139	1.392371	0.2868716	0.875534	0.124466	0.9135751
6252	-2631.216	-2734.547	103.3305	1.387768	1.550012	0.2615736	0.787654	0.212346	1.025789
6258	-2638.003	-2741.099	103.0961	1.494555	1.983396	0.2468963	0.831475	0.168525	0.9057947
6264	-2633.254	-2736.155	102.9006	1.529749	1.611649	0.4293128	0.748022	0.251978	0.9057947
6270	-2624.132	-2727.967	103.8355	1.436824	1.047191	0.2672482	0.766766	0.233234	0.8633483
6276	-2634.912	-2737.884	102.9717	1.531262	1.466978	0.4531537	0.753903	0.246097	0.893015
6282	-2655.61	-2759.199	103.5882	1.301534	1.074799	0.3558262	0.737017	0.262983	1.027429
6288	-2640.613	-2744.411	103.7981	1.5039	0.862454	0.3558262	0.799776	0.200224	0.8135942
6294	-2639.044	-2742.764	103.7197	1.50636	0.862454	0.3558262	0.784304	0.215696	0.9046203
6300	-2637.671	-2741.348	103.6766	1.471134	0.862454	0.3886483	0.689434	0.310566	0.9178266
6306	-2636.969	-2741.345	104.3759	1.610723	0.6608512	0.2076203	0.606731	0.393269	0.7053211
6312	-2627.643	-2732.137	104.4939	1.411668	0.5876853	0.212383	0.684092	0.315908	0.9276562
6318	-2628.024	-2731.217	103.1927	1.471505	1.461259	0.3930273	0.729218	0.270782	0.8392989
6324	-2626.938	-2731.358	104.42	1.442972	0.5965461	0.2700233	0.612327	0.387673	0.7760951
6330	-2623.407	-2727.145	103.7381	1.614141	0.8292193	0.3906353	0.715756	0.284244	0.6891893
6336	-2624.897	-2728.397	103.5002	1.53695	1.252591	0.3420981	0.826159	0.173841	0.6891893
6342	-2630.77	-2733.734	102.9639	1.672123	1.956819	0.3140119	0.733334	0.266666	0.6183316
6348	-2625.851	-2728.825	102.9738	1.622102	2.024912	0.3140119	0.816892	0.183108	0.6183316
6354	-2620.706	-2724.544	103.8381	1.6221	0.8969144	0.3140119	0.727575	0.272425	0.6442584
6360	-2633.312	-2736.975	103.6629	1.665625	0.8969144	0.374639	0.715396	0.284604	0.6495103
6366	-2636.121	-2739.836	103.7156	1.668063	0.8769251	0.3710212	0.677031	0.322969	0.5794779
6372	-2632.203	-2735.846	103.6424	1.676021	0.8769251	0.4023655	0.675772	0.324228	0.5913282
6378	-2645.38	-2749.132	103.7519	1.528987	0.9351824	0.3504901	0.742942	0.257058	0.7489929
6384	-2633.02	-2735.816	102.7957	1.544297	2.134134	0.3611792	0.787251	0.212749	0.7812206
6390	-2636	-2739.157	103.1572	1.50182	1.654564	0.3611792	0.807078	0.192922	0.745822
6396	-2629.644	-2733.028	103.3838	1.494419	1.242595	0.3611792	0.760128	0.239872	0.8683397
6402	-2632.337	-2735.824	103.4871	1.358015	1.450621	0.2677169	0.828067	0.171933	0.9557986
6408	-2629.932	-2733.532	103.5998	1.465232	1.111835	0.2252715	0.806007	0.193993	1.123691
6414	-2628.057	-2731.444	103.3869	1.474227	1.111835	0.4246514	0.787468	0.212532	0.878639
6420	-2630.57	-2734.219	103.6491	1.317177	1.148496	0.2460321	0.724218	0.275782	1.13179
6426	-2635.259	-2738.456	103.1966	1.479438	1.148496	0.4637864	0.732226	0.267774	0.9675178
6432	-2633.401	-2737.136	103.735	1.452725	1.167522	0.2253095	0.785494	0.214506	0.956526
6438	-2629.997	-2733.02	103.0238	1.460286	2.143341	0.2391754	0.877938	0.122062	0.9444668
6444	-2629.547	-2732.905	103.3581	1.370296	1.449753	0.2391754	0.848756	0.151244	1.139322
6450	-2621.533	-2724.959	103.4259	1.322336	1.449753	0.2386735	0.834895	0.165105	1.122706
6456	-2629.03	-2731.959	102.9289	1.231292	1.449753	0.2386735	0.787832	0.212168	1.591087
6462	-2629.227	-2732.82	103.5927	1.390119	1.265398	0.2787487	0.763502	0.236498	0.9366871
6468	-2625.621	-2728.721	103.1002	1.429526	1.639846	0.3542197	0.786757	0.213243	0.9366871
6474	-2625.199	-2728.3	103.1003	1.356384	1.639846	0.2769445	0.826685	0.173315	1.173017
6480	-2635.94	-2738.601	102.6615	1.068826	1.648559	0.1787518	0.82151	0.17849	1.914966
6486	-2621.974	-2725.123	103.1495	1.317917	1.411208	0.2809221	0.806401	0.193599	1.295381
6492	-2636.652	-2740.374	103.7218	1.355668	1.24665	0.243898	0.821541	0.178459	0.9471734
6498	-2634.939	-2737.983	103.0444	1.437568	1.24665	0.4515624	0.790413	0.209587	1.093792
6504	-2637.742	-2740.831	103.0883	1.387671	1.699892	0.3011095	0.821119	0.178881	1.066749
6510	-2634.845	-2737.91	103.0657	1.392724	1.520592	0.3286161	0.821119	0.178881	1.140037
6516	-2635.47	-2738.689	103.2191	1.342758	1.520592	0.3286161	0.793873	0.206127	1.044668
6522	-2632.629	-2735.692	103.0628	1.530062	1.520592	0.4267174	0.703333	0.296667	0.7924309
6528	-2627.912	-2730.862	102.9496	1.631142	1.520592	0.4829617	0.782433	0.217567	0.6488201
6534	-2624.558	-2727.68	103.1215	1.652598	1.520592	0.3777969	0.785551	0.214449	0.6488201
6540	-2622.682	-2725.819	103.1373	1.727387	1.429428	0.370859	0.779857	0.220143	0.6286445
6546	-2619.267	-2722.677	103.4103	1.734964	1.129182	0.3675839	0.809052	0.190948	0.5480876
6552	-2619.787	-2723.264	103.4773	1.632071	1.129182	0.3675839	0.7808	0.2192	0.6554777
6558	-2618.949	-2722.117	103.168	1.632071	1.462647	0.3675839	0.796631	0.203369	0.7186352
6564	-2624.8	-2728.138	103.338	1.553476	1.342779	0.3675839	0.79566	0.20434	0.7208448
6570	-2631.217	-2734.994	103.7774	1.50522	0.9011171	0.3632452	0.810166	0.189834	0.760924
6576	-2631.2	-2735.303	104.1027	1.346939	0.7898905	0.2846491	0.771293	0.228707	0.9259859
6582	-2632.701	-2736.165	103.4648	1.555158	1.104193	0.3428926	0.774345	0.225655	0.8908021
6588	-2630.718	-2734.302	103.5838	1.384294	1.104193	0.2687003	0.774345	0.225655	1.114207
6594	-2639.747	-2743.492	103.7452	1.111689	0.9520816	0.2387999	0.774345	0.225655	1.395796
6600	-2634.269	-2737.7	103.4304	1.074535	0.9520816	0.2484425	0.722017	0.277983	1.639363
6606	-2641.945	-2745.709	103.7634	1.19191	0.9520816	0.2637469	0.792554	0.207446	1.264814
6612	-2632.982	-2736.78	103.7974	1.310621	0.9520816	0.2637469	0.784995	0.215005	1.13372
6618	-2633.48	-2737.033	103.553	1.362729	1.152617	0.3190997	0.784995	0.215005	1.009273
6624	-2629.746	-2732.352	102.6062	2.229915	1.26564	0.3464065	0.803373	0.196627	0.2292513
6630	-2629.64	-2732.167	102.5274	2.254879	1.26564	0.3931152	0.80901	0.19099	0.2479744
6636	-2627.383	-2730.421	103.0383	2.20498	0.7946525	0.408924	0.754305	0.245695	0.2612741
6642	-2629.064	-2731.231	102.1675	2.215978	1.808651	0.408924	0.754305	0.245695	0.2612741
6648	-2630.987	-2733.241	102.2538	2.195605	1.808651	0.3752066	0.775613	0.224387	0.2612741
6654	-2625.422	-2727.839	102.4171	2.209516	1.349303	0.4540226	0.784202	0.215798	0.2612741
6660	-2631.122	-2733.43	102.3076	2.23675	1.449472	0.4540226	0.784202	0.215798	0.2587904
6666	-2620.086	-2723.041	102.9548	2.23675	1.063171	0.2795095	0.794245	0.205755	0.2392162
6672	-2628.016	-2731.371	103.3543	1.309505	1.168292	0.370349	0.826243	0.173757	1.130238
6678	-2628.066	-2731.763	103.6971	1.279736	0.9595364	0.2811917	0.793183	0.206817	1.203868
6684	-2633.655	-2737.775	104.12	1.189849	0.7159308	0.2796302	0.743801	0.256199	1.160514
6690	-2642.268	-2745.123	102.855	2.065387	1.43842	0.3080902	0.821471	0.178529	0.307639
6696	-2637.025	-2740.376	103.3509	1.933481	1.169684	0.287899	0.821471	0.178529	0.454169
6702	-2630.708	-2734.197	103.49	1.166705	0.8473361	0.3353419	0.785739	0.214261	1.458348
6708	-2624.664	-2728.183	103.5191	1.191601	0.8849572	0.3010055	0.82395	0.17605	1.443934
6714	-2632.805	-2735.898	103.093	1.139956	0.8849572	0.3159533	0.658108	0.341892	1.76654
6720	-2632.078	-2735.008	102.9295	1.054565	1.02441	0.364515	0.658108	0.341892	1.76654
6726	-2636.716	-2740.073	103.3577	0.9727615	0.7236282	0.2592865	0.733131	0.266869	1.923257
6732	-2627.729	-2730.891	103.1624	1.564149	1.567401	0.370803	0.800547	0.199453	0.7028578
6738	-2630.165	-2733.296	103.1315	1.497449	1.82362	0.2971963	0.790443	0.209557	0.8281822
6744	-2630.881	-2734.113	103.2326	1.260115	1.274947	0.3379527	0.710831	0.289169	1.256916
6750	-2630.473	-2733.707	103.2341	1.138875	1.038853	0.3749192	0.763225	0.236775	1.458775
6756	-2629.122	-2732.043	102.9209	1.267625	1.496858	0.4274483	0.779859	0.220141	1.217226
6762	-2631.298	-2734.419	103.1211	1.267089	1.496858	0.3105426	0.753375	0.246625	1.25019
6768	-2629.518	-2732.697	103.1784	1.131647	1.238458	0.3105426	0.730249	0.269751	1.473477
6774	-2630.987	-2734.745	103.7582	1.207034	0.8062224	0.3583292	0.741716	0.258284	1.210094
6780	-2627.654	-2730.755	103.1012	1.225051	1.014233	0.3790602	0.741716	0.258284	1.505965
6786	-2625.153	-2728.899	103.7462	1.267581	1.014233	0.2658557	0.778674	0.221326	1.156785
6792	-2630.61	-2733.628	103.0175	1.130412	1.475905	0.3577997	0.832756	0.167244	1.373844
6798	-2629.952	-2732.889	102.9373	1.084247	1.451072	0.4198656	0.69377	0.30623	1.391744
6804	-2631.084	-2733.681	102.5972	1.118915	2.465567	0.3346982	0.769061	0.230939	1.281411
6810	-2632.54	-2734.983	102.4429	1.258523	1.953297	0.4712062	0.772089	0.227911	1.306104
6816	-2630.588	-2734.324	103.7368	1.172395	0.7411136	0.222028	0.703202	0.296798	1.571841
6822	-2633.803	-2737.216	103.4132	1.086561	1.123211	0.2782352	0.743977	0.256023	1.464555
6828	-2633.371	-2736.529	103.158	1.034965	1.258862	0.3489818	0.799063	0.200937	1.485238
6834	-2621.016	-2724.813	103.7971	1.280064	1.158708	0.220024	0.799063	0.200937	1.087197
6840	-2615.682	-2719.07	103.3871	1.412339	1.158708	0.3550971	0.749046	0.250954	1.041477
6846	-2617.2	-2720.99	103.7899	1.412339	0.9008549	0.2880303	0.719935	0.280065	1.041477
6852	-2632.018	-2735.062	103.0438	1.137424	1.32122	0.4101345	0.776255	0.223745	1.360339
6858	-2623.717	-2726.691	102.9747	1.069075	1.514791	0.3547549	0.791266	0.208734	1.437362
6864	-2627.548	-2730.422	102.8739	1.169873	1.514791	0.3547549	0.759151	0.240849	1.437362
6870	-2627.01	-2730.269	103.2591	1.107457	1.014474	0.3833168	0.618089	0.381911	1.469035
6876	-2640.694	-2744.061	103.3667	1.208279	1.014474	0.3025813	0.662423	0.337577	1.441948
6882	-2644.089	-2746.95	102.8613	1.089333	1.467631	0.3025813	0.823365	0.176635	1.617816
6888	-2635.907	-2738.499	102.5919	1.026772	1.490014	0.4598575	0.774302	0.225698	1.617816
6894	-2633.172	-2735.786	102.6138	1.118658	1.559046	0.3726601	0.780074	0.219926	1.617816
6900	-2625.654	-2728.976	103.3215	1.139954	1.25839	0.2687639	0.780074	0.219926	1.420993
6906	-2629.2	-2732.687	103.4874	1.054097	1.058383	0.2687639	0.748315	0.251685	1.496573
6912	-2633.149	-2736.045	102.8961	1.079911	1.466448	0.355631	0.746824	0.253176	1.514204
6918	-2624.603	-2727.691	103.0876	1.221252	1.466448	0.3854985	0.864123	0.135877	1.20206
6924	-2631.357	-2734.137	102.7803	1.072235	1.466448	0.401816	0.821859	0.178141	1.53732
6930	-2631.686	-2734.696	103.0099	1.08983	0.8993686	0.401816	0.80712	0.19288	1.723938
6936	-2626.82	-2729.336	102.5155	1.032021	1.324765	0.401816	0.768392	0.231608	1.832736
6942	-2634.042	-2738.131	104.0893	1.317028	0.7352372	0.3080221	0.757146	0.242854	0.9839633
6948	-2632.545	-2736.312	103.7665	1.327888	0.7975893	0.3917375	0.76468	0.23532	1.042361
6954	-2635.983	-2738.922	102.9386	1.369641	1.546889	0.3681951	0.828327	0.171673	1.181804
6960	-2630.725	-2734.277	103.5528	1.306035	0.9347116	0.4025591	0.764021	0.235979	1.10027
6966	-2640.513	-2743.31	102.7967	1.225788	1.907127	0.4025591	0.784557	0.215443	1.164484
6972	-2633.255	-2736.279	103.0237	1.400301	1.458452	0.3116211	0.820642	0.179358	1.24198
6978	-2633.629	-2736.94	103.3111	1.275013	1.458452	0.3116211	0.807139	0.192861	1.100468
6984	-2639.872	-2742.569	102.6966	1.266621	1.783293	0.3121376	0.771971	0.228029	1.429608
6990	-2627.117	-2730.547	103.4305	1.459089	1.28792	0.2971846	0.712163	0.287837	0.9686502
6996	-2625.714	-2729.227	103.5125	1.304754	0.9542356	0.4198095	0.781361	0.218639	1.089777
7002	-2630.509	-2734.151	103.6414	1.22664	0.9542356	0.2750528	0.865626	0.134374	1.311253
7008	-2627.697	-2731.263	103.5657	1.398877	0.9542356	0.3044379	0.865626	0.134374	1.171712
7014	-2621.317	-2725.145	103.8281	1.375027	0.9542356	0.2749758	0.728079	0.271921	1.016509
7020	-2626.998	-2730.642	103.6439	1.491032	1.132586	0.3137809	0.775338	0.224662	0.7960276
7026	-2629.351	-2732.538	103.1876	1.506893	1.544048	0.3137809	0.828966	0.171034	0.9261736
7032	-2624.584	-2727.693	103.1083	1.364174	1.544048	0.3358191	0.828966	0.171034	1.097802
7038	-2626.727	-2729.943	103.2157	1.360731	1.625795	0.2666331	0.776795	0.223205	1.097489
7044	-2632.238	-2735.135	102.8971	1.273239	0.9199078	0.3995876	0.740715	0.259285	1.661168
7050	-2620.664	-2724.235	103.5711	1.253927	0.9590253	0.272642	0.740715	0.259285	1.346555
7056	-2622.171	-2725.693	103.523	1.308802	0.9522076	0.3016923	0.675471	0.324529	1.290686
7062	-2628.082	-2731.735	103.6534	1.21162	0.9522076	0.3183045	0.675471	0.324529	1.231742
7068	-2614.716	-2717.96	103.2438	1.334637	1.266416	0.348533	0.727777	0.272223	1.170838
7074	-2633.635	-2737.014	103.3787	1.459457	1.266416	0.3289571	0.682396	0.317604	0.9658807
7080	-2627.086	-2731.152	104.0657	1.187124	0.675103	0.3289571	0.761334	0.238666	1.157285
7086	-2627.024	-2730.313	103.2887	1.309588	1.372171	0.3852196	0.761334	0.238666	1.003393
7092	-2631.699	-2734.98	103.2808	1.271026	1.502848	0.3013896	0.741061	0.258939	1.123018
7098	-2630.97	-2734.379	103.4092	0.9711765	1.129457	0.2927962	0.717593	0.282407	1.523672
7104	-2627.111	-2729.946	102.8349	0.9016287	1.129457	0.3371492	0.834628	0.165372	1.907903
7110	-2623.38	-2726.846	103.4657	1.033289	0.9434642	0.3371492	0.769702	0.230298	1.495617
7116	-2628.102	-2731.336	103.2344	0.9558044	0.9434642	0.3371492	0.769702	0.230298	1.719862
7122	-2625.167	-2728.211	103.0443	1.014476	1.096196	0.4411881	0.779061	0.220939	1.558544
7128	-2647.135	-2749.761	102.6263	1.071212	1.198141	0.5662975	0.789007	0.210993	1.604565
7134	-2634.397	-2737.387	102.9902	1.097315	0.9616656	0.508516	0.747693	0.252307	1.549371
7140	-2634.086	-2737.1	103.0144	1.116876	0.9616656	0.452441	0.806399	0.193601	1.587317
7146	-2637.147	-2739.771	102.6241	0.9981004	1.171995	0.4368894	0.870306	0.129694	1.825198
7152	-2630.954	-2734.081	103.1273	0.9888779	1.171995	0.2622034	0.766623	0.233377	1.74063
7158	-2631.115	-2733.709	102.5936	0.9450967	1.171995	0.2622034	0.766623	0.233377	2.130413
7164	-2623.883	-2726.739	102.856	1.012635	0.9933218	0.2622034	0.728814	0.271186	2.024139
7170	-2630.996	-2734.572	103.5757	1.001167	0.6197872	0.2622034	0.787508	0.212492	1.8453
7176	-2628.667	-2732.451	103.7833	0.970958	0.6009249	0.2622034	0.787508	0.212492	1.741112
7182	-2626.7	-2730.156	103.456	1.208582	1.184863	0.2622034	0.745869	0.254131	1.323933
7188	-2631.299	-2734.817	103.5178	1.03185	0.7723097	0.3637	0.745869	0.254131	1.559306
7194	-2637.317	-2740.002	102.6858	1.226854	1.518994	0.3385225	0.771049	0.228951	1.559306
7200	-2632.04	-2734.942	102.902	1.129006	1.518994	0.3385225	0.71295	0.28705	1.471005
7206	-2620.616	-2723.408	102.7927	1.077713	1.349484	0.3134666	0.801064	0.198936	1.722287
7212	-2623.204	-2725.841	102.6373	1.055498	1.559126	0.3134666	0.810289	0.189711	1.73618
7218	-2627.357	-2731.016	103.6588	1.202129	0.8325377	0.2660029	0.708323	0.291677	1.438686
7224	-2623.687	-2727.208	103.5218	1.169627	1.144327	0.2746874	0.81113	0.18887	1.306297
7230	-2618.326	-2722.35	104.0233	1.303371	0.8687442	0.2746874	0.742486	0.257514	0.9852849
7236	-2627.843	-2731.865	104.0219	1.218779	0.8687442	0.2746874	0.8073	0.1927	1.069112
7242	-2625.133	-2728.659	103.5267	1.269018	1.078538	0.2773903	0.8148	0.1852	1.265186
7248	-2635.996	-2739.126	103.1303	1.072517	1.078538	0.4369138	0.698334	0.301666	1.469142
7254	-2628.798	-2731.648	102.8499	1.068564	1.078538	0.4369138	0.776737	0.223263	1.677677
7260	-2634.007	-2737.372	103.3651	1.26482	1.223936	0.3012606	0.797162	0.202838	1.246978
7266	-2629.328	-2733.19	103.8618	1.324468	0.93757	0.3012606	0.735881	0.264119	0.9879163
7272	-2641.222	-2744.69	103.4684	1.452638	1.288862	0.3012606	0.776417	0.223583	0.9244437
7278	-2635.987	-2739.447	103.4598	1.606835	1.365351	0.2654849	0.725728	0.274272	0.7774698
7284	-2630.554	-2733.21	102.656	1.448184	1.654301	0.4197615	0.769428	0.230572	1.2063
7290	-2634.375	-2737.318	102.9428	1.304969	1.654301	0.42105	0.690836	0.309164	1.076353
7296	-2626.694	-2730.428	103.7335	1.487585	1.051783	0.3051314	0.713636	0.286364	0.8083236
7302	-2626.822	-2730.547	103.7251	1.618949	0.9328435	0.303737	0.740839	0.259161	0.8083236
7308	-2624.985	-2728.73	103.7448	1.514859	0.9328435	0.3422143	0.772374	0.227626	0.806839
7314	-2629.206	-2732.75	103.5446	1.506902	0.9328435	0.4619198	0.816351	0.183649	0.7760141
7320	-2627.112	-2730.108	102.9952	1.484816	1.480965	0.3941884	0.750376	0.249624	1.020893
7326	-2621.34	-2724.512	103.1719	1.349995	1.840358	0.2644278	0.777641	0.222359	1.020893
7332	-2631.823	-2734.78	102.9574	1.39159	1.832968	0.3753865	0.751725	0.248275	0.9480181
7338	-2619.596	-2723.179	103.5828	1.387477	1.056369	0.3753865	0.851936	0.148064	0.9214578
7344	-2625.675	-2729.13	103.4547	1.37407	1.193214	0.3359207	0.73055	0.26945	1.022984
7350	-2624.383	-2727.751	103.3674	1.142791	1.193214	0.3359207	0.805859	0.194141	1.303423
7356	-2632.21	-2735.694	103.4831	1.142791	1.11881	0.2633432	0.807722	0.192278	1.399169
7362	-2622.542	-2725.829	103.2876	1.193966	1.11881	0.3243902	0.819345	0.180655	1.399169
7368	-2619.932	-2723.683	103.7512	1.193966	1.11881	0.234493	0.694397	0.305603	1.200958
7374	-2621.282	-2724.167	102.8846	1.193966	1.434724	0.3723722	0.835177	0.164823	1.428601
7380	-2624.827	-2728.414	103.5876	0.9638746	0.8029176	0.3497323	0.692047	0.307953	1.552451
7386	-2627.746	-2730.905	103.159	1.015751	1.158049	0.3497323	0.77468	0.22532	1.562615
7392	-2628.308	-2731.53	103.2221	1.136237	1.3352	0.343782	0.753392	0.246608	1.316347
7398	-2637.015	-2740.049	103.0337	1.246173	1.637311	0.343782	0.685498	0.314502	1.195459
7404	-2628.933	-2732.061	103.1282	1.296166	1.637311	0.3075762	0.815976	0.184024	1.139026
7410	-2624.498	-2727.581	103.0829	1.371134	1.637311	0.3383091	0.802656	0.197344	1.048826
7416	-2622.06	-2725.452	103.3928	1.315799	1.187348	0.3383091	0.79197	0.20803	1.135019
7422	-2626.423	-2730.059	103.6364	1.2977	0.8069157	0.3414667	0.80024	0.19976	1.265307
7428	-2631.902	-2735.828	103.9259	1.275619	0.7332663	0.2707512	0.727974	0.272026	1.252891
7434	-2633.557	-2737.935	104.3781	1.283448	0.6010981	0.2810664	0.774871	0.225129	0.9729817
7440	-2640.39	-2743.961	103.5714	1.489528	1.216795	0.2805499	0.701359	0.298641	0.8911699
7446	-2654.281	-2758.269	103.988	1.558549	0.918701	0.2377794	0.701548	0.298452	0.7769641
7452	-2636.716	-2740.843	104.1271	1.206376	0.7253348	0.3066128	0.571379	0.428621	1.070292
7458	-2639.783	-2744.234	104.4504	1.25478	0.5534689	0.3066128	0.612124	0.387876	0.938629
7464	-2634.306	-2738.602	104.2957	1.44459	0.5534689	0.3066128	0.592419	0.407581	0.9001205
7470	-2640.209	-2743.896	103.687	1.537228	0.9007623	0.3985869	0.671805	0.328195	0.7436267
7476	-2632.831	-2735.941	103.1099	1.564129	1.544032	0.3985869	0.748588	0.251412	0.7265074
7482	-2626.041	-2729.647	103.606	1.457124	1.249783	0.2894809	0.800766	0.199234	0.8291981
7488	-2622.895	-2726.499	103.6036	1.578377	1.139516	0.3189407	0.762874	0.237126	0.6974192
7494	-2626.047	-2729.117	103.0705	1.529765	1.685348	0.3606427	0.835472	0.164528	0.8011763
7500	-2627.66	-2731.067	103.4072	1.286158	1.325089	0.3606427	0.72671	0.27329	0.9955753
7506	-2629.047	-2732.354	103.3064	1.437178	1.164988	0.4259973	0.844101	0.155899	0.9523623
7512	-2638.078	-2741.646	103.5685	1.41674	1.11332	0.3325974	0.715331	0.284669	0.9441181
7518	-2633.63	-2736.809	103.1788	1.549143	1.079482	0.5794317	0.731722	0.268278	0.759047
7524	-2640.041	-2743.575	103.5341	1.467744	1.079482	0.4143994	0.793649	0.206351	0.7613256
7530	-2654.135	-2758.71	104.5754	1.496305	0.5580771	0.217058	0.793198	0.206802	0.7613256
7536	-2639.658	-2743.904	104.2459	1.466822	0.7900781	0.1966602	0.785724	0.214276	0.8962879
7542	-2628.888	-2731.997	103.1096	1.535887	1.801214	0.3095885	0.801366	0.198634	0.7874753
7548	-2633.37	-2736.902	103.5324	1.575285	1.152667	0.3095885	0.768603	0.231397	0.8205339
7554	-2627.408	-2731.677	104.2694	1.224926	0.552976	0.3257554	0.703	0.297	1.103951
7560	-2625.906	-2730.339	104.4335	1.406628	0.552976	0.2637039	0.715537	0.284463	0.9048721
7566	-2624.141	-2727.939	103.7985	1.499333	0.9407545	0.2637039	0.754669	0.245331	0.9633371
7572	-2626.566	-2730.913	104.3471	1.274949	0.578137	0.2637039	0.722966	0.277034	1.086156
7578	-2627.197	-2732.032	104.8353	1.290605	0.3772539	0.2637039	0.677589	0.322411	0.9288054
7584	-2629.42	-2732.329	102.9093	1.825881	1.456431	0.441071	0.797496	0.202504	0.4605355
7590	-2625.091	-2728.504	103.4136	1.711146	1.006163	0.441071	0.705689	0.294311	0.5247333
7596	-2627.284	-2730.194	102.9107	1.812228	1.769669	0.3357834	0.853386	0.146614	0.5531238
7602	-2627.17	-2729.986	102.8159	1.849641	1.769669	0.3648129	0.873706	0.126294	0.4726229
7608	-2625.917	-2729.074	103.1569	1.775742	1.389855	0.3648129	0.663042	0.336958	0.4612231
7614	-2626.223	-2729.291	103.0686	1.745552	1.206384	0.5114375	0.719761	0.280239	0.5542536
7620	-2623.719	-2727.181	103.4615	1.684951	1.163852	0.3521805	0.828768	0.171232	0.5445015
7626	-2621.235	-2724.576	103.3407	1.808885	1.163852	0.3521805	0.7795	0.2205	0.5167034
7632	-2622.747	-2726.203	103.4552	1.656114	1.163852	0.3521805	0.747448	0.252552	0.6524949
7638	-2620.293	-2723.717	103.4238	1.631809	1.219639	0.3509389	0.754823	0.245177	0.6717886
7644	-2631.016	-2734.315	103.2989	1.556035	1.22812	0.4512198	0.881207	0.118793	0.6717886
7650	-2637.815	-2741.062	103.2476	1.485724	1.532543	0.3631913	0.767704	0.232296	0.7564975
7656	-2636.444	-2740.207	103.7629	1.523197	0.9068185	0.3631913	0.830675	0.169325	0.7468614
7662	-2626.936	-2730.638	103.7023	1.704799	1.13573	0.251038	0.779131	0.220869	0.5473293
7668	-2634.408	-2737.688	103.2801	1.788926	1.165752	0.3846115	0.796075	0.203925	0.5863005
7674	-2620.851	-2723.997	103.1457	1.698484	1.69078	0.3025564	0.799347	0.200653	0.5750459
7680	-2629.749	-2732.715	102.9664	1.785294	1.581905	0.3856466	0.799347	0.200653	0.4943994
7686	-2631.654	-2734.49	102.8358	1.991062	1.279221	0.4676757	0.806394	0.193606	0.4547333
7692	-2632.14	-2735.154	103.0135	1.99511	1.279221	0.3461175	0.762816	0.237184	0.3518795
7698	-2631.912	-2734.981	103.0692	1.825964	1.463988	0.3563861	0.762816	0.237184	0.4727996
7704	-2623.473	-2726.273	102.7997	1.919135	1.708165	0.3563861	0.749439	0.250561	0.4477282
7710	-2626.33	-2729.659	103.3289	1.971787	1.315669	0.2330189	0.815532	0.184468	0.4549714
7716	-2632.498	-2736.344	103.8457	1.897306	0.6997647	0.2841138	0.759461	0.240539	0.3510214
7722	-2628.892	-2732.611	103.7193	1.537456	0.9673384	0.3539075	0.749983	0.250017	0.7234825
7728	-2631.595	-2735.202	103.6067	1.476975	0.8848363	0.4360094	0.689474	0.310526	0.8604135
7734	-2633.811	-2737.306	103.4954	1.263476	0.8848363	0.4360094	0.8548	0.1452	1.181316
7740	-2633.237	-2736.05	102.8126	2.002482	1.630042	0.330666	0.769079	0.230921	0.4125746
7746	-2636.048	-2739.817	103.7688	1.822649	0.9412974	0.2544158	0.7246	0.2754	0.4847471
7752	-2633.347	-2736.901	103.5543	1.857789	1.125188	0.2544158	0.732883	0.267117	0.4937535
7758	-2634.052	-2737.701	103.6494	1.815405	0.7751861	0.3949713	0.735255	0.264745	0.4918624
7764	-2626.22	-2729.603	103.3834	1.267748	1.313619	0.3392583	0.876163	0.123837	1.088437
7770	-2632.067	-2735.288	103.2213	1.886838	1.578472	0.232269	0.796833	0.203167	0.4926139
7776	-2629.565	-2732.532	102.9668	1.816257	1.55303	0.3769936	0.805181	0.194819	0.4455716
7782	-2626.738	-2729.759	103.0204	1.861604	1.55303	0.3312969	0.762179	0.237821	0.4622669
7788	-2633.635	-2736.474	102.8385	1.781391	1.55303	0.467425	0.72909	0.27091	0.4759391
7794	-2629.396	-2732.467	103.0706	1.694915	1.345218	0.467425	0.788779	0.211221	0.5831299
7800	-2626.986	-2730.332	103.3461	1.576281	1.398905	0.3536636	0.805133	0.194867	0.6315506
7806	-2620.901	-2724.126	103.2251	1.686385	1.412955	0.3536636	0.822219	0.177781	0.6315506
7812	-2622.353	-2725.637	103.2847	1.246672	1.192713	0.280729	0.75913	0.24087	1.387604
7818	-2623.038	-2726.575	103.5369	1.267425	1.192713	0.2337609	0.798537	0.201463	1.265399
7824	-2622.887	-2725.927	103.0394	1.272235	1.321227	0.4033816	0.757169	0.242831	1.265399
7830	-2631.404	-2735.166	103.7624	1.646626	0.998552	0.3013284	0.77601	0.22399	0.5717117
7836	-2641.533	-2745.689	104.1561	1.603389	0.7909201	0.2526327	0.7682	0.2318	0.5498376
7842	-2627.474	-2730.315	102.8414	0.971101	1.133205	0.3958423	0.777082	0.222918	1.77088
7848	-2625.533	-2728.612	103.0786	0.9447615	1.133205	0.2832239	0.796699	0.203301	1.793412
7854	-2630.223	-2733.59	103.3675	1.573303	1.146308	0.3816963	0.785755	0.214245	0.8444675
7860	-2629.002	-2732.075	103.0726	1.479214	1.180698	0.5265941	0.841439	0.158561	0.9580639
7866	-2634.454	-2737.725	103.2703	1.457663	0.9933979	0.5265941	0.791939	0.208061	0.9580639
7872	-2622.346	-2726.179	103.8333	1.394122	0.9482402	0.2430137	0.798564	0.201436	1.077475
7878	-2622.069	-2725.546	103.4771	1.427122	1.072302	0.3614662	0.764938	0.235062	1.003962
7884	-2625.322	-2729.004	103.6821	1.503312	0.9059805	0.3662073	0.764938	0.235062	0.8719905
7890	-2628.838	-2731.998	103.1602	1.503312	1.499574	0.3662073	0.823039	0.176961	0.8703954
7896	-2626.934	-2730.242	103.3082	1.503312	1.398139	0.3662073	0.762709	0.237291	0.779584
7902	-2628.569	-2731.086	102.517	1.448448	2.282265	0.4386778	0.852222	0.147778	0.9527036
7908	-2632.534	-2735.32	102.7861	1.382112	2.282265	0.3386847	0.814264	0.185736	0.9466396
7914	-2633.975	-2736.556	102.5806	1.34598	1.994384	0.4825059	0.772284	0.227716	1.07373
7920	-2636.782	-2739.555	102.7732	1.520547	1.554806	0.4821219	0.740142	0.259858	0.9939881
7926	-2623.643	-2727.159	103.516	1.445019	1.32557	0.286439	0.818439	0.181561	0.8853984
7932	-2616.148	-2719.302	103.1545	1.524982	1.280258	0.3968073	0.735391	0.264609	0.9734677
7938	-2619.401	-2722.563	103.1624	1.524982	1.543288	0.282544	0.735391	0.264609	1.009841
7944	-2619.262	-2723.509	104.2467	1.381365	0.6627246	0.282544	0.737566	0.262434	0.9127753
7950	-2628.749	-2732.511	103.7622	1.381365	0.6627246	0.4046262	0.727085	0.272915	1.131603
7956	-2627.936	-2731.362	103.4262	1.436451	1.030809	0.4385192	0.719471	0.280529	0.934459
7962	-2632.399	-2735.998	103.5988	1.352635	1.030809	0.3913338	0.748124	0.251876	0.934459
7968	-2627.574	-2731.061	103.4875	1.423233	1.165347	0.358016	0.716287	0.283713	0.9152011
7974	-2622.944	-2727.17	104.2267	1.542102	0.6879889	0.2875136	0.557762	0.442238	0.6492078
7980	-2624.161	-2728	103.8393	1.529749	0.9899067	0.2623176	0.713373	0.286627	0.8293795
7986	-2624.553	-2728.217	103.6643	1.521062	1.027368	0.3387576	0.763045	0.236955	0.787591
7992	-2624.758	-2728.356	103.5974	1.622651	1.066785	0.3387576	0.726305	0.273695	0.6714603
7998	-2623.35	-2727.248	103.8985	1.500095	1.066785	0.2372579	0.718493	0.281507	0.7774339
8004	-2633.109	-2736.788	103.6787	1.347365	1.119637	0.2820686	0.774482	0.225518	1.01506
8010	-2625.033	-2728.376	103.3425	1.467287	1.144576	0.4760519	0.766142	0.233858	0.7913334
8016	-2628.778	-2732.485	103.7076	1.482749	1.144576	0.2840811	0.826682	0.173318	0.8002174
8022	-2629.061	-2732.769	103.7076	1.482749	1.144576	0.2840811	0.69261	0.30739	0.8002174
8028	-2632.32	-2736.164	103.8443	1.73943	0.8788695	0.2840811	0.831009	0.168991	0.4769401
8034	-2634.621	-2738.201	103.5801	1.9021	0.9758393	0.2840811	0.746719	0.253281	0.5045327
8040	-2629.985	-2733.606	103.622	1.715901	0.9758393	0.3384604	0.746719	0.253281	0.6080831
8046	-2628.608	-2732.187	103.5783	1.648396	0.9758393	0.3926997	0.726317	0.273683	0.6080831
8052	-2640.327	-2743.501	103.1737	1.183469	0.8008527	0.3627265	0.703745	0.296255	1.675388
8058	-2630.101	-2733.367	103.266	1.292858	1.18991	0.3438245	0.764982	0.235018	1.251834
8064	-2638.464	-2741.781	103.3172	1.202901	1.472936	0.2618243	0.740035	0.259965	1.2526
8070	-2632.133	-2735.596	103.4639	1.177276	1.028495	0.2618243	0.808994	0.191006	1.4563
8076	-2628.033	-2731.994	103.9611	1.167913	0.6331609	0.4008747	0.79567	0.20433	1.186559
8082	-2623.362	-2727.182	103.8192	1.216699	0.7702929	0.3564681	0.757698	0.242302	1.189536
8088	-2625.674	-2729.031	103.357	1.394483	1.346055	0.3564681	0.757698	0.242302	0.9263683
8094	-2633.833	-2737.305	103.4719	1.379467	1.346055	0.2829515	0.757698	0.242302	0.9940482
8100	-2629.306	-2733.581	104.2751	1.289054	0.6876849	0.2429801	0.777566	0.222434	1.046734
8106	-2633.515	-2737.168	103.6531	1.432697	0.9508898	0.3367257	0.658451	0.341549	0.9951082
8112	-2631.367	-2735.007	103.64	1.393618	0.9247486	0.3956222	0.755006	0.244994	0.9529585
8118	-2632.501	-2735.288	102.7868	1.361348	1.12481	0.564312	0.792832	0.207168	1.313367
8124	-2631.486	-2734.482	102.9964	1.41436	1.12481	0.564312	0.780002	0.219998	1.087948
8130	-2631.869	-2735.726	103.8565	1.568461	0.8542611	0.3237871	0.716582	0.283418	0.7513312
8136	-2628.348	-2732.301	103.9539	1.666139	0.7711162	0.3089432	0.728303	0.271697	0.6347703
8142	-2623.083	-2727.056	103.9728	1.656114	0.7711162	0.3089432	0.815988	0.184012	0.61221
8148	-2618.752	-2722.083	103.3311	1.560258	1.357176	0.3529872	0.766525	0.233475	0.7502537
8154	-2619.274	-2722.704	103.4297	1.482145	1.123572	0.3323245	0.748189	0.251811	1.010275
8160	-2618.507	-2722.223	103.7161	1.468344	1.123572	0.2897752	0.779139	0.220861	0.8150618
8166	-2621.467	-2725.062	103.5953	1.605609	1.116957	0.2897752	0.751095	0.248905	0.8015438
8172	-2625.726	-2728.718	102.9924	1.68684	1.516128	0.3950107	0.763662	0.236338	0.7599247
8178	-2624.354	-2727.61	103.2565	1.591922	1.42663	0.3722633	0.808016	0.191984	0.6630937
8184	-2627.411	-2730.58	103.1697	1.509667	1.34215	0.4301214	0.808016	0.191984	0.8478405
8190	-2626.334	-2729.555	103.2206	1.405547	1.487038	0.3681176	0.777622	0.222378	0.9188738
8196	-2629.966	-2733.288	103.3222	1.422262	1.487038	0.3010809	0.849891	0.150109	0.9483698
8202	-2634.986	-2738.066	103.0802	1.295243	1.41473	0.3218404	0.806266	0.193734	1.290596
8208	-2628.134	-2731.607	103.4723	1.176744	1.062617	0.298705	0.720826	0.279174	1.35485
8214	-2623.998	-2726.778	102.7792	1.101568	1.664112	0.3158415	0.80202	0.19798	1.544576
8220	-2624.567	-2728.144	103.577	1.364663	0.8979912	0.3059101	0.747898	0.252102	1.239238
8226	-2616.002	-2719.747	103.7444	1.18745	0.8273373	0.3059101	0.723774	0.276226	1.312237
8232	-2626.431	-2729.772	103.3412	1.301106	0.7356394	0.5712683	0.729676	0.270324	1.239304
8238	-2623.618	-2727.244	103.6258	1.388361	0.9779519	0.3220164	0.67464	0.32536	1.068892
8244	-2621.504	-2725.278	103.7738	1.254933	0.9779519	0.3013703	0.726662	0.273338	1.098959
8250	-2629.744	-2733.303	103.5596	1.453447	1.187131	0.3066716	0.71805	0.28195	0.9046285
8256	-2634.504	-2737.786	103.2819	1.445771	1.187131	0.4268214	0.758374	0.241626	0.946837
8262	-2627.876	-2731.445	103.5686	1.336267	1.187131	0.3290666	0.644337	0.355663	0.9668837
8268	-2622.186	-2725.672	103.486	1.376947	1.154821	0.2834969	0.735066	0.264934	1.134559
8274	-2620.242	-2723.536	103.294	1.147047	1.259784	0.3154755	0.748579	0.251421	1.349402
8280	-2629.546	-2733.086	103.5398	1.16602	1.288491	0.2951738	0.767352	0.232648	1.147319
8286	-2617.904	-2721.567	103.6625	1.184078	0.9758586	0.2951738	0.732719	0.267281	1.271057
8292	-2629.099	-2732.404	103.3051	1.113648	1.169139	0.2951738	0.826193	0.173807	1.463694
8298	-2624.38	-2727.464	103.0838	1.273617	1.280192	0.4354271	0.741123	0.258877	1.204911
8304	-2634.435	-2737.555	103.1193	1.33884	1.280192	0.3771487	0.802341	0.197659	1.213836
8310	-2632.912	-2736.276	103.3639	1.134372	0.9618312	0.3486752	0.810592	0.189408	1.463173
8316	-2640.672	-2743.838	103.1663	0.9445774	0.9618312	0.2763246	0.792198	0.207802	1.858826
8322	-2632.864	-2736.41	103.5464	1.24685	0.9618312	0.3104222	0.748071	0.251929	1.297576
8328	-2635.303	-2738.66	103.3574	1.140577	1.072505	0.3992548	0.709827	0.290173	1.297576
8334	-2626.783	-2729.371	102.5886	1.089937	1.457414	0.3879823	0.775029	0.224971	1.687855
8340	-2639.538	-2741.87	102.3315	1.230461	1.523852	0.4732741	0.806684	0.193316	1.624028
8346	-2634.091	-2736.42	102.3296	1.087642	1.647835	0.4014414	0.855653	0.144347	1.75749
8352	-2634.38	-2738.134	103.7543	1.382154	0.9272567	0.3879823	0.826693	0.173307	0.851277
8358	-2640.004	-2743.053	103.0494	1.395167	1.376454	0.4452058	0.781149	0.218851	1.040141
8364	-2642.649	-2745.955	103.3057	1.370425	1.635472	0.2489557	0.794695	0.205305	1.040141
8370	-2626.395	-2729.694	103.2983	1.306924	1.121464	0.3541366	0.731897	0.268103	1.246215
8376	-2626.454	-2730.278	103.8241	1.129171	0.7846022	0.2623024	0.790248	0.209752	1.417995
8382	-2636.461	-2740.65	104.1893	1.276103	0.7846022	0.2422142	0.675403	0.324597	1.026568
8388	-2635.788	-2738.896	103.1076	1.337609	1.307036	0.3896603	0.723601	0.276399	1.184718
8394	-2633.391	-2736.632	103.2411	1.52758	1.495539	0.3243634	0.705317	0.294683	0.8547359
8400	-2627.004	-2730.013	103.0084	1.193255	1.398181	0.3287014	0.819119	0.180881	1.426214
8406	-2620.199	-2723.51	103.311	1.296054	1.398181	0.3319482	0.829342	0.170658	1.081728
8412	-2627.135	-2730.169	103.0341	1.395346	1.990933	0.3319482	0.718482	0.281518	0.8516299
8418	-2625.85	-2729.209	103.3589	1.513901	1.373494	0.3615703	0.718482	0.281518	0.7314655
8424	-2632.421	-2736.349	103.9275	1.39109	1.067467	0.2181724	0.70181	0.29819	0.9367031
8430	-2629.939	-2733.679	103.74	1.37007	0.9890523	0.3300926	0.723135	0.276865	0.9446445
8436	-2633.517	-2737.49	103.9724	1.415515	0.7381839	0.3300926	0.645672	0.354328	0.947965
8442	-2632.615	-2736.368	103.7528	1.341937	1.225457	0.2208836	0.824274	0.175726	1.012242
8448	-2626.957	-2730.251	103.2948	1.363233	1.225457	0.3455331	0.72725	0.27275	1.136872
8454	-2631.106	-2734.4	103.2941	1.263431	1.225457	0.3605729	0.762934	0.237066	1.197207
8460	-2636.254	-2739.393	103.1384	1.253659	1.225457	0.2726992	0.791048	0.208952	1.487738
8466	-2635.625	-2739.681	104.0553	1.245198	0.7078647	0.2601551	0.633607	0.366393	1.219328
8472	-2636.439	-2740.727	104.2879	1.654456	0.584765	0.2672848	0.768956	0.231044	0.6889666
8478	-2628.945	-2733.401	104.4553	1.561293	0.5221124	0.2672848	0.717421	0.282579	0.7268844
8484	-2627.993	-2731.619	103.6259	1.457747	0.8209129	0.4719029	0.701852	0.298148	0.8706361
8490	-2632.26	-2735.505	103.2452	1.526951	1.124393	0.4719029	0.647027	0.352973	0.8706361
8496	-2624.905	-2728.747	103.8418	1.520374	1.046294	0.2694571	0.745851	0.254149	0.736919
8502	-2627.957	-2731.273	103.3163	1.439855	1.046294	0.4764659	0.804572	0.195428	0.9606898
8508	-2619.523	-2722.958	103.4352	1.338063	1.252905	0.3673182	0.755264	0.244736	0.9606898
8514	-2629.139	-2732.389	103.2495	1.382993	1.61287	0.3170374	0.790767	0.209233	0.9327822
8520	-2632.346	-2735.627	103.2812	1.381661	1.387014	0.3547672	0.827845	0.172155	0.9890679
8526	-2634.736	-2738.327	103.5906	1.446851	1.085176	0.3547672	0.750306	0.249694	0.8619109
8532	-2630.086	-2733.784	103.6977	1.455116	0.9998212	0.3547672	0.750306	0.249694	0.8217654
8538	-2628.153	-2731.874	103.7205	1.392395	0.9316383	0.3547672	0.808237	0.191763	0.9483804
8544	-2632.774	-2736.464	103.6891	1.403519	0.9138017	0.4095901	0.695703	0.304297	0.8707859
8550	-2627.392	-2731.059	103.6673	1.53742	1.175896	0.2873551	0.753465	0.246535	0.7273019
8556	-2635.712	-2739.039	103.3267	1.597341	1.326384	0.3815698	0.807692	0.192308	0.6283963
8562	-2634.234	-2737.528	103.2941	1.798902	1.326384	0.312347	0.761365	0.238635	0.5579329
8568	-2631.494	-2734.882	103.3878	1.705473	1.269814	0.3290384	0.728943	0.271057	0.5921744
8574	-2632.549	-2735.98	103.431	1.207032	0.986903	0.2910519	0.768567	0.231433	1.435425
8580	-2625.397	-2728.982	103.5855	1.718292	1.052422	0.3202252	0.755671	0.244329	0.6030012
8586	-2627.758	-2731.372	103.6147	1.718292	1.213497	0.2475108	0.757625	0.242375	0.6030012
8592	-2625.632	-2728.968	103.3356	1.654784	1.213497	0.3915991	0.805629	0.194371	0.6472593
8598	-2626.604	-2730.059	103.4548	1.776099	1.102455	0.3391929	0.771115	0.228885	0.4641013
8604	-2626.822	-2729.501	102.6795	1.773791	1.968314	0.4069659	0.86476	0.13524	0.5639548
8610	-2640.918	-2744.55	103.6323	1.254111	1.021162	0.3080545	0.786901	0.213099	1.173662
8616	-2623.994	-2727.229	103.2343	1.393193	1.616929	0.3080545	0.811758	0.188242	0.9567872
8622	-2624.1	-2726.806	102.7056	1.623618	2.191911	0.3836189	0.869601	0.130399	0.6744972
8628	-2626.255	-2729.078	102.8229	1.667644	2.191911	0.3092055	0.823157	0.176843	0.6685003
8634	-2630.151	-2732.923	102.7721	1.589738	2.191911	0.37442	0.790256	0.209744	0.6452897
8640	-2632.574	-2736.469	103.8951	1.52119	0.9367771	0.2955915	0.714235	0.285765	0.7257688
8646	-2626.524	-2730.209	103.6845	1.541391	1.13166	0.2955915	0.786361	0.213639	0.7257688
8652	-2626.857	-2730.467	103.6094	1.465198	1.182708	0.3159679	0.807388	0.192612	0.8100222
8658	-2632.921	-2735.984	103.0627	1.492876	1.895089	0.3159679	0.756054	0.243946	0.8100222
8664	-2628.488	-2731.758	103.2702	1.595236	1.079012	0.4707195	0.805098	0.194902	0.8100222
8670	-2626.046	-2729.549	103.5033	1.3631	1.079012	0.4328002	0.775407	0.224593	0.8906179
8676	-2632.015	-2735.61	103.5945	1.213374	1.079012	0.245102	0.692192	0.307808	1.321921
8682	-2628.623	-2732.031	103.4077	1.192093	1.079012	0.3034882	0.808137	0.191863	1.372632
8688	-2630.026	-2733.312	103.2867	1.278458	1.195707	0.3398715	0.708213	0.291787	1.249405
8694	-2637.324	-2740.332	103.0082	1.082972	1.424764	0.303822	0.8005	0.1995	1.536485
8700	-2637.125	-2739.714	102.5892	1.374059	1.514629	0.4488663	0.868116	0.131884	1.359026
8706	-2626.802	-2730.128	103.3268	1.279565	1.282041	0.3199143	0.868116	0.131884	1.189329
8712	-2628.627	-2731.538	102.9104	1.368317	1.444668	0.4547152	0.786246	0.213754	1.129597
8718	-2619.364	-2722.346	102.9819	1.284541	1.938589	0.2968952	0.79711	0.20289	1.129597
8724	-2626.139	-2729.483	103.344	1.227433	1.452916	0.2916519	0.755841	0.244159	1.159008
8730	-2629.034	-2731.789	102.7551	1.61908	2.29627	0.3408521	0.866429	0.133571	0.6485052
8736	-2624.131	-2727.277	103.1465	1.697914	1.261254	0.4478408	0.754734	0.245266	0.6478505
8742	-2622.097	-2725.401	103.3038	1.514871	1.261254	0.4478408	0.728143	0.271857	0.6980198
8748	-2628.979	-2732.353	103.3739	1.704276	1.261254	0.3396341	0.83468	0.16532	0.5898081
8754	-2631.354	-2734.75	103.3958	1.711826	1.281712	0.313721	0.741885	0.258115	0.6203232
8760	-2620.741	-2724.088	103.3467	1.44967	1.281712	0.3652901	0.836884	0.163116	0.9145698
8766	-2619.831	-2723.194	103.3632	1.391943	1.281712	0.3781714	0.691117	0.308883	0.9311648
8772	-2620.935	-2724.504	103.5687	1.509217	1.064667	0.3781714	0.809277	0.190723	0.7731103
8778	-2622.973	-2726.534	103.5606	1.510635	1.25052	0.2864496	0.816028	0.183972	0.8273065
8784	-2621.968	-2725.261	103.2928	1.453749	1.25052	0.4089739	0.744416	0.255584	0.9033006
8790	-2626.267	-2729.499	103.2316	1.434289	1.25052	0.3465783	0.75913	0.24087	1.108515
8796	-2624.585	-2727.937	103.3527	1.596259	1.25052	0.3547562	0.753063	0.246937	0.7872553
8802	-2627.055	-2730.1	103.0456	1.596259	1.25052	0.5324511	0.760654	0.239346	0.7672011
8808	-2626.668	-2730.208	103.5404	1.574636	0.8071506	0.5324511	0.783993	0.216007	0.7134264
8814	-2629.101	-2732.571	103.4698	1.536378	0.8071506	0.5324511	0.708063	0.291937	0.8630857
8820	-2630.626	-2733.582	102.9563	1.348019	1.428479	0.5788149	0.708063	0.291937	0.9196289
8826	-2619.697	-2723.431	103.7336	1.486801	0.9331872	0.3167397	0.749872	0.250128	0.9196289
8832	-2625.021	-2728.764	103.7427	1.484517	0.9331872	0.3167397	0.6679	0.3321	0.9120856
8838	-2627.16	-2730.402	103.2423	1.461748	1.247933	0.4309763	0.716537	0.283463	0.9073639
8844	-2626.405	-2729.387	102.9819	1.465073	1.691178	0.3375313	0.759757	0.240243	1.021978
8850	-2629.737	-2733.073	103.336	1.358898	1.370758	0.3901579	0.771404	0.228596	0.8919775
8856	-2638.713	-2742.35	103.6365	1.326701	1.370758	0.2155251	0.867217	0.132783	1.038963
8862	-2627.519	-2731.02	103.5014	1.29017	1.214412	0.3234711	0.82437	0.17563	1.067202
8868	-2643.221	-2746.508	103.2863	1.424398	1.364638	0.3234711	0.773408	0.226592	1.025831
8874	-2643.943	-2747.316	103.3731	1.377423	1.364638	0.2307707	0.753045	0.246955	1.197293
8880	-2634.382	-2738.719	104.337	1.376986	0.7281028	0.2307707	0.703482	0.296518	0.8694391
8886	-2636.242	-2740.263	104.0203	1.584415	0.7281028	0.3243076	0.620061	0.379939	0.7023492
8892	-2626.956	-2730.788	103.8312	1.602975	0.9124318	0.3243076	0.674962	0.325038	0.6102581
8898	-2620.647	-2724.434	103.7875	1.627793	0.9302449	0.3243076	0.710813	0.289187	0.6102581
8904	-2615.512	-2719.47	103.9577	1.534551	0.8956163	0.2802793	0.710813	0.289187	0.7331107
8910	-2640.653	-2744.084	103.4305	1.317094	1.321878	0.3209124	0.686809	0.313191	1.028731
8916	-2631.151	-2734.746	103.5943	1.317094	0.9700861	0.3184545	0.686809	0.313191	1.176016
8922	-2628.271	-2732.301	104.03	1.525959	0.8836131	0.2370556	0.752055	0.247945	0.8178865
8928	-2626.65	-2730.703	104.0527	1.460874	0.8836131	0.2530676	0.752055	0.247945	0.8178865
8934	-2620.236	-2723.635	103.3992	1.612736	1.237324	0.3448396	0.775368	0.224632	0.7427739
8940	-2618.556	-2721.984	103.4283	1.532179	1.237324	0.3643322	0.818095	0.181905	0.7588493
8946	-2622.482	-2726.149	103.6665	1.552695	1.237324	0.2554313	0.789522	0.210478	0.7452695
8952	-2622.166	-2725.992	103.8251	1.592129	1.072326	0.2554313	0.750155	0.249845	0.6584624
8958	-2621.703	-2725.376	103.6731	1.62921	0.93624	0.3698036	0.767167	0.232833	0.6360846
8964	-2629.204	-2732.315	103.1108	1.585995	1.286258	0.4953389	0.767167	0.232833	0.7301549
8970	-2624.833	-2728.393	103.5596	1.530031	1.409651	0.260563	0.815896	0.184104	0.7084866
8976	-2629.341	-2732.297	102.9566	1.404922	2.209266	0.260563	0.733326	0.266674	0.9762423
8982	-2621	-2724.833	103.8324	1.461603	1.150007	0.2409567	0.799242	0.200758	0.8013862
8988	-2618.243	-2722.409	104.166	1.417168	0.8137645	0.2409567	0.742417	0.257583	0.8685783
8994	-2624.703	-2728.745	104.0424	1.355515	0.7661048	0.2797205	0.771189	0.228811	1.02097
9000	-2621.906	-2726.021	104.1151	1.277004	0.7661048	0.2922975	0.711367	0.288633	0.9967582
9006	-2620.313	-2724.259	103.946	1.149426	0.7661048	0.2999902	0.743829	0.256171	1.248741
9012	-2621.754	-2725.56	103.8063	1.194912	0.7661048	0.3039565	0.797755	0.202245	1.318406
9018	-2618.923	-2722.704	103.7806	1.184466	0.7543193	0.3358866	0.713978	0.286022	1.30155
9024	-2619.969	-2723.367	103.3972	1.183212	1.11751	0.3358866	0.73656	0.26344	1.30155
9030	-2628.93	-2732.228	103.2981	1.054792	0.9741511	0.3058244	0.76345	0.23655	1.631119
9036	-2637.641	-2741.019	103.3773	0.9776461	0.7585963	0.3058244	0.731529	0.268471	1.799519
9042	-2629.812	-2733.318	103.5059	1.043782	0.8612145	0.2391671	0.780047	0.219953	1.694875
9048	-2639.59	-2742.478	102.8884	1.011268	1.195693	0.3782353	0.798587	0.201413	1.694875
9054	-2631.867	-2734.856	102.9889	0.9345635	1.168653	0.3782353	0.799609	0.200391	1.694875
9060	-2631.518	-2734.918	103.3996	1.175362	0.73658	0.3782353	0.762488	0.237512	1.551369
9066	-2632.943	-2736.639	103.6955	1.197098	0.73658	0.3638749	0.835142	0.164858	1.330214
9072	-2627.83	-2731.111	103.2802	1.203439	1.21928	0.3573873	0.743635	0.256365	1.269371
9078	-2631.906	-2735.005	103.0989	1.12256	1.35081	0.2926764	0.81705	0.18295	1.501796
9084	-2631.705	-2734.879	103.1748	1.046669	1.35081	0.2926764	0.819136	0.180864	1.501796
9090	-2631.223	-2733.893	102.6702	1.133629	1.606516	0.3155113	0.793455	0.206545	1.630196
9096	-2631.135	-2734.335	103.1997	1.181747	1.506551	0.3155113	0.793455	0.206545	1.2404
9102	-2639.733	-2742.587	102.8531	1.148302	1.476755	0.3535615	0.750188	0.249812	1.492659
9108	-2633.342	-2736.589	103.2468	1.151478	1.072173	0.3938533	0.81924	0.18076	1.385644
9114	-2631.269	-2735.069	103.7997	1.274968	0.9565166	0.2526592	0.783033	0.216967	1.184025
9120	-2635.282	-2739.11	103.8276	1.26282	0.9565166	0.2634685	0.634315	0.365685	1.145952
9126	-2623.69	-2726.958	103.2672	1.318106	1.419757	0.3182779	0.728061	0.271939	1.11425
9132	-2624.051	-2727.205	103.1541	1.248617	1.419757	0.3672251	0.780422	0.219578	1.183265
9138	-2625.325	-2728.253	102.9277	1.172525	1.611259	0.3423082	0.780422	0.219578	1.360518
9144	-2624.981	-2727.66	102.6788	1.200262	1.78328	0.3944554	0.781039	0.218961	1.360518
9150	-2623.28	-2725.873	102.5926	1.166214	1.424712	0.4456439	0.700732	0.299268	1.569761
9156	-2619.979	-2722.965	102.986	1.079499	1.211242	0.3753351	0.775006	0.224994	1.569761
9162	-2615.537	-2718.625	103.088	1.190824	1.211242	0.3753351	0.712451	0.287549	1.409138
9168	-2619.762	-2722.931	103.1688	1.353645	1.224132	0.3773222	0.731942	0.268058	1.199043
9174	-2620.935	-2724.171	103.2355	1.32351	1.511859	0.3773222	0.867197	0.132803	0.9514063
9180	-2631.329	-2734.501	103.1723	1.464217	1.332933	0.3773222	0.677647	0.322353	1.012076
9186	-2636.075	-2739.246	103.1713	1.208236	0.9875778	0.3773222	0.858377	0.141623	1.488554
9192	-2633.169	-2736.234	103.0659	1.223662	1.161887	0.4307255	0.777367	0.222633	1.351412
9198	-2628.162	-2731.084	102.9223	1.2453	1.447099	0.4095571	0.821543	0.178457	1.293171
9204	-2620.485	-2723.801	103.3165	1.207178	1.182071	0.3400192	0.635965	0.364035	1.293171
9210	-2628.398	-2731.179	102.7805	1.225181	1.565668	0.4643883	0.780095	0.219905	1.273126
9216	-2637.693	-2740.251	102.5576	1.15695	1.560699	0.4643883	0.787748	0.212252	1.503682
9222	-2628.707	-2731.776	103.0687	1.308542	1.560699	0.3486527	0.814564	0.185436	1.148154
9228	-2623.162	-2726.302	103.1397	1.237573	1.560699	0.3486527	0.839162	0.160838	1.148154
9234	-2629.531	-2733.272	103.7408	1.244418	0.9654716	0.2668119	0.708474	0.291526	1.221774
9240	-2622.5	-2725.877	103.377	1.297489	1.472677	0.2668119	0.791348	0.208652	1.107776
9246	-2617.199	-2720.76	103.5614	1.425976	1.292587	0.2668119	0.777494	0.222506	0.9393333
9252	-2621.285	-2724.812	103.5268	1.37652	1.174849	0.3084076	0.742004	0.257996	1.025757
9258	-2632.539	-2735.243	102.7047	1.405019	1.762523	0.4105506	0.762309	0.237691	1.154236
9264	-2623.531	-2726.439	102.9079	1.341757	1.942607	0.3318063	0.834081	0.165919	1.070303
9270	-2640.77	-2743.422	102.6516	1.387111	2.740168	0.2466546	0.834081	0.165919	1.069225
9276	-2622.474	-2726.233	103.7587	1.34675	0.9061442	0.3268919	0.711099	0.288901	1.043255
9282	-2628.496	-2732.476	103.9802	1.276111	0.9061442	0.2583725	0.791357	0.208643	1.054425
9288	-2628.924	-2732.877	103.9526	1.212854	0.7709446	0.3156714	0.678966	0.321034	1.152925
9294	-2628.371	-2732.27	103.8993	1.266173	0.7709446	0.3156714	0.678966	0.321034	1.152925
9300	-2629.694	-2733.445	103.7517	1.367958	0.9886882	0.3156714	0.678966	0.321034	0.9685219
9306	-2625.942	-2729.793	103.851	1.227261	0.8506383	0.2724078	0.792192	0.207808	1.235711
9312	-2619.134	-2723.081	103.9474	1.273092	0.8506383	0.263485	0.773639	0.226361	1.131837
9318	-2617.564	-2721.617	104.0528	1.353958	0.8506383	0.2474992	0.690452	0.309548	0.9948046
9324	-2622.853	-2726.675	103.8228	1.300138	0.8213368	0.3011496	0.772992	0.227008	1.166994
9330	-2626.007	-2729.882	103.8742	1.435357	0.7785934	0.3644073	0.78609	0.21391	0.9001157
9336	-2635.607	-2739.862	104.2552	1.175718	0.7785934	0.2085051	0.859936	0.140064	1.15201
9342	-2623.722	-2727.137	103.4149	1.321154	1.063185	0.410862	0.713051	0.286949	1.080196
9348	-2628.751	-2731.783	103.0319	1.216817	1.116518	0.410862	0.861536	0.138464	1.444044
9354	-2626.379	-2729.255	102.8759	1.09838	1.234921	0.3981803	0.769979	0.230021	1.588706
9360	-2636.319	-2739.206	102.8875	1.115501	1.294811	0.3587717	0.75391	0.24609	1.588706
9366	-2628.799	-2731.839	103.0402	1.166013	1.206719	0.3587717	0.717373	0.282627	1.493299
9372	-2630.961	-2733.833	102.8722	1.100399	1.416334	0.377006	0.767393	0.232607	1.51249
9378	-2633.092	-2736.383	103.2905	1.201333	1.319855	0.313152	0.733455	0.266545	1.272533
9384	-2627.549	-2731.763	104.2133	1.327015	0.7564393	0.2478676	0.794721	0.205279	0.9707637
9390	-2632.23	-2735.643	103.4132	1.472337	1.068058	0.431804	0.677831	0.322169	0.8826836
9396	-2639.537	-2743.69	104.1525	1.377938	0.6969177	0.2402629	0.710228	0.289772	1.073985
9402	-2638.949	-2743.218	104.2695	1.298352	0.6969177	0.2938909	0.765528	0.234472	0.8990596
9408	-2629.426	-2733.365	103.9395	1.451189	0.7645302	0.2938909	0.741055	0.258945	0.9963364
9414	-2624.662	-2728.607	103.9449	1.366009	0.8095613	0.3127933	0.686114	0.313886	0.9783488
9420	-2627.534	-2731.349	103.8147	1.36983	0.8095613	0.3730214	0.686114	0.313886	0.9758916
9426	-2637.634	-2740.577	102.9425	1.36983	1.701484	0.3730214	0.787954	0.212046	1.073294
9432	-2625.209	-2728.245	103.0363	1.159006	1.309553	0.3126052	0.794696	0.205304	1.511686
9438	-2620.584	-2723.898	103.3136	1.291678	1.309553	0.2945602	0.847335	0.152665	1.220633
9444	-2631.524	-2734.737	103.2132	1.27228	0.8905029	0.5038437	0.866977	0.133023	1.306777
9450	-2630.624	-2734.141	103.5177	1.367902	1.141117	0.2923188	0.727608	0.272392	1.106219
9456	-2630.244	-2733.972	103.7286	1.284192	0.8897768	0.3719573	0.782575	0.217425	1.057804
9462	-2640.574	-2744.467	103.8929	1.226938	0.890442	0.2983201	0.766706	0.233294	1.10641
9468	-2640.699	-2744.805	104.1055	1.308301	0.890442	0.2196685	0.661977	0.338023	1.019333
9474	-2632.257	-2736.418	104.1609	1.325214	0.7125757	0.2717605	0.759531	0.240469	1.019333
9480	-2635.782	-2738.603	102.8211	1.03196	1.24689	0.4449203	0.837559	0.162441	1.606209
9486	-2627.824	-2731.372	103.5479	1.222995	0.9775285	0.3587443	0.666116	0.333884	1.215605
9492	-2633.46	-2736.959	103.4988	1.109087	0.9775285	0.3587443	0.75595	0.24405	1.349286
9498	-2629.506	-2732.403	102.8967	1.143656	1.683	0.3587443	0.820714	0.179286	1.341694
9504	-2634.849	-2737.472	102.6224	1.218868	1.683	0.435599	0.83406	0.16594	1.381221
9510	-2634.621	-2737.661	103.0401	1.325202	1.683	0.3888307	0.832734	0.167266	1.003712
9516	-2629.802	-2732.652	102.8494	1.53808	1.839314	0.3872659	0.801852	0.198148	0.874748
9522	-2634.337	-2737.069	102.7323	1.599297	2.065108	0.4115837	0.801852	0.198148	0.700845
9528	-2634.81	-2738.178	103.3675	1.659576	0.9459475	0.5312931	0.779011	0.220989	0.5651904
9534	-2636.158	-2739.858	103.6998	1.52234	0.9702838	0.3577572	0.782961	0.217039	0.7597002
9540	-2636.838	-2740.026	103.1872	1.611328	1.456173	0.3577572	0.837784	0.162216	0.7597002
9546	-2636.299	-2739.595	103.296	1.353741	1.456173	0.3102283	0.751752	0.248248	1.045474
9552	-2630.815	-2734.528	103.7133	1.202214	1.106203	0.2426218	0.751752	0.248248	1.217578
9558	-2631.806	-2735.421	103.6151	1.077666	1.106203	0.2426218	0.806545	0.193455	1.398063
9564	-2632.943	-2735.87	102.9274	1.130213	1.484765	0.306452	0.795033	0.204967	1.52346
9570	-2621.558	-2724.302	102.7442	1.162791	1.484765	0.306452	0.771784	0.228216	1.633658
9576	-2623.292	-2727.044	103.752	1.077819	0.7495947	0.306452	0.669103	0.330897	1.463634
9582	-2628.773	-2732.457	103.684	1.11574	0.7495947	0.306452	0.838293	0.161707	1.486348
9588	-2631.829	-2735.1	103.2707	1.156629	1.319276	0.3318345	0.70771	0.29229	1.291713
9594	-2625.158	-2728.708	103.5501	1.212354	0.9337206	0.3318345	0.757332	0.242668	1.307558
9600	-2638.512	-2741.374	102.8615	1.391835	1.438853	0.4168683	0.771903	0.228097	1.215665
9606	-2642.809	-2746.354	103.5456	1.370867	1.438853	0.2696951	0.77567	0.22433	0.8818383
9612	-2623.172	-2727.354	104.1819	1.244074	0.7565771	0.2340308	0.625667	0.374333	1.116085
9618	-2623.587	-2727.563	103.9761	1.330814	0.7565771	0.3135489	0.662609	0.337391	1.043518
9624	-2617.023	-2720.595	103.5724	1.249162	1.155728	0.2772353	0.691015	0.308985	1.183629
9630	-2618.49	-2721.824	103.3338	1.336992	1.255101	0.3388333	0.78345	0.21655	1.115633
9636	-2621.759	-2725.084	103.3249	1.357887	1.255101	0.399023	0.782279	0.217721	0.9870847
9642	-2625.875	-2729.194	103.3194	1.434974	1.255101	0.4181879	0.782034	0.217966	0.8700014
9648	-2629.251	-2732.145	102.894	1.475092	1.4818	0.5028358	0.756329	0.243671	0.9349802
9654	-2620.738	-2724.441	103.7031	1.32341	0.8882028	0.3253447	0.764911	0.235089	1.137326
9660	-2630.452	-2733.624	103.1717	1.07773	0.8777545	0.396792	0.78954	0.21046	1.641079
9666	-2630.518	-2733.873	103.355	1.059488	0.8777545	0.3297342	0.678817	0.321183	1.621623
9672	-2629.7	-2732.448	102.7478	1.130511	1.749335	0.324834	0.779142	0.220858	1.489213
9678	-2620.536	-2723.908	103.3721	1.270329	1.01312	0.3622027	0.775386	0.224614	1.286905
9684	-2625.062	-2728.657	103.5945	1.264306	1.01312	0.2741604	0.726417	0.273583	1.27195
9690	-2628.244	-2732.085	103.8408	1.594913	0.9777378	0.2711791	0.781447	0.218553	0.7212326
9696	-2626.15	-2729.392	103.2424	1.600295	1.384313	0.3816292	0.794168	0.205832	0.699969
9702	-2629.795	-2732.883	103.0884	1.44014	1.741081	0.3162923	0.805471	0.194529	0.9533487
9708	-2631.718	-2734.838	103.1207	1.411123	1.741081	0.355805	0.786382	0.213618	0.8537469
9714	-2628.277	-2731.804	103.5276	1.586884	1.097027	0.334875	0.860042	0.139958	0.8046992
9720	-2641.014	-2744.759	103.7453	1.704672	1.097027	0.2331167	0.71447	0.28553	0.6650031
9726	-2626.476	-2730.099	103.6236	1.788209	1.183684	0.2331167	0.766742	0.233258	0.5484291
9732	-2629.742	-2733.353	103.6106	1.724994	1.130563	0.2821449	0.806838	0.193162	0.5347475
9738	-2616.578	-2720.132	103.554	1.898098	1.130563	0.2363074	0.755859	0.244141	0.4618084
9744	-2617.575	-2720.81	103.2349	1.900239	1.468303	0.2414248	0.822587	0.177413	0.3901824
9750	-2616.953	-2719.901	102.9479	1.900239	1.468303	0.376053	0.822587	0.177413	0.4514342
9756	-2619.081	-2722.046	102.965	1.951236	1.544496	0.3097878	0.807443	0.192557	0.4003655
9762	-2622.1	-2725.637	103.5364	1.37771	1.274326	0.2945999	0.671087	0.328913	0.9612104
9768	-2633.588	-2737.323	103.7355	1.344314	1.200082	0.240488	0.740674	0.259326	0.995269
9774	-2630.541	-2734.235	103.6933	1.315185	1.053405	0.325155	0.740422	0.259578	0.995269
9780	-2630.19	-2733.675	103.4855	2.014792	0.8159583	0.3214665	0.758742	0.241258	0.3364301
9786	-2636.897	-2740.369	103.4726	2.014792	0.7988581	0.3489771	0.769024	0.230976	0.3681881
9792	-2630.948	-2734.471	103.5229	1.987458	0.7988581	0.3489771	0.702925	0.297075	0.4078011
9798	-2635.831	-2739.411	103.5799	2.006796	0.7285291	0.3489771	0.681666	0.318334	0.389054
9804	-2627.325	-2730.729	103.4039	1.422771	1.290557	0.3510819	0.717931	0.282069	0.9055383
9810	-2627.944	-2731.323	103.3788	1.447934	1.290557	0.3510819	0.850619	0.149381	0.9055383
9816	-2630.046	-2733.351	103.3051	1.45718	1.500484	0.2989874	0.754854	0.245146	0.9238412
9822	-2629.534	-2732.837	103.3038	1.603404	1.109196	0.4524501	0.787755	0.212245	0.7575108
9828	-2629.99	-2733.581	103.5905	1.32578	1.000312	0.3395615	0.668981	0.331019	1.103158
9834	-2630.257	-2734.146	103.89	1.488691	0.8615815	0.3360434	0.734457	0.265543	0.7678662
9840	-2626.974	-2730.652	103.6787	1.457135	0.8613307	0.3678511	0.727081	0.272919	0.9758563
9846	-2631.184	-2734.925	103.7411	1.487377	0.7184529	0.4390322	0.704985	0.295015	0.9135095
9852	-2624.607	-2728.488	103.8801	1.35906	1.003197	0.2847968	0.825035	0.174965	0.9016668
9858	-2623.093	-2726.508	103.4156	1.284351	1.095746	0.4133163	0.74478	0.25522	1.080908
9864	-2627.44	-2730.344	102.904	1.203282	1.095746	0.4133163	0.781359	0.218641	1.560984
9870	-2626.447	-2729.578	103.1308	1.044814	1.095746	0.2676078	0.742627	0.257373	1.738065
9876	-2623.928	-2727.294	103.3659	1.162901	1.232144	0.3251705	0.742627	0.257373	1.279943
9882	-2628.028	-2731.367	103.3395	1.24879	1.243899	0.29474	0.798094	0.201906	1.279943
9888	-2629.873	-2733.039	103.1666	1.20079	1.243899	0.3355297	0.825477	0.174523	1.383055
9894	-2628.076	-2731.452	103.3764	1.397295	1.225542	0.4128137	0.824023	0.175977	0.8883606
9900	-2628.069	-2731.443	103.3733	1.466746	1.131	0.4128137	0.820955	0.179045	0.9078336
9906	-2623.004	-2726.277	103.2728	1.529348	1.46995	0.2978364	0.752756	0.247244	0.9078336
9912	-2624.134	-2727.562	103.4281	1.525996	1.434686	0.3164131	0.797821	0.202179	0.6773696
9918	-2625.491	-2728.949	103.4579	1.555617	1.366828	0.3154896	0.740114	0.259886	0.6680375
9924	-2627.13	-2731.587	104.4565	1.651369	0.6632545	0.1801835	0.63505	0.36495	0.6219016
9930	-2628.769	-2733.167	104.398	1.611411	0.5073478	0.2835193	0.701585	0.298415	0.7124343
9936	-2626.474	-2731.048	104.5736	1.464902	0.5574622	0.2048496	0.64822	0.35178	0.8528072
9942	-2620.969	-2725.347	104.3775	1.378535	0.5574622	0.2720304	0.702933	0.297067	0.9654984
9948	-2624.936	-2729.277	104.3414	1.357709	0.5819281	0.2720304	0.702933	0.297067	0.9860485
9954	-2632.005	-2735.477	103.4721	1.407635	1.264398	0.2720304	0.701851	0.298149	1.057646
9960	-2625.391	-2729.14	103.7485	1.41251	0.9993782	0.2878174	0.701851	0.298149	0.981376
9966	-2631.851	-2735.327	103.4767	1.443909	1.24643	0.2878174	0.782379	0.217621	0.9950235
9972	-2635.831	-2739.362	103.5314	1.380286	1.24643	0.2878174	0.706962	0.293038	1.00396
9978	-2627.913	-2731.154	103.2402	1.457103	1.760674	0.27573	0.783597	0.216403	0.8570078
9984	-2638.672	-2742.467	103.7949	1.630002	0.9792829	0.27573	0.783804	0.216196	0.718036
9990	-2637.403	-2740.645	103.2425	1.390957	1.670634	0.27573	0.801343	0.198657	0.9917069
9996	-2639.829	-2742.951	103.1218	1.343813	1.453651	0.4776453	0.735147	0.264853	0.8984153
10002	-2630.751	-2733.923	103.1715	1.572829	1.233332	0.4201918	0.788534	0.211466	0.8984153
10008	-2631.83	-2735.361	103.5308	1.540539	1.383217	0.2755691	0.772141	0.227859	0.7105633
10014	-2634.013	-2737.379	103.3659	1.941031	1.252008	0.2331874	0.81282	0.18718	0.3578233
10020	-2626.756	-2729.836	103.0791	1.774543	1.671917	0.3080711	0.810555	0.189445	0.5198484
10026	-2623.888	-2727.587	103.6994	1.712232	1.062847	0.2675559	0.772719	0.227281	0.6213007
10032	-2631.338	-2735.001	103.6633	1.622232	1.062847	0.2675559	0.657251	0.342749	0.8278186
10038	-2620.884	-2724.424	103.5403	1.524831	1.279673	0.2675559	0.760705	0.239295	0.8617454
10044	-2621.458	-2724.471	103.0133	1.373264	1.436042	0.5104246	0.746659	0.253341	0.9397245
10050	-2627.049	-2729.571	102.5221	1.297787	1.884156	0.4826726	0.763937	0.236063	1.226643
10056	-2631.963	-2734.634	102.6706	1.229861	1.884156	0.4367333	0.811448	0.188552	1.226643
10062	-2626.41	-2728.801	102.3909	1.183872	1.884156	0.3818865	0.811448	0.188552	1.562583
10068	-2626.317	-2728.858	102.5408	1.052514	1.250743	0.4766671	0.842015	0.157985	1.749346
10074	-2637.242	-2740.455	103.2137	1.356929	1.161783	0.4938309	0.764581	0.235419	1.010357
10080	-2636.586	-2739.675	103.0885	1.281957	1.161783	0.4760691	0.828843	0.171157	1.219527
10086	-2631.35	-2734.385	103.0342	1.28395	1.161783	0.4057068	0.817565	0.182435	1.365871
10092	-2621.007	-2724.303	103.2965	1.261352	1.254389	0.4057068	0.730583	0.269417	1.095595
10098	-2626.758	-2730.445	103.6877	1.373949	0.898865	0.4057068	0.742912	0.257088	0.9319736
10104	-2626.784	-2730.474	103.6903	1.374501	0.8348813	0.4057068	0.79938	0.20062	1.002417
10110	-2629.403	-2732.935	103.5326	1.312384	1.026625	0.4057068	0.808371	0.191629	1.019356
10116	-2627.801	-2731.314	103.5133	1.35645	1.026625	0.4134959	0.796224	0.203776	0.9797528
10122	-2628.868	-2732.604	103.7355	1.357277	0.9399282	0.3410199	0.774258	0.225742	0.9902781
10128	-2633.906	-2737.393	103.4876	1.376902	1.043865	0.3908925	0.663912	0.336088	1.011769
10134	-2627.355	-2731.19	103.8351	1.414937	0.8400276	0.3695345	0.672568	0.327432	0.8739255
10140	-2629.402	-2733.274	103.8716	1.632019	0.8400276	0.3112808	0.685008	0.314992	0.695573
10146	-2631.596	-2735.098	103.5013	1.525856	1.400334	0.2650378	0.718455	0.281545	0.7956224
10152	-2633.938	-2737.406	103.468	1.635519	1.325363	0.2972974	0.838461	0.161539	0.6355939
10158	-2622.392	-2725.739	103.3466	1.562436	1.325363	0.3758819	0.781187	0.218813	0.6854163
10164	-2630.102	-2733.344	103.2421	1.72401	1.318011	0.3758819	0.717659	0.282341	0.548089
10170	-2625.231	-2728.439	103.2075	1.800926	1.318011	0.3533522	0.86522	0.13478	0.5670389
10176	-2627.728	-2731.268	103.5395	1.566759	1.103723	0.3395446	0.781007	0.218993	0.7938437
10182	-2633.038	-2736.25	103.2127	1.686005	1.415631	0.3681681	0.797105	0.202895	0.5754435
10188	-2624.644	-2728.462	103.8181	1.686005	0.7871111	0.3661392	0.744325	0.255675	0.5459241
10194	-2628.815	-2733	104.1841	1.701852	0.7051064	0.2452599	0.787541	0.212459	0.5459241
10200	-2631.657	-2735.417	103.7601	1.69676	0.7051064	0.4282944	0.704217	0.295783	0.6389503
10206	-2626.907	-2731.09	104.1829	1.535761	0.7367836	0.2479144	0.737965	0.262035	0.7919131
10212	-2629.009	-2732.945	103.9362	1.628174	0.9131432	0.2479144	0.754772	0.245228	0.7182263
10218	-2627.563	-2731.734	104.1713	1.642396	0.7622226	0.2352342	0.771769	0.228231	0.6356315
10224	-2631.82	-2735.046	103.2257	1.170641	1.324648	0.2458655	0.740234	0.259766	1.474003
10230	-2625.101	-2728.543	103.4418	1.221349	1.092637	0.2458655	0.790208	0.209792	1.424089
10236	-2631.649	-2735.608	103.9592	1.217743	0.7338719	0.2458655	0.762117	0.237883	1.324441
10242	-2640.841	-2743.969	103.1284	0.8764413	0.8705048	0.2458655	0.736356	0.263644	2.047793
10248	-2631.482	-2734.67	103.188	0.9930733	0.9175215	0.2796222	0.771561	0.228439	1.837012
10254	-2624.382	-2727.312	102.9305	0.8784863	0.9992951	0.3553171	0.706311	0.293689	1.916912
10260	-2620.904	-2723.626	102.7217	0.8424786	1.111929	0.2668759	0.800015	0.199985	2.141578
10266	-2627.553	-2730.076	102.5232	0.908662	1.111929	0.3927338	0.829502	0.170498	2.046294
10272	-2622.726	-2725.247	102.5212	1.100762	1.634372	0.4524708	0.776356	0.223644	1.549786
10278	-2625.553	-2728.446	102.8931	1.248821	1.448231	0.319214	0.814091	0.185909	1.458741
10284	-2630.905	-2733.661	102.756	0.9612969	1.186172	0.376835	0.767725	0.232275	1.829996
10290	-2633.945	-2737.01	103.0656	1.098368	1.182146	0.3163444	0.755327	0.244673	1.607956
10296	-2635.875	-2739.137	103.2613	1.177775	1.182146	0.2744858	0.775363	0.224637	1.477339
10302	-2631.413	-2734.761	103.3485	1.328805	1.182146	0.4076205	0.775367	0.224633	1.038305
10308	-2634.368	-2737.687	103.3188	1.422521	0.9994358	0.4836141	0.70046	0.29954	1.010126
10314	-2635.044	-2738.562	103.5177	1.227554	1.056418	0.3142819	0.612832	0.387168	1.252558
10320	-2636.658	-2739.981	103.3232	1.269908	1.056418	0.3948958	0.744484	0.255516	1.23867
10326	-2638.062	-2741.636	103.5738	1.213374	1.100724	0.2390546	0.744484	0.255516	1.335115
10332	-2628.989	-2732.529	103.5403	1.378685	1.379715	0.1832842	0.771677	0.228323	1.161674
10338	-2625.284	-2729.148	103.8639	1.406896	0.9787638	0.2644077	0.680465	0.319535	0.9487102
10344	-2626.324	-2730.246	103.922	1.348891	0.9787638	0.2644077	0.708546	0.291454	0.9487102
10350	-2635.134	-2738.228	103.0938	1.496533	1.442984	0.3878922	0.742337	0.257663	0.9502489
10356	-2628.482	-2732.218	103.736	1.528263	1.170073	0.2549755	0.783836	0.216164	0.7669397
10362	-2629.031	-2732.24	103.2097	1.568251	1.628372	0.3354408	0.827197	0.172803	0.6657593
10368	-2623.294	-2726.677	103.3831	1.670176	1.265005	0.3354408	0.779081	0.220919	0.6657593
10374	-2619.923	-2723.453	103.5307	1.626367	1.144634	0.3519869	0.731715	0.268285	0.5770954
10380	-2617.208	-2720.487	103.2796	1.624329	1.413209	0.3439144	0.850927	0.149073	0.68917
10386	-2616.731	-2720.429	103.6975	1.610121	0.8932332	0.384969	0.765591	0.234409	0.658505
10392	-2614.319	-2717.686	103.3671	1.636746	1.099733	0.384969	0.765591	0.234409	0.8104496
10398	-2616.371	-2719.472	103.1006	1.386158	1.449301	0.3936259	0.736368	0.263632	1.038368
10404	-2619.695	-2723.277	103.5814	1.438051	1.148794	0.2997363	0.736368	0.263632	0.9520754
10410	-2626.416	-2729.834	103.4178	1.404945	1.066848	0.3685597	0.671416	0.328584	1.073541
10416	-2626.99	-2730.582	103.5929	1.541666	1.028057	0.3685597	0.802572	0.197428	0.7704796
10422	-2622.466	-2726.027	103.5615	1.651078	1.028057	0.3685597	0.786865	0.213135	0.6339832
10428	-2618.4	-2721.918	103.5186	1.521997	1.090294	0.3647281	0.814236	0.185764	0.8270133
10434	-2626.105	-2729.696	103.5909	1.573324	1.090294	0.3465077	0.869675	0.130325	0.7027415
10440	-2625.798	-2729.358	103.5602	1.532125	1.090294	0.3465077	0.761985	0.238015	0.809283
10446	-2621.487	-2724.979	103.4914	1.428193	1.237144	0.3106388	0.779167	0.220833	0.9493402
10452	-2630.877	-2734.516	103.6386	1.292592	1.237144	0.2169795	0.687033	0.312967	1.164667
10458	-2634.102	-2736.931	102.8295	1.245442	1.237144	0.4194415	0.805548	0.194452	1.482705
10464	-2628.176	-2731.507	103.3317	1.355771	1.290953	0.4194415	0.805792	0.194208	0.909559
10470	-2638.181	-2741.362	103.1817	1.572284	1.653399	0.3037678	0.847575	0.152425	0.7904229
10476	-2629.927	-2733.755	103.8278	1.557446	0.9353161	0.3037678	0.784491	0.215509	0.7468493
10482	-2627.669	-2731.241	103.5726	1.50151	0.9353161	0.4198245	0.798669	0.201331	0.842532
10488	-2632.895	-2736.598	103.7034	1.29292	1.004922	0.2714139	0.778784	0.221216	1.168036
10494	-2624.821	-2727.771	102.9502	1.417943	1.50787	0.3485703	0.702881	0.297119	1.189579
10500	-2621.163	-2724.1	102.9373	1.522114	1.440371	0.4814144	0.847163	0.152837	0.9093426
10506	-2627.081	-2730.01	102.9288	1.495117	1.440371	0.5249984	0.718646	0.281354	0.8678092
10512	-2621.059	-2725.071	104.0125	1.346459	0.7701571	0.2736746	0.718646	0.281354	1.06783
10518	-2620.995	-2724.732	103.7368	1.247692	1.134951	0.2709476	0.733876	0.266124	1.06783
10524	-2624.69	-2727.824	103.134	1.501633	1.54565	0.3262168	0.733876	0.266124	0.9580783
10530	-2626.394	-2729.289	102.8943	1.659333	1.54565	0.4587473	0.754045	0.245955	0.7398561
10536	-2622.036	-2725.372	103.3362	1.477855	1.54565	0.2771001	0.740705	0.259295	0.8879615
10542	-2634.875	-2738.158	103.2831	1.436818	1.444926	0.3300762	0.79262	0.20738	0.9383678
10548	-2639.181	-2742.418	103.2371	1.403409	1.444926	0.3300762	0.77486	0.22514	1.019659
10554	-2619.769	-2723.135	103.3659	1.296779	1.330359	0.2678579	0.748065	0.251935	1.212642
10560	-2624.221	-2727.653	103.432	1.341134	1.103738	0.3147605	0.748065	0.251935	1.190222
10566	-2624.467	-2727.987	103.5199	1.373737	1.103738	0.3086047	0.748065	0.251935	1.095506
10572	-2623.977	-2727.438	103.4615	1.395794	1.245726	0.3561093	0.807373	0.192627	0.901415
10578	-2634.994	-2737.895	102.9014	1.395794	1.647104	0.4416555	0.765534	0.234466	0.9968302
10584	-2631.397	-2734.482	103.0857	1.565145	1.84489	0.252631	0.797168	0.202832	0.9157163
10590	-2628.03	-2730.657	102.627	1.639754	1.676118	0.5709858	0.808335	0.191665	0.7608043
10596	-2627.143	-2729.849	102.7057	1.59656	1.676118	0.5709858	0.782069	0.217931	0.704975
10602	-2625.811	-2728.879	103.0672	1.641915	1.676118	0.3472562	0.635788	0.364212	0.6869654
10608	-2625.472	-2729.29	103.8181	1.697341	0.9098047	0.2830374	0.712539	0.287461	0.6513625
10614	-2635.444	-2739.321	103.8768	1.757576	0.9098047	0.2349542	0.712539	0.287461	0.6603093
10620	-2633.73	-2736.452	102.7219	1.702984	2.186214	0.3580463	0.77395	0.22605	0.5700899
10626	-2630.386	-2733.614	103.2276	1.937681	1.075029	0.3805272	0.775089	0.224911	0.4375687
10632	-2629.9	-2733.061	103.1607	2.003228	1.075029	0.3691819	0.775089	0.224911	0.3827232
10638	-2639.158	-2742.563	103.405	1.830085	1.075029	0.3500104	0.76755	0.23245	0.4756747
10644	-2635.489	-2738.431	102.9414	1.698753	1.774684	0.3500104	0.824298	0.175702	0.6836728
10650	-2629.09	-2732.098	103.008	1.601395	1.774684	0.3804684	0.800557	0.199443	0.6143071
10656	-2633.255	-2736.199	102.9437	1.717113	1.75229	0.3733004	0.84321	0.15679	0.4882785
10662	-2630.39	-2733.136	102.7451	1.896426	1.75229	0.3733004	0.73864	0.26136	0.4075956
10668	-2626.656	-2729.716	103.0597	1.949583	1.386274	0.3215119	0.778887	0.221113	0.4026029
10674	-2622.618	-2725.257	102.6396	1.949583	2.001604	0.3215119	0.81268	0.18732	0.3912843
10680	-2626.641	-2730.596	103.9543	1.387056	0.8448606	0.3328182	0.80922	0.19078	0.8506126
10686	-2631.08	-2735.198	104.1182	1.262726	0.8448606	0.2317186	0.713493	0.286507	1.067372
10692	-2629.721	-2732.629	102.9071	1.288681	1.440193	0.4109215	0.833357	0.166643	1.272259
10698	-2628.559	-2732.042	103.4827	1.342812	1.063439	0.3006923	0.779789	0.220211	1.20554
10704	-2626.042	-2730.118	104.0765	1.747638	0.6254218	0.308334	0.718525	0.281475	0.6025071
10710	-2630.793	-2734.553	103.7596	1.6488	1.037981	0.2702163	0.718525	0.281475	0.6673281
10716	-2630.742	-2734.174	103.4318	1.75263	1.037981	0.3909702	0.718525	0.281475	0.5477135
10722	-2636.805	-2740.171	103.3662	1.816414	1.037981	0.3909702	0.664351	0.335649	0.557544
10728	-2629.632	-2732.975	103.3427	1.546721	1.282418	0.3544172	0.705113	0.294887	0.8312555
10734	-2630.511	-2733.772	103.2604	1.63182	1.439885	0.3544172	0.767229	0.232771	0.6245554
10740	-2631.148	-2734.886	103.7378	1.585769	1.033164	0.2969688	0.812795	0.187205	0.7124558
10746	-2629.642	-2733.254	103.612	1.581989	1.02794	0.3580662	0.742511	0.257489	0.7124558
10752	-2631.945	-2735.691	103.7462	1.510349	0.9351579	0.3580662	0.742511	0.257489	0.761686
10758	-2637.928	-2741.923	103.995	1.401274	0.9351579	0.2523631	0.848929	0.151071	0.8946215
10764	-2638.358	-2742.338	103.9802	1.502575	0.8746656	0.2523631	0.725186	0.274814	0.8699385
10770	-2627.197	-2730.848	103.6507	1.448261	1.091021	0.3460258	0.803512	0.196488	0.8010444
10776	-2636.734	-2740	103.2664	1.389157	1.475621	0.3460258	0.77186	0.22814	0.9458016
10782	-2635.514	-2739.393	103.8794	1.387402	0.894976	0.3177137	0.862002	0.137998	0.9111085
10788	-2636.734	-2740.597	103.8629	1.46366	0.894976	0.3177137	0.749929	0.250071	0.8414706
10794	-2643.093	-2746.475	103.3823	1.532199	1.350796	0.3177137	0.81841	0.18159	0.8298506
10800	-2630.882	-2733.725	102.8428	1.865382	1.752324	0.3460258	0.821955	0.178045	0.4347516
10806	-2630.675	-2733.965	103.2896	1.864197	1.165997	0.3460258	0.783539	0.216461	0.4414351
10812	-2630.564	-2734.228	103.6641	1.310974	1.183207	0.2527896	0.79361	0.20639	1.079368
10818	-2623.1	-2726.712	103.6122	1.338061	1.183207	0.3489696	0.79361	0.20639	0.8739947
10824	-2632.892	-2736.879	103.9871	1.302229	0.9436516	0.2529322	0.831064	0.168936	0.9970811
10830	-2639.131	-2742.385	103.2538	1.868513	1.163607	0.3616282	0.706314	0.293686	0.5675888
10836	-2626.816	-2730.44	103.6248	1.88236	0.7746755	0.3616282	0.789742	0.210258	0.3962187
10842	-2616.523	-2719.89	103.3673	1.83124	1.175905	0.3247789	0.826025	0.173975	0.500844
10848	-2620.031	-2722.611	102.5804	1.914109	1.987481	0.3788267	0.802633	0.197367	0.4329987
10854	-2628.118	-2731.477	103.3586	1.821484	1.144068	0.3454532	0.784652	0.215348	0.5322635
10860	-2631.213	-2734.653	103.44	1.738497	1.144068	0.3454532	0.661828	0.338172	0.5438279
10866	-2631.681	-2734.286	102.6051	1.751142	2.364994	0.3454532	0.813377	0.186623	0.5715196
10872	-2623.086	-2726.29	103.2036	1.720386	1.382481	0.358619	0.846466	0.153534	0.633609
10878	-2630.965	-2734.307	103.3416	1.720386	1.382481	0.2967935	0.76688	0.23312	0.6293173
10884	-2629.489	-2733.227	103.7375	1.643624	1.017963	0.2967935	0.76688	0.23312	0.6293173
10890	-2621.899	-2725.671	103.7711	1.570206	1.117409	0.2473612	0.760177	0.239823	0.7527929
10896	-2627.395	-2731.144	103.7485	1.529938	0.9203303	0.3214399	0.746365	0.253635	0.8567557
10902	-2626.387	-2730.144	103.7564	1.648465	0.9203303	0.3214399	0.797213	0.202787	0.6723856
10908	-2625.366	-2729.15	103.784	1.64348	0.9209553	0.3214399	0.77222	0.22778	0.6208042
10914	-2623.007	-2726.399	103.3922	1.522483	1.363976	0.3568666	0.77222	0.22778	0.6898341
10920	-2632.135	-2735.851	103.7158	1.515168	0.9519423	0.3568666	0.73241	0.26759	0.7767518
10926	-2630.257	-2733.983	103.7258	1.549718	0.9533809	0.3305036	0.73241	0.26759	0.7907851
10932	-2627.543	-2731.19	103.6467	1.328743	1.242641	0.3305036	0.719191	0.280809	0.8293279
10938	-2631.993	-2736.071	104.0773	1.590719	0.7085228	0.3174259	0.781141	0.218859	0.6591587
10944	-2632.98	-2736.646	103.6656	1.490829	1.034119	0.3174259	0.793337	0.206663	0.8746606
10950	-2628.716	-2732.756	104.0402	1.462129	0.8054044	0.2742194	0.748875	0.251125	0.8746606
10956	-2628.581	-2732.81	104.2285	1.549421	0.7219627	0.227126	0.744472	0.255528	0.8125703
10962	-2623.07	-2727.727	104.6565	1.456227	0.510144	0.2352741	0.744472	0.255528	0.7373526
10968	-2619.147	-2723.295	104.1481	1.357487	0.6849874	0.3083384	0.682087	0.317913	0.9473986
10974	-2618.209	-2722.457	104.2483	1.390387	0.6907979	0.2256763	0.69438	0.30562	1.016066
10980	-2618.949	-2722.911	103.9618	1.224335	0.6907979	0.2340344	0.706767	0.293233	1.386134
10986	-2620.199	-2724.081	103.8823	1.127558	0.6907979	0.2823444	0.703414	0.296586	1.426743
10992	-2625.773	-2729.112	103.3388	1.098864	0.818884	0.4496727	0.785026	0.214974	1.479289
10998	-2628.781	-2732.122	103.3407	1.067245	1.27467	0.2544152	0.7591	0.2409	1.479289
11004	-2640.699	-2744.304	103.6052	1.293981	1.057465	0.2804341	0.791569	0.208431	1.188513
11010	-2640.175	-2744.071	103.8955	1.199715	0.6289088	0.377054	0.678639	0.321361	1.259767
11016	-2633.62	-2736.661	103.0409	1.28141	1.063957	0.4353417	0.747137	0.252863	1.390125
11022	-2637.417	-2740.669	103.2515	1.173734	1.2194	0.3124059	0.726397	0.273603	1.394276
11028	-2634.248	-2737.101	102.8531	1.015147	1.338575	0.2896569	0.842574	0.157426	1.768668
11034	-2628.148	-2731.407	103.2587	1.280806	1.188183	0.3574962	0.747843	0.252157	1.245223
11040	-2622.673	-2726.077	103.4039	1.372849	1.124919	0.3574962	0.730849	0.269151	1.087039
11046	-2643.244	-2746.422	103.1788	1.344154	1.124919	0.3374269	0.749426	0.250574	1.339671
11052	-2636.87	-2740.632	103.7622	1.3104	1.269401	0.2196835	0.803276	0.196724	1.000636
11058	-2631.092	-2734.484	103.3918	1.198592	1.027319	0.38165	0.759746	0.240254	1.285833
11064	-2632.44	-2735.781	103.3414	1.224664	1.027319	0.3461222	0.729054	0.270946	1.364019
11070	-2637.614	-2741.204	103.5899	1.256564	1.140879	0.2788329	0.784075	0.215925	1.170198
11076	-2634.85	-2738.553	103.7025	1.339541	0.99373	0.2788329	0.71775	0.28225	1.121164
11082	-2622.654	-2726.207	103.5534	1.403432	1.076255	0.3180257	0.741868	0.258132	1.040277
11088	-2619.875	-2723.265	103.3903	1.32939	1.349854	0.3180257	0.741868	0.258132	1.040277
11094	-2625.181	-2728.6	103.4191	1.352826	1.349854	0.3180257	0.849159	0.150841	0.9887889
11100	-2622.868	-2726.766	103.8977	1.539664	1.015689	0.2552247	0.805886	0.194114	0.7223615
11106	-2629.622	-2733.166	103.5446	1.687744	1.135594	0.3258073	0.792744	0.207256	0.494046
11112	-2636.808	-2739.99	103.1817	1.788654	1.18881	0.4319351	0.778474	0.221526	0.4718645
11118	-2636.605	-2739.542	102.9372	1.877637	1.37814	0.4319351	0.781583	0.218417	0.4880581
11124	-2636.286	-2740.177	103.8909	1.556375	1.097007	0.1983041	0.778835	0.221165	0.8222332
11130	-2634.94	-2738.64	103.7003	1.643403	1.173881	0.1983041	0.814339	0.185661	0.8637594
11136	-2624.309	-2728.24	103.9314	1.496885	0.8970926	0.283947	0.75507	0.24493	0.8091984
11142	-2619.106	-2723.04	103.9338	1.475729	0.7797113	0.3071612	0.747034	0.252966	0.9252477
11148	-2621.123	-2724.319	103.1965	1.444649	1.390252	0.4100241	0.731574	0.268426	0.8921325
11154	-2628.919	-2732.291	103.3722	1.452568	1.344289	0.3336006	0.683711	0.316289	0.9007955
11160	-2633.146	-2736.289	103.1434	1.526289	1.344289	0.4111648	0.779301	0.220699	0.8983994
11166	-2630.192	-2734.33	104.138	1.398357	0.8289133	0.2422217	0.749953	0.250047	0.8983994
11172	-2632.664	-2736.486	103.8218	1.357488	1.002137	0.2661131	0.804985	0.195015	1.013707
11178	-2630.317	-2733.589	103.2729	1.4979	1.630426	0.2886985	0.853634	0.146366	0.8351021
11184	-2626.488	-2729.684	103.1957	1.869221	1.250106	0.3534266	0.744166	0.255834	0.4402005
11190	-2625.345	-2728.258	102.9137	1.77285	1.77573	0.3534266	0.826982	0.173018	0.5095657
11196	-2636.906	-2739.92	103.0139	1.829128	1.545395	0.3534266	0.830885	0.169115	0.5079254
11202	-2636.366	-2739.275	102.9091	1.859832	1.545395	0.385327	0.867272	0.132728	0.434492
11208	-2628.758	-2732.13	103.3721	1.859832	1.042351	0.3631975	0.72056	0.27944	0.4385311
11214	-2625.547	-2728.092	102.5452	1.912839	1.722488	0.4864329	0.707171	0.292829	0.4202971
11220	-2626.144	-2728.978	102.8334	1.873187	1.722488	0.3602473	0.772221	0.227779	0.5179158
11226	-2635.79	-2738.688	102.8975	1.79262	1.722488	0.3663944	0.815801	0.184199	0.5488053
11232	-2633.696	-2736.461	102.7648	1.818362	1.722488	0.4236189	0.740547	0.259453	0.492507
11238	-2631.934	-2735.037	103.1029	1.679999	1.722488	0.3101606	0.81039	0.18961	0.6397737
11244	-2638.848	-2742.32	103.4728	1.706058	1.203905	0.3079344	0.748581	0.251419	0.6397737
11250	-2629.986	-2733.477	103.4908	1.10111	0.8927213	0.2493174	0.771601	0.228399	1.62049
11256	-2625.798	-2729.202	103.4041	1.060567	1.156585	0.2356448	0.771839	0.228161	1.550139
11262	-2623.494	-2726.881	103.3875	1.612326	1.218927	0.3587173	0.799524	0.200476	0.7407186
11268	-2634.763	-2738.289	103.5262	1.672801	1.0979	0.3382413	0.799524	0.200476	0.6569319
11274	-2624.558	-2728.11	103.5514	1.650074	1.0979	0.3382413	0.784137	0.215863	0.6517661
11280	-2627.522	-2730.726	103.204	1.640697	1.0979	0.5375735	0.768426	0.231574	0.6340926
11286	-2628.09	-2731.361	103.2705	1.641202	1.199573	0.4427112	0.777839	0.222161	0.635935
11292	-2630.541	-2734.333	103.7918	1.71839	0.9836045	0.2613684	0.858526	0.141474	0.6077652
11298	-2633.524	-2736.306	102.7818	1.730679	1.729852	0.4540164	0.835799	0.164201	0.5774585
11304	-2623.14	-2726.268	103.1286	1.645919	1.237321	0.4815977	0.752253	0.247747	0.7078948
11310	-2632.093	-2735.644	103.5509	1.587999	1.172632	0.2799693	0.816618	0.183382	0.8464473
11316	-2629.572	-2732.817	103.2451	1.336457	1.478113	0.2965283	0.70156	0.29844	1.122927
11322	-2628.492	-2731.2	102.7079	1.647634	2.139518	0.38817	0.754213	0.245787	0.6617799
11328	-2627.406	-2730.344	102.9375	1.363717	1.610588	0.436391	0.692956	0.307044	1.027096
11334	-2630.72	-2733.72	103.0004	1.458981	1.530326	0.4211406	0.706667	0.293333	0.953173
11340	-2628.399	-2732.124	103.7244	1.417738	0.9161217	0.3268784	0.786656	0.213344	0.9968355
11346	-2637.652	-2740.962	103.3103	1.468764	1.32942	0.3225074	0.693076	0.306924	0.987987
11352	-2624.654	-2728.031	103.3777	1.343253	1.172389	0.3385388	0.764266	0.235734	1.135386
11358	-2621.117	-2724.555	103.4378	1.395466	1.172389	0.3463157	0.769578	0.230422	1.014718
11364	-2631.76	-2735.471	103.7109	1.402024	0.9744008	0.3265465	0.59023	0.40977	0.9653335
11370	-2625.094	-2728.829	103.7355	1.520541	1.038139	0.3265465	0.767511	0.232489	0.704706
11376	-2636.242	-2739.821	103.5785	1.490266	1.038139	0.3976765	0.794117	0.205883	0.7679788
11382	-2633.289	-2737.202	103.9135	1.447196	1.038139	0.2619823	0.695344	0.304656	0.7784624
11388	-2636.151	-2739.592	103.4404	1.661336	1.408194	0.2619823	0.765966	0.234034	0.6824889
11394	-2637.776	-2741.568	103.7924	1.693548	0.9624869	0.2823264	0.761817	0.238183	0.5888285
11400	-2622.418	-2726.264	103.846	1.659353	0.9180439	0.2823264	0.812165	0.187835	0.6577353
11406	-2619.921	-2723.778	103.8578	1.525177	0.8908502	0.2851942	0.751503	0.248497	0.8699931
11412	-2628.117	-2731.512	103.3955	1.309663	1.252099	0.3219339	0.801139	0.198861	1.120248
11418	-2634.15	-2737.884	103.7344	1.295248	0.9727794	0.3055201	0.78218	0.21782	1.094108
11424	-2632.351	-2736.201	103.8504	1.469424	0.8025877	0.3455619	0.702475	0.297525	0.9006989
11430	-2628.282	-2732.187	103.9046	1.337781	0.7578213	0.3902388	0.728814	0.271186	0.9444891
11436	-2633.511	-2737.263	103.7526	1.262436	1.014459	0.3024877	0.842821	0.157179	1.075351
11442	-2627.588	-2731.249	103.6614	1.353639	1.014459	0.3024877	0.776017	0.223983	1.075351
11448	-2634.66	-2738.068	103.4076	1.194142	1.287924	0.2926532	0.72594	0.27406	1.242345
11454	-2630.043	-2733.772	103.7287	1.258685	0.9782052	0.281759	0.852306	0.147694	1.177094
11460	-2624.032	-2727.47	103.4378	1.258685	1.378308	0.281759	0.774453	0.225547	1.119726
11466	-2625.736	-2729.511	103.7748	1.335894	0.9914099	0.271007	0.758843	0.241157	1.078042
11472	-2639.337	-2742.858	103.5213	1.567414	1.181134	0.3418465	0.644163	0.355837	0.7077165
11478	-2623.212	-2726.487	103.2747	1.612272	1.449799	0.3339688	0.796738	0.203262	0.7077165
11484	-2621.497	-2724.532	103.0357	1.610033	1.933486	0.2826711	0.815162	0.184838	0.7608284
11490	-2624.324	-2727.853	103.5289	1.537452	1.291022	0.2947812	0.713329	0.286671	0.761605
11496	-2632.071	-2735.835	103.764	1.424804	1.120959	0.2947812	0.718008	0.281992	0.7969091
11502	-2635.248	-2738.56	103.3126	1.357171	1.502512	0.2777818	0.786959	0.213041	1.066545
11508	-2628.684	-2732.141	103.4568	1.426216	1.452205	0.2518554	0.816624	0.183376	0.9572476
11514	-2636.751	-2739.864	103.1133	1.12178	0.9651751	0.3741041	0.779219	0.220781	1.61671
11520	-2636.887	-2740.477	103.5901	1.334796	1.093702	0.2534325	0.798467	0.201533	1.195218
11526	-2642.693	-2746.743	104.0502	1.28079	0.7617033	0.2634643	0.679536	0.320464	1.126496
11532	-2635.03	-2738.624	103.5945	1.424204	0.9478008	0.3519703	0.775114	0.224886	1.032351
11538	-2633.386	-2737.004	103.6184	1.344501	0.9478008	0.3519703	0.72477	0.27523	1.085286
11544	-2636.754	-2739.734	102.9802	1.419712	1.60099	0.4220452	0.714055	0.285945	0.9610741
11550	-2620.846	-2723.81	102.9632	1.334675	1.566543	0.4220452	0.729297	0.270703	1.084721
11556	-2623.765	-2727.169	103.4034	1.443558	1.227952	0.3421842	0.727149	0.272851	0.9607179
11562	-2630.552	-2733.851	103.2989	1.425248	1.328811	0.391945	0.741556	0.258444	0.8927102
11568	-2625.533	-2728.796	103.2629	1.461263	1.328811	0.391945	0.741556	0.258444	0.8927102
11574	-2624.856	-2728.973	104.1163	1.36732	0.6546857	0.3528717	0.780883	0.219117	0.9096233
11580	-2633.59	-2737.331	103.741	1.323355	1.051063	0.2961422	0.758557	0.241443	1.007799
11586	-2632.218	-2735.168	102.9496	1.150887	1.203146	0.4642418	0.779275	0.220725	1.423982
11592	-2632.121	-2735.323	103.2025	1.342725	1.490173	0.2838434	0.79519	0.20481	1.173919
11598	-2634.875	-2737.721	102.8454	1.282214	1.490173	0.4212377	0.790818	0.209182	1.281634
11604	-2634.089	-2737.272	103.183	1.366991	1.213768	0.373946	0.80967	0.19033	1.188831
11610	-2634.658	-2738.748	104.0903	1.52738	0.8075344	0.2295647	0.743637	0.256363	0.8728352
11616	-2631.052	-2734.852	103.8008	1.554491	0.9366646	0.2655203	0.741162	0.258838	0.9011032
11622	-2624.012	-2728.209	104.1966	1.247149	0.9042039	0.2254709	0.736537	0.263463	0.9574086
11628	-2624.82	-2728.783	103.9635	1.46852	0.9042039	0.2716205	0.727282	0.272718	0.8331707
11634	-2628.266	-2732.078	103.8116	1.509111	0.9042039	0.3399969	0.711275	0.288725	0.7716294
11640	-2627.341	-2731.467	104.1264	1.540608	0.7425926	0.2785092	0.789273	0.210727	0.7444969
11646	-2629.567	-2733.692	104.125	1.579391	0.7425926	0.2634463	0.539632	0.460368	0.7444969
11652	-2623.583	-2727.46	103.8771	1.454758	0.7425926	0.3868423	0.640167	0.359833	0.8733678
11658	-2627.034	-2730.569	103.535	1.45252	1.21029	0.3181077	0.827058	0.172942	0.8812716
11664	-2630.516	-2734.076	103.5598	1.410257	1.21029	0.3181077	0.750516	0.249484	0.9011019
11670	-2624.999	-2728.453	103.4544	1.405727	1.326813	0.3237678	0.783148	0.216852	0.9011019
11676	-2622.872	-2726.159	103.287	1.595292	1.383462	0.3554482	0.776245	0.223755	0.7240454
11682	-2622.48	-2725.92	103.4394	1.509176	1.455407	0.3003108	0.774092	0.225908	0.7240454
11688	-2625.153	-2728.489	103.3362	1.501728	1.455407	0.3374386	0.694153	0.305847	0.7658558
11694	-2616.095	-2720.112	104.017	1.466811	0.893887	0.2600189	0.795739	0.204261	0.8186921
11700	-2623.303	-2727.072	103.7692	1.628327	0.893887	0.3496441	0.808131	0.191869	0.6154123
11706	-2625.371	-2728.818	103.4473	1.684855	1.1622	0.3579785	0.811286	0.188714	0.5633988
11712	-2622.466	-2725.655	103.1884	1.576845	1.413492	0.3958618	0.801218	0.198782	0.7437553
11718	-2626.489	-2729.164	102.6751	1.712597	2.507443	0.2954268	0.849171	0.150829	0.6016685
11724	-2626.712	-2730.15	103.4384	1.26649	1.242891	0.3747389	0.80014	0.19986	1.023036
11730	-2625.958	-2729.347	103.3889	1.587044	1.44289	0.2957594	0.797833	0.202167	0.712164
11736	-2630.289	-2733.545	103.2562	1.442186	1.44289	0.325105	0.836802	0.163198	0.9740791
11742	-2639.908	-2742.557	102.6498	1.348425	2.240936	0.4010453	0.856281	0.143719	1.013172
11748	-2633.586	-2736.317	102.731	1.298093	1.828532	0.4010453	0.753992	0.246008	1.203388
11754	-2632.736	-2735.48	102.7435	1.244824	1.874173	0.4010453	0.811044	0.188956	1.213941
11760	-2629.129	-2731.993	102.864	1.249748	1.513647	0.4010453	0.889473	0.110527	1.310016
11766	-2626.092	-2730.04	103.9482	1.238225	0.7556447	0.2331818	0.720095	0.279905	1.322369
11772	-2626.075	-2729.462	103.387	0.9568334	0.7914526	0.2331818	0.720095	0.279905	1.904368
11778	-2628.86	-2732.466	103.6056	0.9594505	0.7403869	0.2387731	0.648755	0.351245	1.784959
11784	-2630.147	-2733.27	103.1232	0.9510465	0.9158694	0.2859189	0.660102	0.339898	1.90074
11790	-2626.176	-2729.294	103.118	1.264913	1.090432	0.4219222	0.774087	0.225913	1.342034
11796	-2638.457	-2742.215	103.7578	1.353292	1.092807	0.243124	0.839172	0.160828	1.05253
11802	-2630.419	-2734.099	103.6801	1.392015	1.117812	0.2712572	0.805443	0.194557	0.997266
11808	-2636.061	-2739.951	103.8899	1.61226	0.9596054	0.2746737	0.77653	0.22347	0.6056075
11814	-2623.984	-2727.063	103.0788	1.487923	1.636099	0.403171	0.851588	0.148412	0.7771083
11820	-2631.987	-2736.113	104.1269	1.36537	0.8063625	0.2994579	0.775688	0.224312	0.8112255
11826	-2625.733	-2729.948	104.2153	1.394482	0.6466742	0.2994579	0.760533	0.239467	0.9127975
11832	-2624.959	-2728.354	103.3951	1.530906	1.562765	0.2802389	0.747446	0.252554	0.710637
11838	-2619.005	-2722.294	103.2887	1.565471	1.601141	0.2802389	0.778565	0.221435	0.7789428
11844	-2615.516	-2719.351	103.8357	1.471311	0.986345	0.294152	0.706085	0.293915	0.8138244
11850	-2623.491	-2726.968	103.477	1.500889	1.136954	0.294152	0.752111	0.247889	1.018423
11856	-2624.578	-2728.049	103.4713	1.262081	1.136954	0.294152	0.796118	0.203882	1.238516
11862	-2643.85	-2746.862	103.0127	1.163391	1.701723	0.3510973	0.796118	0.203882	1.233489
11868	-2638.509	-2741.46	102.9513	1.193386	1.701723	0.3510973	0.835846	0.164154	1.259669
11874	-2638.272	-2741.293	103.0206	1.212282	1.26979	0.3946336	0.80334	0.19666	1.376387
11880	-2633.94	-2736.841	102.9013	1.124701	1.26979	0.3622506	0.705812	0.294188	1.581803
11886	-2629.465	-2732.504	103.0391	1.184666	1.115306	0.370048	0.759928	0.240072	1.524004
11892	-2627.937	-2731.365	103.4289	1.449433	1.377011	0.3015721	0.727203	0.272797	0.8922376
11898	-2628.595	-2732.12	103.5246	1.445463	1.022776	0.3356301	0.772379	0.227621	1.039749
11904	-2631.359	-2734.95	103.591	1.310685	1.075601	0.3356301	0.591376	0.408624	1.056451
11910	-2627.771	-2731.26	103.4884	1.236297	1.145224	0.2533448	0.829141	0.170859	1.322278
11916	-2635.489	-2738.957	103.4678	1.352952	1.362356	0.2533448	0.737596	0.262404	1.082633
11922	-2629.346	-2732.736	103.3897	1.362565	1.058424	0.4033678	0.750174	0.249826	1.082633
11928	-2624.961	-2728.611	103.6498	1.530372	1.058424	0.3514922	0.702992	0.297008	0.7092487
11934	-2630.347	-2734.056	103.7095	1.186942	0.807934	0.4196919	0.713767	0.286233	1.163541
11940	-2633.663	-2736.759	103.0968	1.271399	1.293868	0.4596436	0.818456	0.181544	1.148074
11946	-2634.772	-2738.198	103.4261	1.312253	1.068141	0.4842258	0.715622	0.284378	0.9434391
11952	-2636.954	-2740.944	103.9897	1.333706	0.8727678	0.281466	0.765852	0.234148	0.967138
11958	-2632.684	-2737.043	104.359	1.49504	0.6158666	0.2497878	0.790526	0.209474	0.8199628
11964	-2634.43	-2738.159	103.7297	1.43297	1.144255	0.2497878	0.830529	0.169471	0.9351741
11970	-2619.776	-2723.98	104.2041	1.394002	0.7503779	0.2497878	0.806132	0.193868	0.9117325
11976	-2621.167	-2725.471	104.3045	1.409812	0.6636608	0.2497878	0.783011	0.216989	0.9071184
11982	-2626.741	-2731.067	104.3253	1.433061	0.7296574	0.2250082	0.60746	0.39254	0.832532
11988	-2629.04	-2732.933	103.8926	1.437227	0.7296574	0.3825194	0.780013	0.219987	0.9040435
11994	-2635.102	-2738.918	103.8157	1.713232	0.7239819	0.3825194	0.667811	0.332189	0.6173115
12000	-2637.796	-2741.052	103.2565	1.373272	1.230757	0.4125284	0.83701	0.16299	1.034516
12006	-2648.93	-2752.041	103.1109	1.499791	1.49875	0.2938091	0.790506	0.209494	1.088266
12012	-2641.22	-2744.36	103.1405	1.340769	1.265249	0.4465382	0.821589	0.178411	1.088266
12018	-2634.101	-2737.543	103.4419	1.322719	1.265249	0.2982888	0.764281	0.235719	1.105216
12024	-2633.002	-2737.115	104.1134	1.266334	0.7121337	0.2896372	0.708849	0.291151	1.079934
12030	-2626.454	-2729.99	103.5362	1.283369	1.240447	0.3590552	0.839154	0.160846	0.9409501
12036	-2631.381	-2734.472	103.0917	1.145701	1.095081	0.4896321	0.705417	0.294583	1.359208
12042	-2626.85	-2729.995	103.1452	1.176185	1.452817	0.4107518	0.784634	0.215366	1.157684
12048	-2623.949	-2727.082	103.1335	1.189171	1.290789	0.3375301	0.706469	0.293531	1.384013
12054	-2623.697	-2726.799	103.1025	1.129442	1.347251	0.3530677	0.776877	0.223123	1.393338
12060	-2627.811	-2731.541	103.7302	1.633255	0.9240617	0.342016	0.80879	0.19121	0.6573102
12066	-2620.902	-2724.577	103.6751	1.719714	0.9240617	0.3432224	0.740199	0.259801	0.5620872
12072	-2622.019	-2725.091	103.0721	1.487618	1.318771	0.5332965	0.620562	0.379438	0.8007995
12078	-2626.887	-2730.416	103.5288	1.547172	1.152565	0.3748274	0.768172	0.231828	0.6502142
12084	-2623.758	-2727.081	103.3224	1.708076	1.300158	0.3371774	0.736416	0.263584	0.6445325
12090	-2620.969	-2724.532	103.5639	1.59894	0.9990059	0.4096083	0.736416	0.263584	0.6288476
12096	-2623.674	-2727.432	103.7585	1.690876	0.9990059	0.2734671	0.697707	0.302293	0.6450917
12102	-2629.549	-2733.053	103.5043	1.717001	0.9990059	0.3935608	0.651056	0.348944	0.5200623
12108	-2630.151	-2733.999	103.8485	1.712051	0.8253259	0.3159032	0.774334	0.225666	0.5759339
12114	-2623.392	-2726.817	103.4246	1.712051	1.237	0.3159032	0.793277	0.206723	0.6293372
12120	-2621.701	-2724.951	103.2492	1.234274	1.183793	0.3002189	0.775153	0.224847	1.394905
12126	-2624.86	-2727.976	103.1162	1.279732	1.183793	0.3170037	0.77369	0.22631	1.432909
12132	-2625.879	-2728.892	103.0125	1.253564	1.183793	0.3170037	0.750016	0.249984	1.530927
12138	-2630.653	-2733.412	102.7589	1.235714	1.807161	0.3170037	0.750016	0.249984	1.384906
12144	-2627.295	-2731.056	103.7608	1.789012	0.9669855	0.257795	0.800395	0.199605	0.5606426
12150	-2621.821	-2725.515	103.6946	1.734646	0.9669855	0.3051645	0.752216	0.247784	0.5827186
12156	-2630.239	-2733.186	102.9462	1.699479	1.584682	0.4329049	0.774548	0.225452	0.5896798
12162	-2637.705	-2741.208	103.5026	1.618015	0.9665533	0.4584474	0.748053	0.251947	0.5896798
12168	-2634.778	-2738.674	103.8964	1.722344	0.7022725	0.360451	0.639605	0.360395	0.5597056
12174	-2628.716	-2732.706	103.9901	1.610859	0.6961368	0.3665011	0.639605	0.360395	0.6066025
12180	-2622.062	-2725.659	103.5971	1.716701	0.936052	0.379718	0.793171	0.206829	0.4919376
12186	-2616.993	-2721.009	104.0155	1.683647	0.6640896	0.3489101	0.713173	0.286827	0.5213523
12192	-2621.414	-2725.165	103.7509	1.676544	0.8913225	0.3473475	0.732513	0.267487	0.5213523
12198	-2624.915	-2728.657	103.7414	1.705356	0.8913225	0.3360546	0.76846	0.23154	0.5557291
12204	-2628.521	-2731.79	103.2691	1.528174	1.565261	0.2913761	0.812812	0.187188	0.8507204
12210	-2620.301	-2723.53	103.2291	1.529867	1.565261	0.2913761	0.812812	0.187188	0.8955533
12216	-2630.193	-2733.401	103.2081	1.559914	1.565261	0.2913761	0.737443	0.262557	0.8852362
12222	-2627.287	-2730.76	103.4735	1.564183	1.321264	0.3066082	0.747575	0.252425	0.7256334
12228	-2629.929	-2733.703	103.7743	1.649082	0.9395778	0.3120184	0.793988	0.206012	0.6347754
12234	-2637.78	-2740.841	103.0616	1.674617	1.736611	0.3366199	0.757423	0.242577	0.5801972
12240	-2626.335	-2729.62	103.2847	1.600806	1.454914	0.3476957	0.793306	0.206694	0.6467508
12246	-2624.037	-2727.231	103.1943	1.623757	1.133463	0.4890884	0.804489	0.195511	0.76284
12252	-2632.834	-2736.498	103.6639	1.608016	1.223577	0.2354721	0.704479	0.295521	0.76284
12258	-2637.016	-2740.708	103.6911	1.612491	1.077448	0.3009274	0.772221	0.227779	0.6530979
12264	-2629.527	-2733.318	103.7909	1.714396	0.9373555	0.2895469	0.811181	0.188819	0.5435439
12270	-2626.46	-2729.808	103.3471	1.572536	1.392617	0.3196087	0.737305	0.262695	0.7736615
12276	-2629.848	-2733.699	103.851	1.630822	0.903546	0.2910582	0.747281	0.252719	0.6926975
12282	-2620.064	-2724.077	104.013	1.627598	0.7190577	0.3185238	0.731016	0.268984	0.6816308
12288	-2619.426	-2722.675	103.249	1.703465	1.222781	0.4208203	0.753075	0.246925	0.5761364
12294	-2629.068	-2731.59	102.522	1.897307	1.270882	0.7483118	0.759283	0.240717	0.5761364
12300	-2637.404	-2740.662	103.2582	1.963572	1.132557	0.3096659	0.823618	0.176382	0.3586104
12306	-2639.462	-2742.924	103.4618	1.742634	1.205993	0.3096659	0.705553	0.294447	0.5290055
12312	-2636.273	-2739.686	103.413	1.766552	1.205993	0.3096659	0.736968	0.263032	0.6241541
12318	-2615.883	-2719.432	103.5485	1.635569	1.205993	0.3096659	0.746105	0.253895	0.6124528
12324	-2619.98	-2723.022	103.0421	1.757712	1.610791	0.3517442	0.746105	0.253895	0.4812023
12330	-2619.814	-2722.731	102.9168	1.837799	1.634341	0.3597537	0.815295	0.184705	0.4236778
12336	-2618.735	-2721.791	103.0559	1.799607	1.510126	0.3597537	0.779939	0.220061	0.4965282
12342	-2626.36	-2729.558	103.1979	1.819006	1.283977	0.3597537	0.738289	0.261711	0.5894816
12348	-2631.596	-2735.455	103.8593	1.628425	0.9621149	0.2755068	0.728342	0.271658	0.6313899
12354	-2642.901	-2745.863	102.9627	1.568907	1.891875	0.3364891	0.819858	0.180142	0.7840086
12360	-2631.526	-2734.638	103.112	1.713784	1.805748	0.2732472	0.770063	0.229937	0.6174533
12366	-2633.351	-2736.332	102.9808	1.769659	1.749144	0.3311848	0.838489	0.161511	0.5233994
12372	-2633.142	-2736.151	103.0097	1.731674	1.810027	0.3152568	0.799515	0.200485	0.5587705
12378	-2644.593	-2747.708	103.115	1.774077	1.645922	0.2917358	0.77861	0.22139	0.6097738
12384	-2621.663	-2724.516	102.8525	2.094082	1.170438	0.4052387	0.745368	0.254632	0.3153913
12390	-2616.574	-2719.706	103.1321	2.185411	1.010572	0.3001777	0.749404	0.250596	0.3153913
12396	-2617.556	-2720.813	103.2564	2.185411	0.9505272	0.26285	0.761917	0.238083	0.2940647
12402	-2623.984	-2726.804	102.8205	2.122573	1.172276	0.3920175	0.734798	0.265202	0.2940647
12408	-2633.672	-2736.766	103.0942	2.122573	1.125731	0.3049906	0.737005	0.262995	0.3338704
12414	-2629.437	-2732.752	103.3154	1.945439	1.135151	0.3049906	0.781883	0.218117	0.4089263
12420	-2626.235	-2729.565	103.3297	1.931101	1.135151	0.3049906	0.829689	0.170311	0.4089263
12426	-2625.023	-2728.475	103.4527	1.923426	1.052386	0.2869472	0.786968	0.213032	0.3994636
12432	-2623.244	-2726.697	103.4527	1.923426	1.052386	0.2869472	0.669722	0.330278	0.3994636
12438	-2620.789	-2724.183	103.3941	1.690035	1.052386	0.4368551	0.682319	0.317681	0.5473841
12444	-2627.593	-2731.21	103.6166	1.555284	1.052386	0.3682211	0.739257	0.260743	0.6720468
12450	-2624.468	-2727.763	103.2955	1.700409	1.218066	0.3980656	0.736023	0.263977	0.5894877
12456	-2628.259	-2731.684	103.4251	1.577352	1.218066	0.3508277	0.711006	0.288994	0.7625365
12462	-2637.454	-2741.357	103.9029	1.653836	0.7543573	0.3360742	0.712552	0.287448	0.6833095
12468	-2638.283	-2742.127	103.844	1.445784	0.9950082	0.3360742	0.691946	0.308054	0.6833095
12474	-2623.666	-2727.478	103.8115	1.535748	0.9950082	0.3162448	0.73067	0.26933	0.6563449
12480	-2625.014	-2729.08	104.0655	1.539436	0.8627633	0.2594664	0.71607	0.28393	0.6916875
12486	-2624.628	-2728.47	103.8415	1.49388	0.8627633	0.3254603	0.70489	0.29511	0.8529855
12492	-2628.048	-2731.949	103.9008	1.425486	0.8627633	0.3254603	0.592502	0.407498	0.8638479
12498	-2627.797	-2731.34	103.5423	1.387492	1.035991	0.3254603	0.711277	0.288723	1.086567
12504	-2626.361	-2730.217	103.8566	1.377145	1.035991	0.2680061	0.778405	0.221595	0.9176288
12510	-2633.305	-2736.629	103.3244	1.484451	1.522541	0.2680061	0.814793	0.185207	0.9370545
12516	-2628.668	-2731.884	103.2167	1.344747	1.522541	0.2354009	0.769484	0.230516	1.245515
12522	-2625.848	-2729.534	103.6851	1.255728	0.7358592	0.4210247	0.752386	0.247614	1.198612
12528	-2625.611	-2729.425	103.8135	1.283938	0.7666486	0.2579563	0.729517	0.270483	1.33047
12534	-2631.211	-2734.385	103.1742	1.234909	1.227535	0.3536862	0.784656	0.215344	1.33047
12540	-2618.711	-2721.656	102.9448	1.310327	1.227535	0.4325197	0.698635	0.301365	1.33047
12546	-2625.96	-2728.847	102.887	1.272942	1.122065	0.5090005	0.765716	0.234284	1.375334
12552	-2633.895	-2736.235	102.3407	1.222448	1.872062	0.5090005	0.707739	0.292261	1.404552
12558	-2635.664	-2738.254	102.5899	1.439915	1.872062	0.5090005	0.707739	0.292261	1.002714
12564	-2624.815	-2727.94	103.1247	1.228572	1.52804	0.3677582	0.757348	0.242652	1.155067
12570	-2637.914	-2742.111	104.1975	1.445384	0.7241409	0.281792	0.751466	0.248534	0.800337
12576	-2635.965	-2739.696	103.7311	1.467735	1.105733	0.281792	0.78253	0.21747	0.8418434
12582	-2633.763	-2737.164	103.4007	1.376435	1.391414	0.2885806	0.650853	0.349147	1.018878
12588	-2625.84	-2730.272	104.4326	1.356463	0.7013506	0.2052274	0.736653	0.263347	0.905794
12594	-2622.163	-2726.191	104.0276	1.490522	0.6439474	0.3208433	0.671278	0.328722	0.9628191
12600	-2627.527	-2730.526	102.9991	1.171141	1.5051	0.2442256	0.810286	0.189714	1.54261
12606	-2625.701	-2728.895	103.1939	1.448119	1.5051	0.3447155	0.809958	0.190042	0.9400822
12612	-2628.377	-2732.671	104.2942	1.383346	0.6439474	0.2249348	0.646732	0.353268	1.04173
12618	-2624.107	-2728.316	104.2087	1.408816	0.7492296	0.2249348	0.791368	0.208632	0.9643102
12624	-2639.375	-2742.196	102.8215	1.342406	1.513863	0.566733	0.797372	0.202628	1.017788
12630	-2633.02	-2736.274	103.2531	1.383109	1.337751	0.379096	0.797372	0.202628	1.005047
12636	-2619.549	-2723.103	103.5545	1.304391	1.337751	0.2514287	0.795611	0.204389	1.070001
12642	-2621.986	-2725.334	103.3475	1.361928	1.318201	0.332551	0.758855	0.241145	1.043776
12648	-2624.157	-2727.581	103.4238	1.331903	0.9897426	0.3846626	0.80357	0.19643	1.172949
12654	-2628.397	-2732.273	103.8761	1.420185	0.9897426	0.2273508	0.768338	0.231662	1.01139
12660	-2629.543	-2732.44	102.8968	1.245369	1.581041	0.4040431	0.780845	0.219155	1.24219
12666	-2619.326	-2722.898	103.5726	1.290413	0.9492384	0.4280351	0.781889	0.218111	1.037098
12672	-2613.725	-2717.51	103.7849	1.450385	0.9782667	0.2444443	0.752458	0.247542	1.037098
12678	-2622.761	-2726.513	103.7524	1.282908	0.7256786	0.3746946	0.753002	0.246998	1.205505
12684	-2635.33	-2738.566	103.2356	1.452283	1.00904	0.52865	0.740364	0.259636	0.9800283
12690	-2623.191	-2726.451	103.2592	1.363136	1.341799	0.3203422	0.788908	0.211092	1.131689
12696	-2619.655	-2723.498	103.8426	1.13678	0.8400569	0.259768	0.75259	0.24741	1.351955
12702	-2624.999	-2728.426	103.4264	1.226251	1.211646	0.259768	0.80127	0.19873	1.319736
12708	-2626.085	-2729.353	103.2681	1.258356	1.304481	0.259768	0.818218	0.181782	1.358146
12714	-2618.841	-2721.983	103.1414	1.107165	1.304481	0.3838346	0.820859	0.179141	1.358146
12720	-2621.004	-2723.621	102.6172	1.109786	1.261607	0.5260312	0.724106	0.275894	1.589163
12726	-2620.82	-2723.505	102.6843	1.212812	1.261607	0.6025937	0.765083	0.234917	1.372704
12732	-2624.2	-2727.395	103.1948	1.517898	1.261607	0.4623546	0.757763	0.242237	0.8164429
12738	-2626.093	-2729.439	103.3458	1.546869	1.319841	0.3200954	0.774062	0.225938	0.8796653
12744	-2622.62	-2726.264	103.6439	1.51235	1.031449	0.3512358	0.834821	0.165179	0.7856901
12750	-2622.051	-2725.579	103.5275	1.505674	1.165531	0.3843689	0.750373	0.249627	0.6750496
12756	-2624.538	-2727.792	103.2543	1.667884	1.249691	0.3843689	0.750373	0.249627	0.7399379
12762	-2633.863	-2737.833	103.9701	1.564486	0.9005308	0.2702651	0.815956	0.184044	0.6945499
12768	-2633.453	-2737.475	104.0229	1.622016	0.676788	0.3611002	0.617667	0.382333	0.5836768
12774	-2632.004	-2735.526	103.522	1.49	1.277237	0.3239006	0.793751	0.206249	0.7604802
12780	-2635.616	-2738.983	103.3667	1.686737	1.277237	0.3239006	0.807799	0.192201	0.6939294
12786	-2628.864	-2732.362	103.4983	1.651503	1.186057	0.3239006	0.807799	0.192201	0.6585299
12792	-2629.648	-2733.398	103.75	1.512158	1.03879	0.316231	0.747506	0.252494	0.7315558
12798	-2631.848	-2735.761	103.9132	1.518173	1.03879	0.2494203	0.800222	0.199778	0.719921
12804	-2628.016	-2732.126	104.1098	1.574034	0.8344546	0.2494203	0.724869	0.275131	0.6505485
12810	-2624.501	-2728.255	103.7536	1.360908	1.027395	0.2494203	0.76072	0.23928	1.092399
12816	-2624.188	-2728.183	103.9946	1.223276	0.798828	0.307435	0.745586	0.254414	1.092399
12822	-2624.738	-2728.635	103.8972	1.153215	0.798828	0.307435	0.76039	0.23961	1.239211
12828	-2628.237	-2731.906	103.6689	1.187847	0.798828	0.3588638	0.767803	0.232197	1.306375
12834	-2620.113	-2723.958	103.8446	1.317734	0.798828	0.2675867	0.741245	0.258755	1.225388
12840	-2623.022	-2726.906	103.8831	1.294406	0.8511674	0.2591441	0.738868	0.261132	1.178924
12846	-2631.882	-2735.032	103.1503	1.186217	1.62036	0.2483313	0.849246	0.150754	1.344189
12852	-2633.155	-2736.681	103.5255	1.284938	1.077686	0.3980559	0.737955	0.262045	1.019387
12858	-2628.053	-2731.179	103.1257	1.239863	1.446578	0.3122794	0.771364	0.228636	1.296339
12864	-2629.528	-2733.177	103.6491	1.24608	1.078245	0.2734529	0.787221	0.212779	1.189663
12870	-2625.375	-2729.114	103.7384	1.385229	1.078245	0.2920314	0.701469	0.298531	0.9296369
12876	-2626.217	-2730.006	103.7891	1.555101	0.901319	0.3119746	0.815375	0.184625	0.8270703
12882	-2630.39	-2734.303	103.913	1.483332	1.055597	0.2446479	0.686465	0.313535	0.7677998
12888	-2634.403	-2737.927	103.5236	1.67203	0.9781979	0.4120261	0.713992	0.286008	0.5817806
12894	-2629.338	-2732.548	103.2101	1.718534	1.263427	0.4120261	0.805238	0.194762	0.5961756
12900	-2627.76	-2731.017	103.2566	1.603763	1.168191	0.4506884	0.788296	0.211704	0.7522395
12906	-2628.891	-2732.134	103.2425	1.697443	1.587131	0.2933186	0.821997	0.178003	0.5623835
12912	-2635.22	-2737.927	102.7063	1.697039	1.919666	0.4498049	0.854705	0.145295	0.5650651
12918	-2636.582	-2739.64	103.0576	1.772319	1.318327	0.4498049	0.748062	0.251938	0.5172121
12924	-2647.131	-2750.697	103.5667	1.830798	0.7414953	0.4498049	0.748062	0.251938	0.4438975
12930	-2635.804	-2738.426	102.6223	1.234057	1.501595	0.4690532	0.884517	0.115483	1.422274
12936	-2632.107	-2735.255	103.1474	1.039996	1.208896	0.2452617	0.771466	0.228534	1.698554
12942	-2629.596	-2732.515	102.9189	1.955083	1.638226	0.2879322	0.798077	0.201923	0.3574772
12948	-2623.323	-2726.238	102.9143	1.998034	1.312579	0.3865062	0.793568	0.206432	0.3696636
12954	-2625.78	-2729.299	103.5195	1.896034	0.9053542	0.3386261	0.77712	0.22288	0.4152349
12960	-2626.258	-2729.271	103.0126	1.930709	1.404466	0.3386261	0.77712	0.22288	0.3772408
12966	-2634.053	-2737.066	103.0133	1.8641	1.541575	0.3386261	0.816076	0.183924	0.5004462
12972	-2626.249	-2729.545	103.296	1.779982	1.3061	0.3301847	0.843948	0.156052	0.5004462
12978	-2627.657	-2730.743	103.0861	1.846692	1.464674	0.3301847	0.790009	0.209991	0.4082088
12984	-2633.855	-2736.832	102.9776	1.946636	1.476137	0.3301847	0.807807	0.192193	0.4082088
12990	-2631.134	-2735.687	104.5529	1.182066	0.608546	0.1563264	0.691051	0.308949	1.224651
12996	-2638.349	-2743.281	104.932	1.249185	0.3475762	0.1578176	0.585798	0.414202	1.224651
13002	-2631.922	-2736.207	104.2852	1.355499	0.6131916	0.228147	0.687422	0.312578	1.108243
13008	-2631.21	-2735.11	103.8997	1.393253	0.9298861	0.228147	0.695832	0.304168	1.071835
13014	-2629.441	-2732.357	102.9156	1.104878	1.20547	0.3835227	0.764544	0.235456	1.594377
13020	-2630.582	-2733.778	103.1958	1.086169	1.20547	0.3964434	0.728091	0.271909	1.378065
13026	-2629.882	-2732.77	102.8884	1.272866	1.476351	0.2817152	0.810931	0.189069	1.494226
13032	-2631.881	-2735.328	103.4469	1.258369	0.9782814	0.3787537	0.695237	0.304763	1.236041
13038	-2634.337	-2738.239	103.9019	1.261512	0.7462753	0.2879532	0.658535	0.341465	1.236041
13044	-2634.097	-2737.663	103.5659	1.183086	0.7433363	0.2879532	0.67331	0.32669	1.562175
13050	-2628.584	-2731.829	103.2451	1.559099	1.382015	0.378613	0.785682	0.214318	0.7722319
13056	-2625.141	-2728.335	103.1938	1.532857	1.626108	0.3174777	0.850255	0.149745	0.8101639
13062	-2624.288	-2727.492	103.2032	1.512795	1.484148	0.3609521	0.822914	0.177086	0.8337643
13068	-2625.929	-2729.014	103.0852	1.406975	1.870269	0.3186716	0.741467	0.258533	0.8976689
13074	-2628.878	-2732.301	103.4233	1.544422	1.285929	0.3188114	0.861163	0.138837	0.8259796
13080	-2632.3	-2735.882	103.5823	1.397364	1.010829	0.3682697	0.867735	0.132265	0.9738083
13086	-2634.462	-2738.084	103.6216	1.467322	1.010829	0.3682697	0.878766	0.121234	0.8528792
13092	-2632.687	-2736.096	103.4088	1.524466	1.334347	0.3682697	0.861086	0.138914	0.6537784
13098	-2632.179	-2735.296	103.1169	1.627303	1.605401	0.3496035	0.861086	0.138914	0.7019498
13104	-2632.671	-2735.893	103.2218	1.671712	1.605401	0.2931524	0.822685	0.177315	0.657755
13110	-2627.618	-2730.834	103.2155	1.671712	1.417441	0.3656753	0.82494	0.17506	0.6217621
13116	-2627.886	-2730.914	103.0282	1.674721	1.796392	0.3228416	0.762671	0.237329	0.6476546
13122	-2629.099	-2732.089	102.9894	1.761363	1.760217	0.3228416	0.783675	0.216325	0.5813599
13128	-2623.607	-2727.116	103.5083	1.761363	1.042235	0.3434754	0.747749	0.252251	0.5813599
13134	-2637.729	-2741.965	104.2355	1.664859	0.6546076	0.2615341	0.713289	0.286711	0.5900781
13140	-2627.848	-2731.596	103.7475	1.792386	0.9708865	0.2615341	0.73565	0.26435	0.4608253
13146	-2630.045	-2733.494	103.4491	1.899742	0.8313624	0.4152745	0.640712	0.359288	0.4289537
13152	-2630.556	-2734.43	103.8742	1.650193	0.8313624	0.333186	0.852347	0.147653	0.5264667
13158	-2634.703	-2737.966	103.2629	1.562013	1.327482	0.4107985	0.825534	0.174466	0.710751
13164	-2634.998	-2738.374	103.3755	1.658771	1.497333	0.2710357	0.79229	0.20771	0.6360278
13170	-2633.02	-2736.36	103.3398	1.674767	1.393304	0.3229724	0.815321	0.184679	0.5652631
13176	-2627.447	-2730.678	103.2308	1.708019	1.660878	0.2755351	0.815321	0.184679	0.5127306
13182	-2618.65	-2721.583	102.9337	1.761653	1.660878	0.386478	0.743057	0.256943	0.4927607
13188	-2620.65	-2723.608	102.9579	1.781863	1.577509	0.386478	0.816496	0.183504	0.5864877
13194	-2628.985	-2731.968	102.9829	1.924044	1.458893	0.352961	0.801739	0.198261	0.5190039
13200	-2620.333	-2723.356	103.0229	1.864626	1.458893	0.352961	0.809586	0.190414	0.4063216
13206	-2626.315	-2729.451	103.1363	1.763944	1.458893	0.352961	0.769842	0.230158	0.5633943
13212	-2636.085	-2739.414	103.3295	1.767387	1.458893	0.2666588	0.765271	0.234729	0.5673407
13218	-2635.132	-2738.177	103.0452	1.688372	1.458893	0.4376235	0.726828	0.273172	0.5710543
13224	-2633.575	-2736.497	102.922	1.894446	1.374104	0.4248935	0.779266	0.220734	0.4190433
13230	-2643.946	-2746.836	102.8898	1.9647	1.495687	0.3338666	0.84158	0.15842	0.3390948
13236	-2642.197	-2744.555	102.3575	1.981448	2.326784	0.3338666	0.851974	0.148026	0.334155
13242	-2624.715	-2728.175	103.4598	1.495888	0.9907	0.4800407	0.746538	0.253462	0.78308
13248	-2629.01	-2731.983	102.9727	1.607999	2.006493	0.302178	0.820172	0.179828	0.7231089
13254	-2633.032	-2736.351	103.3187	1.839016	1.225883	0.322445	0.775296	0.224704	0.4662169
13260	-2641.738	-2745.251	103.5129	1.692732	1.225883	0.302142	0.695719	0.304281	0.5182186
13266	-2631.953	-2735.537	103.5842	1.829459	0.8350473	0.3792978	0.793179	0.206821	0.4271867
13272	-2637.38	-2741.518	104.1379	1.470821	0.6841235	0.2875864	0.826171	0.173829	0.8887339
13278	-2630.719	-2733.825	103.1064	1.567499	1.413384	0.4046423	0.838282	0.161718	0.8445183
13284	-2638.808	-2741.889	103.0804	1.454637	1.626972	0.4046423	0.825362	0.174638	0.8238557
13290	-2631.859	-2735.514	103.6556	1.49353	0.9495521	0.3963308	0.752233	0.247767	0.7838019
13296	-2628.596	-2731.582	102.9859	1.457931	1.704735	0.3963308	0.717878	0.282122	0.8894848
13302	-2625.969	-2729.099	103.1291	1.371797	1.492379	0.3963308	0.798674	0.201326	0.9874703
13308	-2624.015	-2727.547	103.5327	1.394667	1.076654	0.3439304	0.711936	0.288064	1.01341
13314	-2634.635	-2737.831	103.1964	1.134929	1.035434	0.4553208	0.713128	0.286872	1.376532
13320	-2647.423	-2750.812	103.3881	1.382694	1.2588	0.3439304	0.7475	0.2525	1.007786
13326	-2637.283	-2740.674	103.3907	1.360747	0.8724335	0.4908512	0.77864	0.22136	1.115256
13332	-2637.35	-2740.638	103.288	1.0731	0.986296	0.1987546	0.709401	0.290599	1.814017
13338	-2635.901	-2739.445	103.543	1.201836	1.131104	0.2229381	0.790084	0.209916	1.381458
13344	-2637.225	-2740.143	102.918	1.291942	1.705572	0.4199244	0.819116	0.180884	1.081369
13350	-2629.192	-2732.933	103.7411	1.122437	0.8524358	0.2857781	0.772732	0.227268	1.381458
13356	-2630.174	-2733.518	103.3438	1.045148	0.9192002	0.3196592	0.611739	0.388261	1.623788
13362	-2645.744	-2749.405	103.6615	1.224199	1.008098	0.298118	0.752955	0.247045	1.205315
13368	-2628.951	-2732.339	103.3879	1.315183	1.329763	0.298118	0.700988	0.299012	1.113381
13374	-2631.218	-2735.072	103.8539	1.315183	0.8398057	0.298118	0.757418	0.242582	1.113381
13380	-2630.557	-2734.01	103.4534	1.232738	1.351003	0.298118	0.807867	0.192133	1.113381
13386	-2633.021	-2736.204	103.1834	1.38559	1.635858	0.298118	0.790946	0.209054	1.025902
13392	-2630.824	-2733.784	102.9604	1.2507	1.789765	0.265843	0.798716	0.201284	1.318416
13398	-2631.739	-2735.038	103.2982	1.183496	1.280155	0.265843	0.760448	0.239552	1.396902
13404	-2627.275	-2730.852	103.5777	1.149925	1.143699	0.265843	0.810354	0.189646	1.295248
13410	-2632.952	-2736.198	103.2458	1.116886	1.069342	0.310442	0.796702	0.203298	1.547844
13416	-2633.972	-2736.675	102.7026	1.298743	1.488151	0.310442	0.814171	0.185829	1.556511
13422	-2630.51	-2733.985	103.4756	1.059396	0.7615596	0.310442	0.714686	0.285314	1.662895
13428	-2635.265	-2738.906	103.6413	0.9854351	0.571031	0.310442	0.725737	0.274263	1.780051
13434	-2631.133	-2734.624	103.4904	0.999526	0.6671689	0.310442	0.712388	0.287612	1.780051
13440	-2627.892	-2731.353	103.4612	0.9541746	0.7299384	0.2555713	0.638116	0.361884	1.866603
13446	-2623.288	-2726.841	103.5539	1.067546	0.7299384	0.2572227	0.648695	0.351305	1.720797
13452	-2626.993	-2729.717	102.7243	1.039335	1.084971	0.2572227	0.708071	0.291929	2.043128
13458	-2620.096	-2723.005	102.9095	0.9674593	1.084971	0.3881802	0.827124	0.172876	1.767539
13464	-2620.82	-2723.764	102.9446	1.036326	1.084971	0.3376739	0.83613	0.16387	1.767539
13470	-2624.948	-2728.54	103.5915	1.026367	0.7901752	0.2976245	0.724169	0.275831	1.5996
13476	-2625.22	-2729.189	103.9691	1.105725	0.7364454	0.2885376	0.724169	0.275831	1.317818
13482	-2618.966	-2722.417	103.4512	1.179517	1.345314	0.2885376	0.77226	0.22774	1.18647
13488	-2623.239	-2726.013	102.7738	1.138663	1.649804	0.3487278	0.78016	0.21984	1.474532
13494	-2627.529	-2730.469	102.9401	1.178557	1.649804	0.3487278	0.774899	0.225101	1.313697
13500	-2639.945	-2743.369	103.4233	1.430483	1.385602	0.2239071	0.824622	0.175378	1.10833
13506	-2630.269	-2733.875	103.6056	1.274352	1.432058	0.2239071	0.830498	0.169502	1.050639
13512	-2623.763	-2727.554	103.7904	1.272012	1.040609	0.2773691	0.763313	0.236687	1.06292
13518	-2623.69	-2727.098	103.4079	1.188961	1.163609	0.2974131	0.71456	0.28544	1.324575
13524	-2631.992	-2735.898	103.9061	1.484938	0.9071472	0.2103627	0.724275	0.275725	1.049586
13530	-2628.443	-2731.27	102.827	1.089669	1.297916	0.3454854	0.820919	0.179081	1.669258
13536	-2631.716	-2734.671	102.9547	1.093404	1.561444	0.3063855	0.746219	0.253781	1.488988
13542	-2624.953	-2728.55	103.5976	1.430706	1.2015	0.2971688	0.731001	0.268999	0.8981789
13548	-2630.677	-2734.318	103.6407	1.387609	1.2015	0.2971688	0.67685	0.32315	0.8981789
13554	-2629.705	-2733.437	103.7323	1.256616	1.018941	0.2971688	0.786196	0.213804	1.106817
13560	-2622.08	-2725.025	102.9456	1.106758	1.077937	0.3571089	0.698116	0.301884	1.693013
13566	-2635.484	-2738.606	103.1227	1.101558	1.077937	0.3571089	0.807571	0.192429	1.569055
13572	-2635.31	-2738.504	103.1938	1.179448	1.064866	0.3777783	0.803217	0.196783	1.434996
13578	-2635.213	-2737.947	102.7338	1.250171	1.155937	0.4467064	0.803072	0.196928	1.566128
13584	-2632.14	-2735.317	103.1763	1.265764	1.333832	0.3555397	0.762309	0.237691	1.227807
13590	-2634.048	-2737.457	103.4098	1.1601	0.9556785	0.3555397	0.799241	0.200759	1.401987
13596	-2634.322	-2737.471	103.149	1.121059	1.295021	0.310824	0.758023	0.241977	1.467456
13602	-2631.14	-2733.998	102.8578	1.109137	1.403253	0.3253135	0.757344	0.242656	1.604184
13608	-2620.716	-2723.438	102.722	1.097276	1.458084	0.3253135	0.765548	0.234452	1.68027
13614	-2627.07	-2730.282	103.2115	1.046851	1.041163	0.2884487	0.78327	0.21673	1.68027
13620	-2634.122	-2737.447	103.3248	1.430041	1.226603	0.3977092	0.797435	0.202565	0.9399967
13626	-2638.921	-2741.935	103.0141	1.484087	1.566143	0.4202411	0.689359	0.310641	0.8842292
13632	-2623.557	-2726.743	103.1868	1.356709	1.348864	0.3767229	0.777396	0.222604	1.089812
13638	-2628.375	-2731.4	103.0242	1.342387	1.518142	0.2867276	0.789871	0.210129	1.300865
13644	-2614.709	-2718.634	103.9244	1.680618	0.7959136	0.3151858	0.696342	0.303658	0.532425
13650	-2625.538	-2729.395	103.8571	1.683548	0.7959136	0.3151858	0.690853	0.309147	0.7049376
13656	-2632.575	-2736.331	103.7559	1.733923	0.8933529	0.3151858	0.73684	0.26316	0.5599534
13662	-2626.501	-2730.216	103.7149	1.686978	1.066101	0.2745567	0.791531	0.208469	0.5906886
13668	-2627.084	-2730.733	103.6484	1.66957	1.157722	0.2745567	0.638559	0.361441	0.5881607
13674	-2626.995	-2730.493	103.4983	1.7026	1.1692	0.3181468	0.714907	0.285093	0.6019998
13680	-2632.904	-2736.211	103.3072	1.686302	1.1692	0.4194125	0.733235	0.266765	0.6038141
13686	-2631.596	-2734.805	103.2089	1.727937	1.231308	0.4194125	0.755596	0.244404	0.6108399
13692	-2635.327	-2738.969	103.6415	1.727937	0.9724478	0.3302613	0.705804	0.294196	0.5748544
13698	-2629.94	-2733.566	103.6258	1.724429	0.9880104	0.3146743	0.771328	0.228672	0.6717135
13704	-2636.505	-2739.459	102.9546	1.47593	1.914844	0.3146743	0.733614	0.266386	0.9451008
13710	-2634.497	-2738.066	103.5688	1.438583	1.149352	0.3530546	0.725748	0.274252	0.8309161
13716	-2636.24	-2739.669	103.4287	1.423843	0.9525979	0.4253975	0.757862	0.242138	1.048437
13722	-2633.889	-2737.233	103.3443	1.305305	1.226245	0.3629768	0.777136	0.222864	1.111009
13728	-2637.598	-2740.949	103.3514	1.290469	1.226245	0.3629768	0.834508	0.165492	1.117991
13734	-2630.13	-2733.494	103.364	1.195847	1.057615	0.285037	0.736194	0.263806	1.453012
13740	-2617.821	-2721.26	103.4392	1.045663	1.247543	0.285037	0.786835	0.213165	1.378879
13746	-2622.007	-2725.314	103.3071	1.030623	0.9726223	0.3007923	0.701806	0.298194	1.651496
13752	-2630.664	-2733.323	102.6587	1.111292	1.353457	0.4112756	0.752124	0.247876	1.647795
13758	-2622.795	-2725.728	102.9335	1.231856	1.353457	0.3654441	0.758757	0.241243	1.421254
13764	-2629.056	-2732.01	102.9544	1.002769	1.353457	0.3654441	0.833096	0.166904	1.577508
13770	-2628.806	-2731.634	102.8278	1.167104	2.042371	0.2663025	0.777491	0.222509	1.367449
13776	-2627.156	-2730.263	103.1066	1.173628	1.365413	0.3552297	0.799042	0.200958	1.340303
13782	-2625.227	-2728.123	102.8961	1.132932	1.209002	0.4743256	0.789912	0.210088	1.461435
13788	-2627.946	-2730.843	102.897	1.324695	1.542094	0.4743256	0.881418	0.118582	1.085054
13794	-2626.224	-2729.276	103.0523	1.403084	1.675125	0.3087751	0.74837	0.25163	1.085054
13800	-2622.775	-2726.448	103.6726	1.394281	1.092388	0.3188732	0.722469	0.277531	0.9095124
13806	-2627.366	-2730.57	103.2041	1.585456	1.540423	0.3163823	0.742459	0.257541	0.8100549
13812	-2627.435	-2730.603	103.168	1.546327	1.647819	0.3163823	0.827246	0.172754	0.8100549
13818	-2621.071	-2724.285	103.2134	1.546634	1.539097	0.2670762	0.782976	0.217024	0.9780426
13824	-2614.551	-2717.687	103.1357	1.423355	1.658925	0.3168363	0.768423	0.231577	0.9771682
13830	-2618.127	-2721.555	103.4276	1.303234	1.32773	0.2949727	0.80647	0.19353	1.09626
13836	-2618.543	-2722.025	103.4826	1.200071	0.9850813	0.2949727	0.667105	0.332895	1.395188
13842	-2615.374	-2718.683	103.3086	1.24741	1.116371	0.2949727	0.763435	0.236565	1.395188
13848	-2622.922	-2725.579	102.6571	1.23638	1.596875	0.4295254	0.78936	0.21064	1.395188
13854	-2622.177	-2725.103	102.9264	1.218713	1.424834	0.4295254	0.776835	0.223165	1.294941
13860	-2625.915	-2729.163	103.2481	2.053985	0.9952933	0.3332562	0.701594	0.298406	0.3609179
13866	-2619.466	-2722.937	103.4713	2.00179	0.8724342	0.317379	0.754441	0.245559	0.3696395
13872	-2634.657	-2737.771	103.1141	1.259908	1.26454	0.4364956	0.799254	0.200746	1.200238
13878	-2626.545	-2729.43	102.8846	1.264669	1.374791	0.4364956	0.742334	0.257666	1.312668
13884	-2625.295	-2728.158	102.8627	1.214158	1.503977	0.4016471	0.758357	0.241643	1.344389
13890	-2630.491	-2732.903	102.4127	1.242186	1.734947	0.4016471	0.813469	0.186531	1.544905
13896	-2640.301	-2743.132	102.831	1.262468	1.451506	0.3960078	0.756869	0.243131	1.370682
13902	-2631.688	-2734.908	103.22	2.16727	0.9485517	0.2829776	0.813172	0.186828	0.2893469
13908	-2636.516	-2740.042	103.5257	2.143212	0.8062288	0.2343735	0.731339	0.268661	0.2893469
13914	-2634.216	-2737.548	103.3318	2.087616	0.8844466	0.3199708	0.810329	0.189671	0.3295404
13920	-2632.337	-2735.88	103.5428	1.557923	1.225303	0.2975792	0.725995	0.274005	0.7819211
13926	-2632.521	-2735.813	103.2916	1.403568	1.225303	0.3773195	0.785557	0.214443	1.042001
13932	-2626.922	-2729.619	102.6967	2.187254	1.425076	0.3188335	0.757852	0.242148	0.2910555
13938	-2629.363	-2732.328	102.9653	2.163613	1.03121	0.3188335	0.733482	0.266518	0.2384577
13944	-2624.846	-2727.632	102.7853	2.163613	1.291075	0.3188335	0.823052	0.176948	0.2652147
13950	-2626.496	-2730.657	104.1614	1.233999	0.6715177	0.3240141	0.753282	0.246718	1.040876
13956	-2625.787	-2729.804	104.0169	1.243439	0.7446031	0.2733528	0.71307	0.28693	1.185563
13962	-2635.767	-2739.529	103.7611	1.25816	0.9375209	0.3286659	0.7931	0.2069	1.089391
13968	-2640.145	-2743.683	103.5377	1.097456	0.9885888	0.3286659	0.770025	0.229975	1.369615
13974	-2644.777	-2747.894	103.1171	1.156538	0.9885888	0.4252332	0.772414	0.227586	1.498064
13980	-2634.872	-2737.667	102.7954	2.254726	1.12366	0.3401713	0.735697	0.264303	0.2667454
13986	-2634.178	-2736.205	102.0274	2.217598	1.866482	0.4410008	0.805776	0.194224	0.2397503
13992	-2629.493	-2733.289	103.7961	1.141774	0.9283615	0.2328667	0.793447	0.206553	1.364395
13998	-2632.987	-2736.66	103.6723	1.204902	0.945642	0.2858523	0.74209	0.25791	1.289687
14004	-2642.969	-2745.731	102.7614	2.241951	1.077581	0.362323	0.719842	0.280158	0.2442535
14010	-2630.72	-2734.664	103.9433	1.309526	0.7976954	0.3991378	0.814423	0.185577	0.8592901
14016	-2619.94	-2723.007	103.0672	1.270341	1.90514	0.3130747	0.850705	0.149295	1.048053
14022	-2625.743	-2729.155	103.4127	1.380314	1.228281	0.3265381	0.782002	0.217998	1.048053
14028	-2625.85	-2729.091	103.241	1.409155	1.228281	0.4267696	0.742419	0.257581	0.9902569
14034	-2626.281	-2730.022	103.7407	1.13593	0.8140153	0.3144749	0.743827	0.256173	1.353174
14040	-2627.731	-2730.984	103.2527	1.131667	1.017806	0.3418507	0.716253	0.283747	1.517353
14046	-2628.321	-2731.974	103.6533	1.108541	1.017806	0.3092209	0.834067	0.165933	1.279446
14052	-2633.207	-2736.065	102.8579	2.201326	1.257811	0.2808236	0.785469	0.214531	0.2618264
14058	-2635.558	-2738.174	102.6161	2.193143	1.312654	0.3733778	0.711668	0.288332	0.2618264
14064	-2624.278	-2727.018	102.7409	2.19788	1.113153	0.4048192	0.716381	0.283619	0.2725141
14070	-2627.72	-2731.19	103.4701	2.153555	0.8054859	0.2548255	0.698584	0.301416	0.2949801
14076	-2625.632	-2729.082	103.4499	2.153555	0.8289904	0.2520641	0.80362	0.19638	0.2949801
14082	-2621.232	-2724.408	103.1758	2.067511	0.9011153	0.3977328	0.731684	0.268316	0.3330161
14088	-2628.811	-2732.322	103.511	2.025916	0.9371339	0.249136	0.726458	0.273542	0.3323789
14094	-2639.306	-2743.001	103.6952	1.966459	0.8441524	0.249136	0.726591	0.273409	0.3583686
14100	-2634.747	-2737.969	103.2222	2.024026	1.272338	0.249136	0.649694	0.350306	0.3564791
14106	-2634.871	-2737.599	102.7281	2.163772	1.272338	0.3464826	0.677103	0.322897	0.2584631
14112	-2630.261	-2733.239	102.9773	2.126889	1.036288	0.3464826	0.677103	0.322897	0.2584631
14118	-2627.072	-2729.858	102.7861	2.091531	1.31206	0.363151	0.667005	0.332995	0.2908416
14124	-2628.6	-2731.402	102.8027	2.160316	1.31206	0.3367492	0.705587	0.294413	0.3134781
14130	-2629.974	-2733.125	103.1512	2.117571	0.9533037	0.3367492	0.766677	0.233323	0.2959034
14136	-2631.553	-2734.155	102.602	2.190126	1.518144	0.3320626	0.783018	0.216982	0.2959034
14142	-2623.697	-2726.98	103.2828	1.045209	1.093533	0.3441626	0.735156	0.264844	1.501423
14148	-2626.03	-2729.435	103.4045	1.160592	1.093533	0.3441626	0.745275	0.254725	1.317603
14154	-2628.078	-2731.831	103.7534	1.152979	0.783763	0.2820147	0.760774	0.239226	1.417239
14160	-2623.011	-2726.3	103.289	1.178497	1.248149	0.2962407	0.816137	0.183863	1.371243
14166	-2628.405	-2731.354	102.9497	1.183677	1.248149	0.4650573	0.67923	0.32077	1.367169
14172	-2632.24	-2735.804	103.5638	1.244971	1.320509	0.2089655	0.726467	0.273533	1.230142
14178	-2634.827	-2738.963	104.1363	1.151843	0.7150203	0.2518555	0.726467	0.273533	1.240029
14184	-2621.497	-2724.632	103.1346	1.03557	1.044703	0.3203186	0.741415	0.258585	1.688217
14190	-2626.328	-2729.788	103.46	1.261547	1.044703	0.358915	0.755344	0.244656	1.200539
14196	-2624.314	-2727.602	103.288	1.115699	1.331749	0.2651981	0.792865	0.207135	1.425946
14202	-2619.801	-2722.919	103.1183	1.185273	1.237281	0.41403	0.77839	0.22161	1.312358
14208	-2622.036	-2725.68	103.6438	1.380559	1.237281	0.3010292	0.758693	0.241307	0.8564874
14214	-2627.913	-2731.633	103.7195	1.357944	0.9884567	0.3010292	0.753452	0.246548	1.044022
14220	-2630.283	-2733.796	103.5124	1.295446	1.039431	0.403354	0.797125	0.202875	1.047587
14226	-2638.561	-2742.546	103.9845	1.414852	1.039431	0.2376506	0.822397	0.177603	0.8104434
14232	-2633.235	-2737.306	104.0718	1.333142	0.9491127	0.2376506	0.675262	0.324738	0.9121241
14238	-2633.088	-2736.654	103.5658	1.352561	1.002369	0.3664674	0.660873	0.339127	1.046525
14244	-2644.427	-2747.406	102.9792	1.449515	1.231952	0.5320759	0.740588	0.259412	1.028454
14250	-2636.821	-2739.919	103.0972	1.479788	1.31667	0.4798785	0.744043	0.255957	0.8891137
14256	-2633.214	-2736.645	103.4316	1.460206	1.31667	0.3168654	0.683087	0.316913	0.8919473
14262	-2627.953	-2731.41	103.4576	1.589854	1.185558	0.3666283	0.845668	0.154332	0.6820318
14268	-2630.108	-2733.727	103.6188	1.595912	1.185558	0.3061785	0.691723	0.308277	0.598528
14274	-2626.772	-2730.356	103.5842	1.589345	1.226661	0.3061785	0.788647	0.211353	0.6142831
14280	-2633.126	-2736.027	102.9009	1.831651	1.856624	0.3061785	0.829037	0.170963	0.5596221
14286	-2635.902	-2738.883	102.981	1.834981	1.856624	0.2739278	0.843064	0.156936	0.5032302
14292	-2628.64	-2732.043	103.4029	1.062091	0.9569381	0.3343706	0.717334	0.282666	1.515109
14298	-2624.894	-2728.534	103.6401	1.240876	0.9294074	0.3343706	0.68205	0.31795	1.20842
14304	-2621.903	-2725.421	103.5174	1.678943	1.33579	0.259216	0.776637	0.223363	0.6156561
14310	-2620.676	-2723.223	102.5469	1.710639	2.295547	0.4035286	0.820777	0.179223	0.6255371
14316	-2624.23	-2727.535	103.3053	1.704102	1.111255	0.4478944	0.838953	0.161047	0.5432533
14322	-2621.366	-2725.005	103.6388	1.722091	1.111255	0.2754258	0.725557	0.274443	0.5784006
14328	-2616.56	-2719.735	103.1753	1.720349	1.679109	0.2754258	0.773418	0.226582	0.6359434
14334	-2618.55	-2722.592	104.042	1.567798	0.8652522	0.2649092	0.719444	0.280556	0.6494784
14340	-2627.904	-2731.23	103.326	1.448215	1.6573	0.2649092	0.826102	0.173898	0.8789078
14346	-2629.924	-2732.785	102.8613	1.412969	1.664758	0.4942442	0.820418	0.179582	0.9126179
14352	-2629.318	-2732.491	103.1736	1.502398	1.664758	0.3343532	0.832075	0.167925	0.7928445
14358	-2629.651	-2733.178	103.5274	1.498739	1.234966	0.302863	0.801286	0.198714	0.8516417
14364	-2627.154	-2731.287	104.1327	1.430461	0.8090646	0.2688521	0.711757	0.288243	0.8109227
14370	-2621.755	-2725.064	103.3091	1.31699	1.401176	0.2903703	0.773543	0.226457	1.14824
14376	-2625.766	-2729.003	103.2365	1.364605	1.401176	0.2903703	0.765821	0.234179	1.170221
14382	-2628.735	-2731.948	103.2129	1.204346	1.535533	0.2903703	0.793682	0.206318	1.241619
14388	-2624.355	-2727.254	102.8992	1.324774	1.610692	0.3449306	0.793682	0.206318	1.256121
14394	-2624.022	-2726.917	102.8952	1.330566	1.610692	0.3809189	0.79604	0.20396	1.192005
14400	-2621.707	-2725.248	103.5403	1.670331	1.089244	0.3519564	0.728893	0.271107	0.566952
14406	-2617.258	-2720.62	103.3622	1.670331	1.239487	0.3519564	0.768149	0.231851	0.679575
14412	-2629.284	-2732.958	103.6739	1.567336	1.358339	0.2210367	0.775506	0.224494	0.6985163
14418	-2622.279	-2725.468	103.1897	1.467312	1.46469	0.4076495	0.775506	0.224494	0.809421
14424	-2623.535	-2727.356	103.8213	1.560609	0.7770945	0.3816561	0.746911	0.253089	0.7681056
14430	-2622.894	-2726.107	103.2123	1.309543	1.275537	0.4747963	0.750284	0.249716	0.9932917
14436	-2621.591	-2724.545	102.9538	1.424109	1.354879	0.5161107	0.755972	0.244028	1.00404
14442	-2628.092	-2730.971	102.879	1.413921	1.442447	0.5956927	0.805754	0.194246	0.8926403
14448	-2623.586	-2726.569	102.983	1.498619	1.442447	0.4366845	0.723175	0.276825	0.9679445
14454	-2626.998	-2730.403	103.4051	1.613557	1.442447	0.2847716	0.761378	0.238622	0.6834097
14460	-2630.662	-2734.6	103.9381	1.473616	0.8250167	0.3223563	0.832911	0.167089	0.8198227
14466	-2642.546	-2746.544	103.9984	1.495535	0.8250167	0.3223563	0.802889	0.197111	0.6990461
14472	-2631.954	-2735.466	103.5126	1.709014	1.169387	0.3146916	0.693627	0.306373	0.5526828
14478	-2618.905	-2722.381	103.4762	1.720747	1.169387	0.3146916	0.780759	0.219241	0.6324808
14484	-2621.753	-2725.134	103.3814	1.844379	1.169387	0.3146916	0.856126	0.143874	0.5235027
14490	-2625.087	-2728.149	103.062	1.773548	1.547301	0.3564527	0.825327	0.174673	0.4986646
14496	-2619.863	-2722.774	102.9112	1.761116	1.547301	0.4396856	0.826867	0.173133	0.5316623
14502	-2622.133	-2725.682	103.5487	1.688184	0.8778716	0.4396856	0.766333	0.233667	0.6223906
14508	-2623.675	-2727.241	103.5652	1.714378	1.013512	0.352688	0.766333	0.233667	0.5766588
14514	-2618.707	-2722.557	103.8505	1.714378	0.9194217	0.2637053	0.796758	0.203242	0.6238405
14520	-2620.17	-2724.019	103.8485	1.685665	0.9194217	0.2637053	0.797928	0.202072	0.6885292
14526	-2632.287	-2735.722	103.4344	1.871559	0.9300893	0.3848181	0.750827	0.249173	0.4560607
14532	-2641.907	-2745.199	103.2917	1.813744	1.014282	0.4452838	0.782205	0.217795	0.4524588
14538	-2639.012	-2742.292	103.2803	1.814432	1.45828	0.2701294	0.785041	0.214959	0.4674022
14544	-2635.213	-2738.73	103.5165	1.712012	1.301536	0.2588193	0.783344	0.216656	0.6061565
14550	-2625.84	-2729.464	103.6244	1.590169	1.214935	0.2660061	0.825464	0.174536	0.7406007
14556	-2634.278	-2737.812	103.5335	1.608687	1.143999	0.3375562	0.851768	0.148232	0.6880943
14562	-2630.703	-2734.612	103.9092	1.587775	0.6571802	0.398437	0.709143	0.290857	0.7760571
14568	-2629.969	-2733.892	103.9223	1.655427	0.6571802	0.398437	0.710309	0.289691	0.636713
14574	-2628.19	-2731.727	103.5368	1.864371	0.9721321	0.3205394	0.75483	0.24517	0.4892766
14580	-2625.377	-2728.778	103.401	1.786936	1.184363	0.3205394	0.75887	0.24113	0.5832101
14586	-2629.293	-2732.476	103.1831	1.86966	1.184363	0.3898792	0.689092	0.310908	0.5380628
14592	-2621.121	-2725.198	104.0775	1.598655	0.7623934	0.2870801	0.667274	0.332726	0.6477065
14598	-2631.776	-2735.667	103.8912	1.64102	0.8771994	0.2870801	0.740787	0.259213	0.6699087
14604	-2629.72	-2733.601	103.8807	1.592111	0.798861	0.3476319	0.615788	0.384212	0.6935045
14610	-2626.154	-2729.876	103.7214	1.703934	0.9047491	0.3331235	0.795959	0.204041	0.6038415
14616	-2633.065	-2736.95	103.8849	1.545269	0.9047491	0.2746328	0.795959	0.204041	0.8254202
14622	-2626.344	-2730.603	104.2591	1.53473	0.6956035	0.2746328	0.679529	0.320471	0.6408816
14628	-2619.095	-2722.822	103.727	1.420112	1.013351	0.3007186	0.721752	0.278248	0.949838
14634	-2626.102	-2729.66	103.5574	1.307776	0.9950416	0.3468922	0.700088	0.299912	1.139888
14640	-2624.198	-2727.588	103.3894	1.261722	1.262375	0.3290248	0.700088	0.299912	1.14691
14646	-2623.575	-2726.797	103.2212	1.293661	1.344404	0.3548294	0.691261	0.308739	1.159162
14652	-2632.84	-2737.099	104.2589	1.312019	0.7118325	0.1867064	0.642112	0.357888	1.159613
14658	-2627.677	-2731.294	103.6171	1.321664	1.295513	0.2451843	0.800153	0.199847	1.042231
14664	-2632.036	-2736.642	104.6063	1.248641	0.5056711	0.1917857	0.624894	0.375106	1.158363
14670	-2630.196	-2733.991	103.7954	1.420053	0.7531275	0.4163848	0.659143	0.340857	0.9257631
14676	-2631.123	-2735.265	104.1421	1.432376	0.7531275	0.2452913	0.66619	0.33381	0.9463885
14682	-2641.031	-2744.077	103.0463	0.969895	1.288297	0.2787645	0.705433	0.294567	1.711962
14688	-2640.319	-2744.506	104.1867	0.9936727	0.5047413	0.1788332	0.783878	0.216122	1.711962
14694	-2635.147	-2739.788	104.6413	1.05386	0.3901071	0.1795127	0.679624	0.320376	1.485072
14700	-2634.819	-2739.023	104.2042	0.9124385	0.4534655	0.2780039	0.62671	0.37329	1.623019
14706	-2634.501	-2738.586	104.0853	1.055383	0.6160392	0.3238259	0.631303	0.368697	1.328964
14712	-2632.323	-2736.596	104.2733	1.168182	0.5930449	0.2685543	0.754815	0.245185	1.215647
14718	-2634.67	-2738.665	103.9957	1.335577	0.6659577	0.3572082	0.759489	0.240511	1.041202
14724	-2626.225	-2730.578	104.3529	1.352836	0.6104113	0.2428269	0.739884	0.260116	1.01282
14730	-2628.656	-2732.761	104.1052	1.265487	0.7640527	0.2864569	0.779974	0.220026	1.034034
14736	-2630.542	-2734.412	103.8702	1.343798	0.9005582	0.2864569	0.719665	0.280335	1.034034
14742	-2644.112	-2747.939	103.8269	1.596296	0.9551739	0.2727649	0.743807	0.256193	0.7694434
14748	-2634.488	-2737.703	103.2152	1.606451	1.371939	0.4006096	0.77404	0.22596	0.6885546
14754	-2631.821	-2735.286	103.4655	1.325085	1.296208	0.318222	0.778885	0.221115	1.013045
14760	-2629.953	-2733.459	103.5063	1.369956	1.202943	0.3019653	0.682415	0.317585	1.042495
14766	-2627.035	-2730.401	103.3659	1.394369	1.573512	0.3019653	0.713268	0.286732	0.8582845
14772	-2623.237	-2727.225	103.988	1.423862	1.010123	0.2161247	0.719412	0.280588	0.9019291
14778	-2627.756	-2730.76	103.0048	1.078393	1.407799	0.3413058	0.778948	0.221052	1.489963
14784	-2633.08	-2735.825	102.7449	1.023362	1.407799	0.3413058	0.831161	0.168839	1.71889
14790	-2633.054	-2736.144	103.09	1.670173	1.466875	0.4174291	0.786193	0.213807	0.5880049
14796	-2623.077	-2726.375	103.2984	1.672843	1.466875	0.3180628	0.807688	0.192312	0.5572357
14802	-2621.167	-2724.146	102.9791	1.878557	1.633901	0.3180628	0.80699	0.19301	0.5058469
14808	-2624.215	-2727.445	103.2292	1.722567	1.525876	0.295625	0.833717	0.166283	0.6412536
14814	-2624.919	-2728.128	103.2089	1.649955	1.416085	0.3739108	0.776653	0.223347	0.6512832
14820	-2625.57	-2728.907	103.3366	1.729571	1.187642	0.3739108	0.683688	0.316312	0.6016003
14826	-2622.541	-2725.3	102.7593	1.778093	1.904167	0.3871072	0.772886	0.227114	0.4853823
14832	-2624.671	-2728.042	103.3713	1.984197	1.337536	0.2087981	0.761748	0.238252	0.4926811
14838	-2634.154	-2737.597	103.4436	1.888996	1.358658	0.2087981	0.830702	0.169298	0.4466756
14844	-2639.068	-2742.472	103.4043	1.191824	1.178574	0.3034868	0.830986	0.169014	1.302986
14850	-2636.711	-2740.727	104.0151	1.219887	0.8684533	0.2896344	0.732626	0.267374	1.040409
14856	-2620.736	-2724.547	103.811	1.24994	0.8684533	0.2639512	0.699203	0.300797	1.251199
14862	-2627.895	-2731.125	103.23	1.856509	1.357473	0.3061471	0.714273	0.285727	0.468797
14868	-2626.223	-2729.581	103.3583	1.856509	1.198015	0.3061471	0.740009	0.259991	0.4460289
14874	-2626.98	-2730.724	103.7439	1.885294	0.7895908	0.3061471	0.773273	0.226727	0.4474511
14880	-2633.507	-2736.574	103.0672	1.714846	1.402709	0.4393947	0.808055	0.191945	0.5130972
14886	-2633.346	-2737.008	103.662	1.689669	0.9821961	0.3382774	0.71039	0.28961	0.5169837
14892	-2630.226	-2734.12	103.8938	1.786164	0.7308123	0.3153963	0.782984	0.217016	0.4468254
14898	-2626.937	-2730.349	103.4118	1.90519	0.9790795	0.3370698	0.76255	0.23745	0.3701072
14904	-2634.295	-2737.573	103.2773	1.1816	1.311358	0.3116811	0.781328	0.218672	1.307777
14910	-2633.919	-2737.088	103.1689	1.882615	1.477698	0.2790753	0.752128	0.247872	0.4362567
14916	-2631.353	-2735.236	103.8828	1.87348	0.791654	0.254856	0.697913	0.302087	0.4756017
14922	-2630.914	-2734.772	103.8584	1.785042	0.8736614	0.260614	0.692752	0.307248	0.4501123
14928	-2624.973	-2728.507	103.5343	1.713268	0.8736614	0.4484276	0.747391	0.252609	0.5470031
14934	-2626.561	-2730.168	103.6069	1.722356	0.8816117	0.4003182	0.755532	0.244468	0.5383112
14940	-2627.241	-2731.161	103.9197	1.536648	0.8816117	0.2968589	0.684457	0.315543	0.750826
14946	-2625.764	-2729.596	103.8318	1.39477	0.9343175	0.2968589	0.703606	0.296394	0.9605883
14952	-2627.1	-2730.272	103.1724	0.8961638	0.9486135	0.2623714	0.80226	0.19774	1.920538
14958	-2631.636	-2735.5	103.8636	0.9371382	0.6286896	0.1942174	0.687471	0.312529	1.812313
14964	-2634.076	-2737.351	103.2744	0.8502849	0.9349566	0.2433995	0.739593	0.260407	1.925544
14970	-2630.111	-2733.603	103.4912	0.9082486	1.05139	0.2433995	0.844187	0.155813	1.65344
14976	-2624.186	-2727.781	103.5952	0.9478226	0.7874788	0.2991318	0.679218	0.320782	1.65344
14982	-2631.462	-2734.848	103.386	1.531257	1.411517	0.3039254	0.718992	0.281008	0.8056034
14988	-2626.309	-2729.719	103.4109	1.506318	1.411517	0.3039254	0.792338	0.207662	0.8056034
14994	-2638.36	-2741.638	103.2778	1.285136	1.169272	0.4491355	0.815707	0.184293	1.084962
15000	-2629.234	-2732.511	103.2777	1.155099	1.51648	0.2781963	0.813358	0.186642	1.264537
15006	-2626.918	-2730.107	103.1897	1.325312	1.51648	0.347829	0.830789	0.169211	1.052657
15012	-2633.548	-2736.807	103.2589	1.245065	1.483874	0.347829	0.789865	0.210135	1.085544
15018	-2632.718	-2735.899	103.1806	1.330598	1.483874	0.347829	0.884196	0.115804	1.078782
15024	-2632.976	-2736.287	103.311	2.117956	0.8079124	0.3380962	0.764233	0.235767	0.2980883
15030	-2634.862	-2737.949	103.087	2.238649	0.8387588	0.3338248	0.756664	0.243336	0.2514269
15036	-2633.195	-2736.033	102.8384	2.196205	1.124502	0.3338248	0.810049	0.189951	0.2514269
15042	-2627.385	-2730.859	103.4734	2.018633	0.896538	0.2819766	0.80467	0.19533	0.327054
15048	-2616.566	-2719.91	103.344	1.974986	1.156308	0.2578684	0.79177	0.20823	0.3506589
15054	-2620.243	-2723.324	103.0803	1.942459	1.293321	0.3453523	0.796366	0.203634	0.3857726
15060	-2620.544	-2723.584	103.0402	1.888898	1.453178	0.3439586	0.828493	0.171507	0.4704726
15066	-2621.732	-2725.186	103.4546	1.754991	1.236273	0.2958205	0.877956	0.122044	0.5364229
15072	-2621.872	-2725.76	103.8881	1.661631	0.85202	0.2958205	0.713379	0.286621	0.6488545
15078	-2628.594	-2732.046	103.4528	1.757634	1.026929	0.3725385	0.692484	0.307516	0.6221303
15084	-2637.274	-2740.776	103.5019	1.437986	1.360055	0.2915199	0.736077	0.263923	0.863757
15090	-2629.299	-2732.865	103.5663	1.34899	1.232715	0.2915199	0.726972	0.273028	1.003211
15096	-2628.208	-2732.013	103.8057	1.524057	0.9580503	0.2778461	0.743994	0.256006	0.8696862
15102	-2625.315	-2729.231	103.9161	1.6385	0.8530804	0.2778461	0.807778	0.192222	0.7179602
15108	-2623.386	-2726.941	103.5554	1.531611	1.199847	0.2688861	0.853596	0.146404	0.9106602
15114	-2623.398	-2727.475	104.0763	1.512837	0.7611238	0.254802	0.744094	0.255906	0.8922623
15120	-2630.721	-2734.192	103.4708	1.663476	0.9586612	0.3995787	0.746696	0.253304	0.7825459
15126	-2632.466	-2735.81	103.3437	1.495172	1.208892	0.3995787	0.753181	0.246819	0.8584326
15132	-2620.351	-2723.734	103.3833	1.445221	1.208892	0.4049655	0.739262	0.260738	0.8584326
15138	-2624.559	-2728.317	103.7581	1.554666	1.066536	0.2766037	0.757298	0.242702	0.755552
15144	-2636.391	-2739.943	103.5512	2.072174	0.7271878	0.3098692	0.655381	0.344619	0.3259124
15150	-2632.427	-2736.622	104.1948	1.438859	0.9092202	0.214806	0.699989	0.300011	0.7581928
15156	-2624.931	-2728.359	103.428	1.535103	1.634078	0.1983298	0.824919	0.175081	0.8903161
15162	-2624.446	-2727.696	103.2506	1.907338	1.119148	0.3644567	0.779373	0.220627	0.4422866
15168	-2621.159	-2724.271	103.1112	1.907338	1.43493	0.3100363	0.769401	0.230599	0.478325
15174	-2623.568	-2726.71	103.1421	1.911685	1.236094	0.3652816	0.769401	0.230599	0.4462136
15180	-2619.953	-2723.469	103.5166	1.661495	1.006148	0.4052485	0.759932	0.240068	0.5896134
15186	-2625.296	-2728.922	103.6258	1.661495	1.006148	0.3082123	0.744999	0.255001	0.7692101
15192	-2621.938	-2725.927	103.9891	1.243044	0.7723703	0.2925959	0.820409	0.179591	1.139556
15198	-2620.96	-2724.841	103.8809	1.479873	0.8830965	0.3238919	0.785907	0.214093	0.7965294
15204	-2618.942	-2722.647	103.7052	1.526339	0.8830965	0.3905413	0.773143	0.226857	0.7835314
15210	-2624.156	-2728.049	103.8923	1.458762	0.8830965	0.3114854	0.709575	0.290425	0.8446022
15216	-2620.008	-2723.824	103.8159	1.495013	0.8830965	0.3114854	0.770237	0.229763	0.8919766
15222	-2624.275	-2728.136	103.8604	1.599185	0.8830965	0.2977633	0.765935	0.234065	0.7401664
15228	-2618.452	-2721.876	103.4243	1.621087	1.264532	0.2977633	0.836175	0.163825	0.8109429
15234	-2623.09	-2726.843	103.7535	1.496503	1.037517	0.2977633	0.741614	0.258386	0.8109429
15240	-2626.733	-2729.806	103.0729	1.554429	1.691083	0.2977633	0.843904	0.156096	0.9285696
15246	-2631.11	-2734.032	102.9217	1.493061	1.691083	0.3795319	0.841005	0.158995	0.9667674
15252	-2635.911	-2739.012	103.1007	1.508057	2.058975	0.2700951	0.834897	0.165103	0.7520713
15258	-2628.426	-2731.533	103.1066	1.539429	1.460968	0.4091255	0.791484	0.208516	0.8235421
15264	-2642.159	-2745.387	103.2276	1.495432	1.437945	0.3708643	0.771195	0.228805	0.8428277
15270	-2639.585	-2743.322	103.7372	1.478491	1.10139	0.2918185	0.841653	0.158347	0.794441
15276	-2632.989	-2736.46	103.4712	1.361022	1.193387	0.2883992	0.760399	0.239601	1.1209
15282	-2633.725	-2737.182	103.4571	1.350507	1.193387	0.3371303	0.759056	0.240944	1.040824
15288	-2630.912	-2734.09	103.178	1.418717	1.339939	0.379663	0.791441	0.208559	1.040824
15294	-2633.117	-2736.447	103.3295	1.307026	1.339939	0.3600611	0.722803	0.277197	1.040824
15300	-2627.646	-2731.13	103.4847	1.261782	1.339939	0.3094525	0.722803	0.277197	1.040824
15306	-2627.683	-2731.142	103.4588	1.37738	1.339939	0.2644778	0.750255	0.249745	1.058202
15312	-2631.659	-2735.341	103.6813	1.397356	1.082962	0.2644778	0.74557	0.25443	1.03947
15318	-2629.682	-2732.57	102.8876	1.198454	1.494388	0.430071	0.774116	0.225884	1.299735
15324	-2622.661	-2726.134	103.473	1.272228	1.139435	0.3286201	0.77036	0.22964	1.159103
15330	-2631.911	-2734.822	102.911	1.278046	1.547148	0.4944393	0.767056	0.232944	1.080469
15336	-2630.417	-2733.974	103.5566	1.354449	0.8557897	0.4966122	0.788485	0.211515	0.9703734
15342	-2623.882	-2727.712	103.8293	1.145176	1.022238	0.2436634	0.721636	0.278364	1.233086
15348	-2627.855	-2731.476	103.6213	1.164588	1.022238	0.3213623	0.786187	0.213813	1.233086
15354	-2634.326	-2737.435	103.1093	1.383746	1.637359	0.3213623	0.730624	0.269376	1.04692
15360	-2628.765	-2731.926	103.161	1.507107	1.637359	0.3213623	0.804435	0.195565	0.8625518
15366	-2630.291	-2733.625	103.3331	1.497773	1.70449	0.2167867	0.757906	0.242094	0.9244141
15372	-2620.598	-2724.528	103.9297	1.336831	0.9662751	0.2234686	0.779821	0.220179	1.073328
15378	-2621.732	-2725.354	103.6229	1.387173	0.8382701	0.3762419	0.766445	0.233555	1.105749
15384	-2624.53	-2727.905	103.3746	1.462921	1.310174	0.3762419	0.799764	0.200236	0.811273
15390	-2628.784	-2731.912	103.1284	1.323045	1.310174	0.3762419	0.776744	0.223256	1.200111
15396	-2629.599	-2732.772	103.1729	1.278631	1.223387	0.4688357	0.739113	0.260887	1.112168
15402	-2622.676	-2725.886	103.2109	1.372176	1.223387	0.3055521	0.715758	0.284242	1.277934
15408	-2628.298	-2732.161	103.8634	1.490939	0.8798823	0.3055521	0.87396	0.12604	0.8613545
15414	-2618.321	-2721.894	103.5723	1.566639	1.053275	0.3468773	0.741843	0.258157	0.7930441
15420	-2621.807	-2725.465	103.6584	1.602183	1.11386	0.2528221	0.777349	0.222651	0.8461002
15426	-2621.992	-2725.492	103.4997	1.49188	1.142963	0.3460046	0.729039	0.270961	0.8749694
15432	-2630.594	-2734.215	103.6213	1.424845	1.178781	0.3407586	0.626316	0.373684	0.7794889
15438	-2633.699	-2737.008	103.3094	1.413054	1.178781	0.443115	0.775763	0.224237	0.9286139
15444	-2635.069	-2738.301	103.2313	1.489457	1.147351	0.4684611	0.772379	0.227621	0.91223
15450	-2627.921	-2731.495	103.5738	1.593587	1.206511	0.3051253	0.711804	0.288196	0.6726223
15456	-2621.041	-2724.431	103.39	1.577016	1.206511	0.3611176	0.819099	0.180901	0.795997
15462	-2631.617	-2735.069	103.4519	1.018622	1.029695	0.3528228	0.73765	0.26235	1.425666
15468	-2624.166	-2727.329	103.1629	1.054637	1.029695	0.2871521	0.761754	0.238246	1.71933
15474	-2623.599	-2727.345	103.7463	1.524081	1.149535	0.2467905	0.754718	0.245282	0.8126051
15480	-2622.226	-2725.975	103.7492	1.401917	1.340954	0.2307971	0.81311	0.18689	0.8126051
15486	-2626.318	-2730.083	103.7651	1.425834	1.10396	0.2720537	0.86943	0.13057	0.8817489
15492	-2628.792	-2732.114	103.3217	1.456825	1.329821	0.3690653	0.807022	0.192978	0.8817489
15498	-2621.864	-2725.641	103.7761	1.480563	1.026373	0.2881906	0.718856	0.281144	0.8448958
15504	-2629.808	-2732.933	103.1254	1.773571	1.147807	0.4817375	0.721635	0.278365	0.6116346
15510	-2627.892	-2731.309	103.4173	1.620721	1.283515	0.3391002	0.771628	0.228372	0.6490403
15516	-2636.876	-2740.359	103.4824	1.405758	1.283515	0.3391002	0.861655	0.138345	0.8710867
15522	-2622.448	-2725.829	103.3812	1.469653	1.327386	0.3391002	0.716393	0.283607	0.8727217
15528	-2622.832	-2726.494	103.6615	1.325314	1.183362	0.2793356	0.781932	0.218068	1.003752
15534	-2629.646	-2732.855	103.2095	1.266248	1.635747	0.329758	0.742234	0.257766	1.046828
15540	-2629.921	-2733.643	103.7213	1.385569	0.9574066	0.3717875	0.721392	0.278608	0.8870086
15546	-2627.705	-2731.464	103.7593	1.347418	0.9575699	0.3717875	0.717661	0.282339	0.8870086
15552	-2630.707	-2733.992	103.2855	1.399427	1.28964	0.42583	0.862285	0.137715	0.9003442
15558	-2624.866	-2728.003	103.1375	1.446745	1.813694	0.2479514	0.794043	0.205957	1.017813
15564	-2642.7	-2746.763	104.063	1.38752	0.674992	0.3218462	0.735258	0.264742	0.9865772
15570	-2624.857	-2728.328	103.4713	1.390504	1.27469	0.3218462	0.745365	0.254635	0.9503456
15576	-2628.466	-2731.994	103.5281	1.172508	1.227958	0.3218462	0.811607	0.188393	1.142906
15582	-2627.092	-2730.823	103.7311	1.525815	1.139127	0.241664	0.720461	0.279539	0.858108
15588	-2621.341	-2724.936	103.5942	1.377333	1.139127	0.3295064	0.803196	0.196804	0.9407617
15594	-2627.812	-2731.487	103.6749	1.350548	1.067016	0.2410604	0.796504	0.203496	1.158008
15600	-2628.071	-2731.426	103.3547	1.460061	1.279293	0.3132173	0.793372	0.206628	1.014153
15606	-2635.989	-2739.37	103.3807	1.585225	1.279293	0.3132173	0.75843	0.24157	0.8505987
15612	-2641.121	-2744.099	102.9781	1.234763	1.63885	0.3245287	0.841422	0.158578	1.285774
15618	-2631.301	-2734.777	103.4757	1.240933	1.166357	0.2667299	0.86353	0.13647	1.285774
15624	-2630.853	-2733.782	102.929	1.119323	1.648653	0.3243347	0.773867	0.226133	1.41156
15630	-2624.455	-2727.601	103.1458	1.16318	1.352857	0.3426142	0.772787	0.227213	1.346517
15636	-2623.918	-2727.136	103.2172	1.260953	1.352857	0.3200091	0.797014	0.202986	1.249076
15642	-2620.862	-2724.181	103.3191	1.172352	1.33626	0.3200091	0.756106	0.243894	1.249076
15648	-2633.894	-2737.358	103.4635	1.244448	1.33626	0.3141259	0.757054	0.242946	1.070123
15654	-2623.957	-2726.816	102.8597	1.150315	1.426638	0.3718211	0.78123	0.21877	1.486312
15660	-2625.734	-2728.828	103.0935	1.004567	1.441616	0.2512721	0.812041	0.187959	1.616451
15666	-2626.32	-2729.976	103.6566	1.180167	1.128736	0.2512721	0.744744	0.255256	1.247177
15672	-2620.52	-2724.158	103.6372	1.208209	1.040219	0.2512721	0.689797	0.310203	1.308539
15678	-2617.19	-2720.756	103.5656	1.060569	0.8669923	0.2512721	0.846553	0.153447	1.612457
15684	-2621.139	-2724.703	103.5641	0.9238602	0.8669923	0.2512721	0.67704	0.32296	1.711349
15690	-2632.66	-2735.762	103.1015	1.623968	1.63495	0.3571809	0.862498	0.137502	0.6694024
15696	-2633.321	-2736.477	103.1555	1.570006	1.63495	0.3571809	0.802445	0.197555	0.6694024
15702	-2633.654	-2736.473	102.8188	1.562832	1.63495	0.5036302	0.802445	0.197555	0.7878154
15708	-2638.591	-2741.827	103.2364	1.56073	1.596108	0.3030594	0.735946	0.264054	0.7878154
15714	-2630.793	-2734.519	103.7263	1.211875	0.8916298	0.2746535	0.83651	0.16349	1.3091
15720	-2628.247	-2731.765	103.5174	1.147929	1.169623	0.2746535	0.78699	0.21301	1.3091
15726	-2630.228	-2733.259	103.0303	1.093834	1.295492	0.3674154	0.78699	0.21301	1.485295
15732	-2622.181	-2725.608	103.4265	1.179624	1.063393	0.3517291	0.702011	0.297989	1.294408
15738	-2627.86	-2731.17	103.3093	1.202356	1.204431	0.3368569	0.771693	0.228307	1.292651
15744	-2632.576	-2736.099	103.5234	1.274606	1.204431	0.2203906	0.771693	0.228307	1.292651
15750	-2635.843	-2739.033	103.1896	1.373518	1.517267	0.304398	0.780725	0.219275	1.096823
15756	-2626.261	-2729.892	103.631	1.300269	0.8447988	0.344722	0.752309	0.247691	1.225375
15762	-2625.874	-2728.447	102.5724	1.251873	2.087309	0.344722	0.835251	0.164749	1.33884
15768	-2620.56	-2724.028	103.4685	1.311208	1.015999	0.445582	0.799887	0.200113	1.021292
15774	-2624.462	-2728.159	103.6976	1.265701	0.9580124	0.3100033	0.739744	0.260256	1.158235
15780	-2626.808	-2730.335	103.5274	1.369295	0.9000001	0.4604793	0.758337	0.241663	0.9980519
15786	-2621.795	-2725.761	103.9659	1.40779	0.9000001	0.2955431	0.758337	0.241663	0.8394878
15792	-2626.796	-2730.177	103.3819	1.52584	1.411756	0.2955431	0.758337	0.241663	0.8422828
15798	-2628.18	-2732.179	103.9986	1.415395	0.8078484	0.2955431	0.717658	0.282342	0.9134026
15804	-2635.093	-2738.304	103.2117	1.462727	1.502883	0.343336	0.825039	0.174961	0.9097762
15810	-2635.719	-2739.093	103.3738	1.477641	1.302737	0.3606091	0.816706	0.183294	0.8416611
15816	-2626.18	-2729.523	103.3438	1.423596	1.298307	0.3606091	0.816706	0.183294	0.9416467
15822	-2633.262	-2736.206	102.9448	1.358016	1.697714	0.411225	0.783779	0.216221	1.013127
15828	-2629.895	-2733.425	103.5295	1.395478	1.259275	0.318957	0.804567	0.195433	0.9027291
15834	-2622.34	-2725.914	103.5744	1.493551	1.113957	0.3439182	0.761325	0.238675	0.8194933
15840	-2626.026	-2729.207	103.1814	1.552359	1.616096	0.318957	0.759415	0.240585	0.8055644
15846	-2632.92	-2736.056	103.136	1.460613	1.616096	0.318957	0.848819	0.151181	0.9638346
15852	-2634.09	-2737.654	103.5643	1.387976	1.434481	0.2444201	0.75312	0.24688	0.9182705
15858	-2626.464	-2729.617	103.1527	1.393879	1.351376	0.3661299	0.787193	0.212807	1.104815
15864	-2628.638	-2732.249	103.611	1.576002	1.121416	0.2875455	0.677018	0.322982	0.8211599
15870	-2636.034	-2739.199	103.1655	1.609635	1.263733	0.4402954	0.885264	0.114736	0.7829399
15876	-2624.156	-2727.693	103.5372	1.490556	1.263733	0.293291	0.746208	0.253792	0.847285
15882	-2622.335	-2725.791	103.4559	1.730724	1.263733	0.293291	0.72478	0.27522	0.5670403
15888	-2630.031	-2733.498	103.4678	1.500282	1.263733	0.3513037	0.753979	0.246021	0.7545161
15894	-2621.184	-2724.606	103.4222	1.597414	1.263733	0.3513037	0.757161	0.242839	0.6674856
15900	-2624.366	-2727.356	102.9905	1.660224	1.764158	0.3513037	0.768974	0.231026	0.6711724
15906	-2627.861	-2731.57	103.7087	1.60129	0.9489641	0.3513037	0.848136	0.151864	0.6725248
15912	-2626.577	-2729.61	103.0332	1.706218	1.703625	0.3433839	0.797925	0.202075	0.5940427
15918	-2632.84	-2735.821	102.982	1.618787	1.703625	0.3602937	0.796443	0.203557	0.7849199
15924	-2624.646	-2727.62	102.9745	1.721376	1.703625	0.364546	0.799068	0.200932	0.5917016
15930	-2622.909	-2725.971	103.0618	1.640608	1.610007	0.364546	0.824422	0.175578	0.714596
15936	-2622.949	-2725.897	102.9478	1.640608	1.960257	0.3130053	0.813595	0.186405	0.714596
15942	-2635.39	-2738.531	103.1409	1.579802	1.960257	0.2506281	0.838317	0.161683	0.7450978
15948	-2626.872	-2729.622	102.7496	1.561251	2.22367	0.3635451	0.838236	0.161764	0.7450978
15954	-2627.144	-2729.827	102.6831	1.50875	2.22367	0.420826	0.826899	0.173101	0.7556164
15960	-2625.084	-2728.098	103.0133	1.513481	1.718741	0.420826	0.810845	0.189155	0.701074
15966	-2617.752	-2720.756	103.0036	1.642857	1.850538	0.3204719	0.810845	0.189155	0.701074
15972	-2620.036	-2723.048	103.0125	1.677283	1.396432	0.4585703	0.686687	0.313313	0.6995492
15978	-2618.82	-2722.036	103.2157	1.637207	1.340879	0.4116892	0.78505	0.21495	0.6311699
15984	-2622.483	-2725.254	102.7711	1.624504	2.181396	0.3173421	0.771511	0.228489	0.7984311
15990	-2625.525	-2728.858	103.3339	1.634757	1.369524	0.3173421	0.737749	0.262251	0.7352352
15996	-2628.797	-2732.571	103.7738	1.606507	1.042013	0.2679895	0.638351	0.361649	0.7205072
16002	-2639.924	-2743.207	103.2833	1.367045	1.192414	0.3352959	0.841027	0.158973	1.187992
16008	-2640.852	-2743.733	102.8816	1.32862	1.710285	0.3727532	0.840875	0.159125	1.161004
16014	-2637.346	-2740.693	103.3468	1.348767	1.285516	0.3727532	0.748724	0.251276	1.000977
16020	-2638.576	-2742.101	103.5249	1.648346	1.285516	0.2878181	0.738361	0.261639	0.5964872
16026	-2642.302	-2745.794	103.4919	1.661002	1.025249	0.39644	0.849279	0.150721	0.650042
16032	-2634.531	-2737.858	103.3274	1.596155	1.419163	0.3089887	0.785154	0.214846	0.7730412
16038	-2625.668	-2728.709	103.0411	1.403276	1.970395	0.3089887	0.810275	0.189725	0.9078631
16044	-2627.5	-2731.369	103.8696	1.54318	0.9932212	0.2609353	0.763693	0.236307	0.7714009
16050	-2625.516	-2729.233	103.7169	1.527656	0.9932212	0.3373611	0.755182	0.244818	0.7559484
16056	-2625.915	-2729.506	103.5911	1.767963	0.9932212	0.3295095	0.747204	0.252796	0.5237544
16062	-2624.225	-2727.085	102.8602	1.732619	1.650894	0.4403735	0.782678	0.217322	0.5651746
16068	-2631.095	-2734.171	103.0752	1.697922	1.402269	0.4403735	0.749323	0.250677	0.5651746
16074	-2629.93	-2734.217	104.287	1.684107	0.5568972	0.2848199	0.691085	0.308915	0.6264475
16080	-2642.554	-2746.67	104.1159	1.411879	0.6982616	0.3252182	0.801498	0.198502	0.8605085
16086	-2625.033	-2729.035	104.0019	1.37747	0.8675304	0.3041558	0.7775	0.2225	0.851585
16092	-2633.88	-2736.757	102.8775	1.661485	1.821611	0.3713352	0.785903	0.214097	0.7300638
16098	-2627.565	-2731.081	103.5162	1.646703	1.18232	0.3231769	0.66044	0.33956	0.6406801
16104	-2627.963	-2731.42	103.4573	1.556661	1.18232	0.394969	0.814266	0.185734	0.6406801
16110	-2623.639	-2727.334	103.6944	1.687899	1.06055	0.2826796	0.810345	0.189655	0.6058759
16116	-2627.13	-2730.989	103.8595	1.681802	0.9110776	0.2826796	0.795225	0.204775	0.5814527
16122	-2634.876	-2738.308	103.4323	1.425093	1.257236	0.362424	0.803035	0.196965	0.8752604
16128	-2637.488	-2740.946	103.4583	1.494481	1.257236	0.362424	0.701581	0.298419	0.7511036
16134	-2626.99	-2730.783	103.7925	1.507243	1.044626	0.2542517	0.766252	0.233748	0.8729567
16140	-2634.08	-2737.28	103.1996	1.48088	1.722941	0.3324595	0.765061	0.234939	0.7361613
16146	-2623.048	-2726.266	103.218	1.653584	1.559133	0.332921	0.826451	0.173549	0.5546186
16152	-2624.784	-2728.38	103.5955	1.742642	1.007765	0.332921	0.789045	0.210955	0.4951367
16158	-2628.039	-2730.913	102.8739	1.815571	1.289335	0.5480521	0.791406	0.208594	0.4703739
16164	-2616.903	-2720.115	103.2118	1.819494	1.289335	0.3573503	0.773327	0.226673	0.5148575
16170	-2620.995	-2724.605	103.6097	1.585425	1.291764	0.2441855	0.751103	0.248897	0.7571087
16176	-2623.662	-2727.482	103.8202	1.610669	0.8843573	0.3104043	0.734937	0.265063	0.7373142
16182	-2625.415	-2729.216	103.801	1.556979	0.9561748	0.3052105	0.745261	0.254739	0.7500754
16188	-2621.339	-2724.735	103.3964	1.534584	1.388435	0.3023889	0.789155	0.210845	0.8156787
16194	-2631.87	-2734.555	102.6849	1.470921	2.313597	0.3303719	0.789155	0.210845	0.9613488
16200	-2636.109	-2738.684	102.5755	0.8917235	1.106749	0.4569773	0.705392	0.294608	1.946495
16206	-2628.992	-2732.083	103.0903	0.9495017	0.9132388	0.3283263	0.615433	0.384567	1.859728
16212	-2627.985	-2730.836	102.851	1.173984	1.69903	0.3643249	0.776873	0.223127	1.336186
16218	-2623.739	-2726.93	103.1911	1.184686	1.339844	0.3547724	0.776873	0.223127	1.280228
16224	-2633.796	-2737.231	103.4346	1.115582	0.8356033	0.3547724	0.668153	0.331847	1.517494
16230	-2631.57	-2734.504	102.9339	1.023651	1.356224	0.3245223	0.752573	0.247427	1.63885
16236	-2633.484	-2736.308	102.8236	1.133931	1.356224	0.3245223	0.746496	0.253504	1.63885
16242	-2629.449	-2732.342	102.8932	1.089945	1.312833	0.2785721	0.746496	0.253504	1.721488
16248	-2630.693	-2734.107	103.4132	1.139983	1.312833	0.2785721	0.747602	0.252398	1.293546
16254	-2622.741	-2725.821	103.0807	1.262765	1.377786	0.2865516	0.763815	0.236185	1.403666
16260	-2623.83	-2726.574	102.7437	1.275916	1.668434	0.3621217	0.744011	0.255989	1.360405
16266	-2618.089	-2721.127	103.0376	1.269471	1.421909	0.3911266	0.807916	0.192084	1.222822
16272	-2624.925	-2727.928	103.0028	1.293766	1.695615	0.3320106	0.832387	0.167613	1.168815
16278	-2627.992	-2730.75	102.7584	1.175969	1.695615	0.4075825	0.840833	0.159167	1.342135
16284	-2617.552	-2720.804	103.2522	1.471513	1.421909	0.3572556	0.833392	0.166608	0.8895458
16290	-2622.997	-2726.13	103.1329	1.308482	1.512887	0.3265405	0.79146	0.20854	1.164102
16296	-2626.092	-2729.421	103.3295	1.263656	1.315513	0.3265405	0.756251	0.243749	1.164102
16302	-2632.341	-2735.832	103.4906	1.46343	1.176515	0.3265405	0.742416	0.257584	0.9306346
16308	-2631.069	-2735.003	103.9343	1.341126	0.8295641	0.3465362	0.735762	0.264238	0.912898
16314	-2629.945	-2733.528	103.5828	1.406718	1.100182	0.3215916	0.758108	0.241892	0.9776848
16320	-2636.979	-2740.533	103.5537	1.260395	1.100182	0.2677369	0.78027	0.21973	1.252938
16326	-2636.344	-2740.321	103.9772	1.222959	0.7592857	0.3456859	0.764234	0.235766	1.074732
16332	-2636.496	-2740.341	103.8446	1.447234	0.7809266	0.3230082	0.76546	0.23454	1.008629
16338	-2629.424	-2733.138	103.7135	1.558994	1.060315	0.3230082	0.80213	0.19787	0.6468837
16344	-2635.909	-2739.266	103.3572	1.413767	1.308672	0.3076356	0.885684	0.114316	1.045528
16350	-2628.757	-2731.558	102.8005	1.325389	2.308959	0.256735	0.757804	0.242196	1.157615
16356	-2625.224	-2728.348	103.1236	1.33419	1.665091	0.3098206	0.768697	0.231303	1.086859
16362	-2627.636	-2730.66	103.0247	1.750618	1.446894	0.4199713	0.687281	0.312719	0.5700974
16368	-2618.793	-2722.099	103.3061	1.617931	1.446894	0.3076854	0.776186	0.223814	0.7458477
16374	-2622.915	-2725.972	103.0565	1.643268	1.802836	0.3076854	0.817919	0.182081	0.7106445
16380	-2632.402	-2735.253	102.8508	1.653105	1.658342	0.4458212	0.764796	0.235204	0.7304209
16386	-2623.917	-2727.389	103.4722	1.630747	1.288713	0.2888172	0.841117	0.158883	0.7304209
16392	-2625.648	-2728.964	103.3157	1.645131	1.288713	0.3643318	0.800558	0.199442	0.6884058
16398	-2630.976	-2734.589	103.6132	1.531121	1.160898	0.3169837	0.754151	0.245849	0.735273
16404	-2626.178	-2729.927	103.749	1.556654	0.9780414	0.3486038	0.754151	0.245849	0.6298554
16410	-2625.586	-2729.397	103.8108	1.661347	0.8280432	0.3486038	0.772361	0.227639	0.6187776
16416	-2623.681	-2727.561	103.8804	1.661347	0.8151025	0.3188367	0.736257	0.263743	0.6431965
16422	-2629.957	-2733.808	103.8503	1.567185	0.8151025	0.3188367	0.577173	0.422827	0.83704
16428	-2627.614	-2731.51	103.8952	1.310699	0.9404819	0.3188367	0.698905	0.301095	0.9219318
16434	-2624.817	-2728.597	103.7805	1.350818	0.9404819	0.3047582	0.71248	0.28752	1.031296
16440	-2631.247	-2734.502	103.2548	1.176032	1.292072	0.3735429	0.72345	0.27655	1.234779
16446	-2633.859	-2737.407	103.5487	1.265699	1.030238	0.3249977	0.81917	0.18083	1.195284
16452	-2628.465	-2732.047	103.5819	1.218327	0.8679619	0.3249977	0.795611	0.204389	1.346402
16458	-2632.321	-2735.622	103.3005	1.293538	1.039596	0.3249977	0.642787	0.357213	1.368588
16464	-2635.944	-2739.443	103.4994	1.247832	1.039596	0.226072	0.71118	0.28882	1.439521
16470	-2630.221	-2733.931	103.7104	1.650929	0.966387	0.320726	0.723101	0.276899	0.6664119
16476	-2630.221	-2733.825	103.6042	1.582959	1.173733	0.2786205	0.804577	0.195423	0.7872215
16482	-2627.748	-2731.816	104.0684	1.246295	0.7637559	0.2992433	0.717834	0.282166	1.059017
16488	-2632.304	-2736.385	104.0806	1.234163	0.7637559	0.2992433	0.717834	0.282166	1.059017
16494	-2625.948	-2730.004	104.0558	1.258931	0.7637559	0.2992433	0.718968	0.281032	1.059017
16500	-2630.375	-2734.941	104.5659	1.207214	0.4646653	0.2883239	0.582396	0.417604	1.059017
16506	-2635.848	-2739.841	103.9925	1.350619	0.8401933	0.3451931	0.804439	0.195561	0.8217974
16512	-2621.378	-2724.888	103.5103	1.497924	1.207961	0.3583826	0.737409	0.262591	0.7434658
16518	-2620.203	-2724.314	104.111	1.408464	0.8078956	0.3003698	0.794447	0.205553	0.768803
16524	-2624.664	-2728.134	103.4699	1.587051	1.255454	0.3245302	0.863058	0.136942	0.7168191
16530	-2629.881	-2733.513	103.6321	1.556245	1.322094	0.2234814	0.770588	0.229412	0.810269
16536	-2633.086	-2736.517	103.4315	1.481483	1.322094	0.3446399	0.717033	0.282967	0.7847792
16542	-2628.195	-2731.556	103.3612	1.613569	1.322094	0.3446399	0.807803	0.192197	0.6883585
16548	-2635.221	-2738.44	103.2187	1.621692	1.381983	0.3863728	0.770511	0.229489	0.6906172
16554	-2629.322	-2733.373	104.0513	1.800046	0.6541709	0.2875078	0.74367	0.25633	0.4913641
16560	-2640.108	-2743.324	103.2156	1.430184	1.381983	0.3842553	0.717689	0.282311	0.9487697
16566	-2635.833	-2739.467	103.6341	1.467492	1.219983	0.2889823	0.588888	0.411112	0.8141129
16572	-2626.848	-2729.444	102.596	1.779794	2.28366	0.3607861	0.865041	0.134959	0.5058539
16578	-2629.548	-2733.114	103.5662	1.576104	1.060434	0.3607861	0.728832	0.271168	0.7361366
16584	-2620.133	-2723.18	103.0473	1.101088	1.192489	0.3627588	0.767731	0.232269	1.53954
16590	-2627.128	-2730.359	103.2306	1.195182	1.077097	0.3627588	0.765482	0.234518	1.409041
16596	-2623.04	-2725.794	102.754	1.277827	1.997443	0.3133135	0.771043	0.228957	1.268452
16602	-2627.049	-2730.546	103.4965	1.327666	1.109704	0.3133135	0.848038	0.151962	1.143643
16608	-2622.462	-2725.709	103.2473	1.20416	1.450492	0.3133135	0.797389	0.202611	1.22067
16614	-2622.24	-2725.522	103.2825	1.423559	1.450492	0.3252705	0.829406	0.170594	0.9598273
16620	-2624.088	-2727.609	103.5205	1.417214	1.450492	0.2801781	0.741366	0.258634	0.8135977
16626	-2627.256	-2730.338	103.0821	1.209929	1.357295	0.3098888	0.727796	0.272204	1.413741
16632	-2630.88	-2734.778	103.8977	1.055175	0.8633062	0.2301178	0.768183	0.231817	1.413741
16638	-2630.247	-2733.778	103.5306	1.099069	0.8633062	0.2949799	0.717311	0.282689	1.533611
16644	-2629.18	-2733.148	103.9674	1.137336	0.7390778	0.2035436	0.705978	0.294022	1.467717
16650	-2631.037	-2734.793	103.7554	1.101877	0.691352	0.2504658	0.682411	0.317589	1.600049
16656	-2630.726	-2734.463	103.7367	1.093412	0.8117388	0.2504658	0.802079	0.197921	1.510323
16662	-2635.079	-2739.496	104.4165	1.157544	0.6261344	0.2109733	0.711755	0.288245	1.193926
16668	-2637.772	-2741.231	103.4593	1.1618	0.8552453	0.3673343	0.749369	0.250631	1.427263
16674	-2632.127	-2735.453	103.3263	1.525608	1.314357	0.3908096	0.746485	0.253515	0.7460827
16680	-2643.25	-2746.563	103.3131	1.39853	1.255486	0.3908096	0.757464	0.242536	0.9736706
16686	-2643.766	-2747.231	103.4643	1.561306	1.183282	0.3430394	0.824621	0.175379	0.7955997
16692	-2628.757	-2732.131	103.3738	1.44879	1.422928	0.2746534	0.781589	0.218411	0.9829625
16698	-2630.356	-2733.427	103.0709	1.280678	1.414987	0.4086737	0.815648	0.184352	1.159832
16704	-2635.688	-2738.951	103.2631	1.559456	1.585158	0.3219533	0.867843	0.132157	0.6942986
16710	-2633.284	-2736.792	103.5078	1.636086	1.063703	0.367354	0.819	0.181	0.706391
16716	-2629.155	-2732.448	103.2932	1.584746	1.371334	0.367354	0.819	0.181	0.706391
16722	-2635.851	-2738.784	102.9328	1.732337	1.371334	0.5105002	0.686916	0.313084	0.6061707
16728	-2635.05	-2738.018	102.9674	1.708945	1.371334	0.5022616	0.781018	0.218982	0.6124993
16734	-2628.621	-2731.586	102.9651	1.373132	1.677301	0.3647503	0.731643	0.268357	1.079955
16740	-2628.275	-2731.891	103.6153	1.266142	0.9152548	0.3273694	0.649994	0.350006	1.2337
16746	-2623.194	-2726.888	103.6937	1.406805	0.9540134	0.3495702	0.734298	0.265702	0.9482809
16752	-2627.749	-2731.545	103.796	1.646278	0.9540134	0.3029855	0.700306	0.299694	0.6000336
16758	-2632.303	-2736.076	103.7723	1.727547	0.9540134	0.2763326	0.886519	0.113481	0.616699
16764	-2626.402	-2729.358	102.9557	1.643263	1.801881	0.3720633	0.819657	0.180343	0.6389569
16770	-2623.861	-2727.211	103.3496	1.64012	1.261103	0.3714236	0.79572	0.20428	0.6477744
16776	-2622.154	-2725.759	103.6043	1.604344	1.03672	0.3161101	0.802423	0.197577	0.8110059
16782	-2628.264	-2731.877	103.6132	1.477116	1.03672	0.3593059	0.757137	0.242863	0.8426768
16788	-2625.31	-2728.972	103.6619	1.601081	1.03672	0.3209254	0.769415	0.230585	0.7163673
16794	-2634.406	-2737.815	103.409	1.385776	1.459218	0.2932698	0.769415	0.230585	0.9363495
16800	-2644.755	-2747.598	102.8422	1.549427	2.069748	0.3273074	0.78982	0.21018	0.8544012
16806	-2633.363	-2736.776	103.4126	1.497057	1.256512	0.4065882	0.785137	0.214863	0.678044
16812	-2640.021	-2743.816	103.7946	1.445621	0.8852788	0.2913313	0.696551	0.303449	1.013286
16818	-2630.28	-2733.31	103.0292	1.439638	1.584779	0.3660722	0.808	0.192	1.013286
16824	-2622.256	-2725.779	103.5233	1.257648	1.116902	0.3506276	0.799492	0.200508	1.103194
16830	-2627.121	-2730.758	103.6376	1.322154	1.116993	0.2517618	0.719101	0.280899	1.149806
16836	-2624.458	-2728.053	103.5956	1.270808	1.116993	0.2892363	0.809436	0.190564	1.149806
16842	-2620.62	-2724.11	103.4906	1.199147	1.116993	0.3108974	0.705592	0.294408	1.257799
16848	-2626.551	-2730.089	103.5387	1.140296	1.116993	0.3108974	0.705557	0.294443	1.266671
16854	-2622.481	-2725.811	103.3303	1.097181	1.074838	0.3847816	0.833264	0.166736	1.374723
16860	-2629.9	-2733.324	103.4245	1.225954	1.030523	0.3637888	0.648846	0.351154	1.263532
16866	-2637.002	-2740.634	103.6326	1.14211	1.030523	0.3054734	0.777649	0.222351	1.265595
16872	-2631.494	-2734.93	103.4357	1.348747	1.324156	0.259963	0.815954	0.184046	1.12815
16878	-2638.87	-2742.493	103.6231	1.064929	1.027502	0.2853808	0.834904	0.165096	1.375839
16884	-2628.048	-2731.526	103.478	1.11016	1.027502	0.2790299	0.785673	0.214327	1.464759
16890	-2625.045	-2728.421	103.3764	1.173411	1.019074	0.3061878	0.714624	0.285376	1.451332
16896	-2626.532	-2730.035	103.5028	1.236005	0.9363585	0.3061878	0.683038	0.316962	1.370135
16902	-2626.056	-2730.027	103.971	1.239925	0.9363585	0.2448038	0.810435	0.189565	1.099768
16908	-2627.996	-2731.838	103.8423	1.213313	0.9363585	0.2699944	0.810833	0.189167	1.180542
16914	-2625.058	-2728.666	103.6085	1.341265	0.9363585	0.4113938	0.828252	0.171748	0.9954296
16920	-2620.419	-2724.153	103.7335	1.474256	0.9120684	0.3523459	0.756881	0.243119	0.8717611
16926	-2621.019	-2723.877	102.8575	1.293601	1.809921	0.3292269	0.770544	0.229456	1.234883
16932	-2626.107	-2729.109	103.0019	1.342054	1.690518	0.3447417	0.764209	0.235791	1.105014
16938	-2638.211	-2741.142	102.9308	1.290449	1.445594	0.3608533	0.764209	0.235791	1.328614
16944	-2637.55	-2741.026	103.4759	1.238169	1.019479	0.4298471	0.698987	0.301013	1.106905
16950	-2618.221	-2722.182	103.9617	1.415402	0.7925497	0.3348109	0.698987	0.301013	0.8751596
16956	-2619.677	-2723.386	103.7092	1.509085	0.9839938	0.3348109	0.831691	0.168309	0.8127326
16962	-2619.071	-2722.175	103.104	1.213096	1.250489	0.3557463	0.792824	0.207176	1.38447
16968	-2622.698	-2725.873	103.1747	1.226175	1.242945	0.2430638	0.762282	0.237718	1.526857
16974	-2617.702	-2720.733	103.03	1.151545	1.242945	0.2483401	0.768903	0.231097	1.676211
16980	-2615.277	-2718.744	103.4674	1.225911	1.242945	0.2514062	0.820879	0.179121	1.282438
16986	-2623.075	-2726.82	103.7448	1.203261	0.9542438	0.2514062	0.779544	0.220456	1.294876
16992	-2622.098	-2725.824	103.7265	1.139665	0.9331347	0.2189119	0.768522	0.231478	1.446284
16998	-2631.121	-2734.609	103.4881	1.190703	0.8977989	0.3307108	0.649854	0.350146	1.406133
17004	-2622.077	-2725.62	103.5423	1.386342	1.029392	0.3452775	0.75492	0.24508	1.053362
17010	-2622.018	-2725.599	103.5809	1.491093	1.029392	0.4038462	0.727392	0.272608	0.7584418
17016	-2627.966	-2731.504	103.5383	1.550126	1.029392	0.4038462	0.739515	0.260485	0.7334803
17022	-2632.932	-2736.904	103.9718	1.372793	0.8744202	0.300479	0.812446	0.187554	0.8933108
17028	-2632.712	-2736.697	103.9853	1.288881	0.8744202	0.300479	0.826073	0.173927	0.9694396
17034	-2630.876	-2734.346	103.4699	1.473624	1.006323	0.4176779	0.771129	0.228871	0.9145011
17040	-2628.52	-2732.419	103.8988	1.385405	1.006323	0.2404925	0.777372	0.222628	0.9706635
17046	-2619.738	-2723.596	103.8584	1.395607	1.006323	0.2785364	0.796096	0.203904	0.8986102
17052	-2626.98	-2730.679	103.6995	1.321757	1.190372	0.2785364	0.834307	0.165693	0.964445
17058	-2641.258	-2744.824	103.5657	1.339953	1.290361	0.2179099	0.667449	0.332551	1.14556
17064	-2631.858	-2735.762	103.9037	1.309761	0.8472644	0.2837754	0.707696	0.292304	1.096158
17070	-2626.632	-2729.849	103.2179	1.349325	1.580572	0.2837754	0.816066	0.183934	1.096158
17076	-2626.054	-2728.809	102.7549	1.36585	1.580572	0.374811	0.816066	0.183934	1.307323
17082	-2631.892	-2735.017	103.125	1.319636	1.45974	0.3930544	0.772796	0.227204	1.072022
17088	-2630.47	-2733.979	103.5087	1.376722	1.128259	0.3930544	0.721972	0.278028	0.9022629
17094	-2630.924	-2734.48	103.5558	1.300092	0.8463437	0.3930544	0.763867	0.236133	1.204333
17100	-2630.55	-2733.883	103.3328	1.504516	1.414898	0.3141669	0.825931	0.174069	0.8723335
17106	-2635.837	-2738.938	103.1005	1.637821	1.732187	0.3117461	0.767504	0.232496	0.7070232
17112	-2636.897	-2740.585	103.6886	1.858295	0.8547756	0.3117461	0.716667	0.283333	0.5011045
17118	-2628.712	-2732.627	103.9148	1.680216	0.9274213	0.2439442	0.763597	0.236403	0.652824
17124	-2631.251	-2735.077	103.8265	1.680216	0.9274213	0.2819446	0.75315	0.24685	0.6349167
17130	-2637.165	-2741.051	103.8856	1.473858	0.9765268	0.2598438	0.802131	0.197869	0.8653429
17136	-2637.154	-2740.978	103.8238	1.596488	0.9765268	0.2674248	0.743706	0.256294	0.7612107
17142	-2637.778	-2741.122	103.3441	1.370244	1.149858	0.3992589	0.75319	0.24681	1.045814
17148	-2625.875	-2728.792	102.9172	1.340046	1.757063	0.3992589	0.806157	0.193843	1.041795
17154	-2623.845	-2727.15	103.3057	1.65664	1.439728	0.3174123	0.820586	0.179414	0.6482064
17160	-2628.565	-2731.871	103.3054	1.586425	1.439728	0.3276952	0.793418	0.206582	0.7346313
17166	-2626.201	-2729.641	103.4398	1.646307	1.267312	0.320499	0.809079	0.190921	0.6618476
17172	-2625.658	-2729.145	103.4875	1.599252	1.267312	0.315359	0.784116	0.215884	0.683097
17178	-2629.11	-2731.962	102.852	1.622705	1.727825	0.4138637	0.777304	0.222696	0.7909161
17184	-2634.688	-2737.862	103.1741	1.600489	1.727825	0.3080392	0.777304	0.222696	0.6606285
17190	-2635.547	-2738.831	103.284	1.812535	1.056292	0.4295047	0.777304	0.222696	0.4733814
17196	-2631.964	-2735.749	103.7847	1.793623	0.8990272	0.2745263	0.620269	0.379731	0.4398966
17202	-2640.537	-2744.22	103.6828	1.224816	0.8848731	0.3375787	0.561436	0.438564	1.220548
17208	-2646.381	-2750.251	103.8692	0.9944569	0.8848731	0.2068277	0.561436	0.438564	1.513574
17214	-2625.783	-2728.477	102.6945	1.034863	1.596647	0.3391664	0.820357	0.179643	1.651232
17220	-2617.823	-2720.601	102.7777	0.990946	1.513359	0.3391664	0.746326	0.253674	1.665705
17226	-2620.06	-2723.282	103.2218	1.142658	1.116166	0.3616565	0.821963	0.178037	1.430024
17232	-2622.41	-2725.97	103.5601	1.118595	1.032783	0.3616565	0.722231	0.277769	1.241902
17238	-2625.312	-2728.575	103.2633	1.028465	1.064145	0.2561736	0.732078	0.267922	1.697653
17244	-2639.696	-2742.613	102.9163	2.143215	1.219461	0.319914	0.823641	0.176359	0.299241
17250	-2640.474	-2743.019	102.5446	2.249936	1.37979	0.319914	0.720353	0.279647	0.2263696
17256	-2630.847	-2733.333	102.4855	2.207099	1.37979	0.3676798	0.756434	0.243566	0.2263696
17262	-2636.119	-2738.757	102.6387	2.249233	1.294249	0.3193807	0.775106	0.224894	0.2365205
17268	-2637.759	-2740.222	102.4631	2.249233	1.294249	0.4043863	0.80169	0.19831	0.2365205
17274	-2640.278	-2744.127	103.8487	1.064096	0.7420849	0.3222042	0.719811	0.280189	1.379359
17280	-2630.763	-2733.611	102.8472	2.043931	1.188879	0.4317441	0.727403	0.272597	0.3246246
17286	-2635.868	-2738.734	102.8661	2.040957	1.188879	0.4404687	0.76401	0.23599	0.3589146
17292	-2628.176	-2731.626	103.4503	1.174399	1.043663	0.3529278	0.732108	0.267892	1.292746
17298	-2630.815	-2734.359	103.5438	1.275983	1.043663	0.3147008	0.77578	0.22422	1.199244
17304	-2635.507	-2738.837	103.3301	1.333306	1.043663	0.3877088	0.8419	0.1581	1.201456
17310	-2633.768	-2737.849	104.0815	1.346401	0.6113394	0.2700227	0.781411	0.218589	1.201456
17316	-2626.873	-2729.973	103.1008	1.173859	1.006821	0.5070757	0.716713	0.283287	1.374126
17322	-2634.138	-2737.552	103.4142	1.912444	1.025725	0.3260555	0.715272	0.284728	0.4363015
17328	-2641.361	-2745.018	103.6571	1.826581	1.025725	0.2622537	0.760839	0.239161	0.4647071
17334	-2633.695	-2737.032	103.3374	1.158871	1.032201	0.3091551	0.765048	0.234952	1.477005
17340	-2631.991	-2735.236	103.2449	1.095881	1.032201	0.4029512	0.765048	0.234952	1.446241
17346	-2631.75	-2735.055	103.3057	1.029825	1.032201	0.4029512	0.778365	0.221635	1.450232
17352	-2634.715	-2738.171	103.4553	1.457308	1.43364	0.2890872	0.814472	0.185528	0.8345293
17358	-2639.784	-2744.088	104.304	1.410408	0.7704666	0.1858404	0.823316	0.176684	0.9562157
17364	-2625.352	-2728.774	103.4219	1.38881	1.149685	0.3170819	0.772007	0.227993	1.115333
17370	-2631.261	-2734.946	103.6846	1.375981	1.149685	0.2960677	0.807326	0.192674	0.9161981
17376	-2631.896	-2735.424	103.5276	1.358192	1.090998	0.3342737	0.82175	0.17825	1.060505
17382	-2634.898	-2737.834	102.9361	1.467769	1.567014	0.3173641	0.83878	0.16122	1.180647
17388	-2625.692	-2728.949	103.2565	1.353667	1.398538	0.2824585	0.712482	0.287518	1.180647
17394	-2628.182	-2731.859	103.677	1.255522	0.9462549	0.3316808	0.821543	0.178457	1.153465
17400	-2639.062	-2742.148	103.0861	1.138537	1.109548	0.3316808	0.6741	0.3259	1.5868
17406	-2629.747	-2733.746	103.9993	1.134385	0.6370324	0.2399417	0.721427	0.278573	1.470178
17412	-2633.009	-2736.784	103.7756	0.9493389	0.6370324	0.3124864	0.673574	0.326426	1.639879
17418	-2629.566	-2732.848	103.2827	1.142656	1.199191	0.3124864	0.754021	0.245979	1.407658
17424	-2630.528	-2734.561	104.0331	1.151916	0.6912923	0.3124864	0.75619	0.24381	1.228905
17430	-2629.2	-2732.496	103.296	1.28189	1.267375	0.3530098	0.75619	0.24381	1.162369
17436	-2629.993	-2733.257	103.264	1.197649	1.364388	0.375343	0.758444	0.241556	1.154985
17442	-2625.071	-2728.286	103.2152	1.124065	1.364388	0.3140956	0.796046	0.203954	1.364971
17448	-2629.962	-2733.504	103.542	1.361895	0.7971056	0.4275443	0.79356	0.20644	1.155424
17454	-2630.534	-2733.988	103.4542	1.537845	1.119608	0.4275443	0.694081	0.305919	0.6754657
17460	-2634.006	-2737.64	103.6345	1.534701	1.119608	0.3489468	0.782404	0.217596	0.6274647
17466	-2642.659	-2746.106	103.4467	1.623463	1.119608	0.3848339	0.859598	0.140402	0.6819441
17472	-2633.619	-2737.365	103.7454	1.58318	1.197822	0.21513	0.799804	0.200196	0.7940404
17478	-2643.017	-2746.719	103.7024	1.420282	1.197822	0.2405408	0.859812	0.140188	0.9531266
17484	-2632.936	-2736.119	103.183	1.677917	1.826319	0.2362564	0.884374	0.115626	0.7134537
17490	-2632.194	-2735.085	102.8914	1.626554	1.826319	0.3865442	0.86348	0.13652	0.709821
17496	-2640.526	-2743.491	102.9652	1.48507	1.718708	0.4145553	0.711912	0.288088	0.8289968
17502	-2634.115	-2737.286	103.1708	1.395928	1.440925	0.366713	0.723773	0.276227	1.018956
17508	-2626.436	-2729.67	103.2343	1.409751	1.440925	0.366713	0.772499	0.227501	0.9398858
17514	-2618.84	-2722.63	103.7901	1.503246	0.9456531	0.2962809	0.759834	0.240166	0.87568
17520	-2621.124	-2724.746	103.6212	1.408829	1.134887	0.3043049	0.761321	0.238679	0.9429464
17526	-2626.308	-2730.018	103.7097	1.436476	1.134887	0.3043049	0.836971	0.163029	0.8071025
17532	-2629.947	-2733.977	104.0302	1.479818	0.8956728	0.2454465	0.813825	0.186175	0.8310522
17538	-2621.542	-2725.201	103.6591	1.431442	1.119593	0.2875443	0.792765	0.207235	0.9353199
17544	-2628.319	-2731.831	103.5119	1.418755	1.224538	0.2875443	0.756596	0.243404	1.004251
17550	-2626.1	-2729.385	103.2859	1.366304	1.504923	0.3109187	0.782499	0.217501	1.006201
17556	-2641.62	-2744.827	103.207	1.360435	2.012065	0.2687428	0.830033	0.169967	0.8480167
17562	-2634.052	-2737.532	103.4806	1.302813	1.079059	0.3267101	0.755667	0.244333	1.178232
17568	-2634.234	-2737.907	103.6732	1.313496	1.079059	0.3267101	0.788359	0.211641	0.9891545
17574	-2634.513	-2737.596	103.0838	2.020275	1.348969	0.277391	0.76521	0.23479	0.3468439
17580	-2630.909	-2733.816	102.9073	2.081371	1.348969	0.3201786	0.746972	0.253028	0.3306775
17586	-2627.38	-2730.233	102.8526	2.136845	1.280299	0.3201786	0.765853	0.234147	0.2864909
17592	-2630.868	-2733.805	102.9375	2.125288	1.066554	0.3751149	0.806308	0.193692	0.2864909
17598	-2631.744	-2735.08	103.3361	2.08738	1.066554	0.2421311	0.698519	0.301481	0.329778
17604	-2632.151	-2735.548	103.3967	1.790198	1.000911	0.410547	0.715059	0.284941	0.5182197
17610	-2631.924	-2735.89	103.9663	1.579006	1.05299	0.215663	0.850771	0.149229	0.6549401
17616	-2630.645	-2734.323	103.6781	1.48065	1.183438	0.2514327	0.726345	0.273655	0.8962512
17622	-2638.33	-2742.184	103.8536	1.319123	1.083306	0.2491074	0.732627	0.267373	0.9851539
17628	-2631.383	-2734.925	103.5419	1.426658	1.05679	0.346696	0.639736	0.360264	0.9851539
17634	-2638.482	-2742.334	103.8522	1.490559	1.05679	0.2305413	0.772295	0.227705	0.8828479
17640	-2632.971	-2736.313	103.3412	1.463833	1.408772	0.3386541	0.78422	0.21578	0.8520438
17646	-2628.132	-2731.596	103.4647	1.447015	1.176619	0.3386541	0.724275	0.275725	0.947619
17652	-2621.189	-2724.776	103.587	1.463582	1.176619	0.318372	0.830336	0.169664	0.8404408
17658	-2626.663	-2730.365	103.7018	1.478507	1.099479	0.2970169	0.836939	0.163061	0.8269929
17664	-2631.337	-2735.23	103.8934	1.346355	0.9286312	0.3297753	0.74723	0.25277	0.8703848
17670	-2630.275	-2734.137	103.8627	1.404697	0.8014174	0.3042887	0.770304	0.229696	1.049935
17676	-2635.181	-2739.369	104.1881	1.360875	0.8014174	0.2602367	0.616793	0.383207	0.8666039
17682	-2631.171	-2735.17	103.9996	1.461272	0.8014174	0.2602367	0.796765	0.203235	0.9638124
17688	-2630.663	-2734.779	104.1157	1.551119	0.8014174	0.2602367	0.68629	0.31371	0.7031582
17694	-2631.685	-2735.735	104.0502	1.439739	0.748876	0.2816898	0.802138	0.197862	0.9439322
17700	-2628.76	-2732.524	103.7639	1.558202	0.9023906	0.348087	0.714769	0.285231	0.7471588
17706	-2622.136	-2725.865	103.7291	1.563293	0.983634	0.3247599	0.799481	0.200519	0.7399787
17712	-2629.552	-2733.52	103.9678	1.511123	0.8144276	0.3247599	0.731094	0.268906	0.7352381
17718	-2627.288	-2730.806	103.5178	1.491433	1.197594	0.3247599	0.835909	0.164091	0.8510303
17724	-2635.214	-2738.801	103.5869	1.515398	1.197594	0.3247599	0.783364	0.216636	0.7230019
17730	-2631.701	-2735.257	103.5558	1.313178	1.478243	0.206476	0.859525	0.140475	1.075302
17736	-2625.25	-2728.798	103.5481	1.414329	1.099618	0.3239875	0.827615	0.172385	1.000194
17742	-2620.289	-2723.691	103.4014	1.499368	1.352922	0.3239875	0.781698	0.218302	0.8273295
17748	-2633.242	-2736.655	103.4123	1.577543	1.352922	0.3239875	0.741561	0.258439	0.697343
17754	-2637.122	-2740.825	103.7025	1.630694	1.005243	0.3239875	0.755332	0.244668	0.6255938
17760	-2630.025	-2733.64	103.6152	1.790214	0.9586858	0.3239875	0.736722	0.263278	0.532926
17766	-2632.388	-2735.654	103.2654	1.871308	1.248664	0.3239875	0.736722	0.263278	0.5180234
17772	-2633.142	-2735.728	102.5862	1.821845	2.338483	0.3297331	0.849066	0.150934	0.4507418
17778	-2632.491	-2735.426	102.9346	1.821845	1.511189	0.4066818	0.815981	0.184019	0.4507418
17784	-2632.828	-2735.743	102.9147	1.367515	1.787353	0.3616019	0.675125	0.324875	1.070784
17790	-2627.432	-2730.785	103.3527	1.713197	1.298827	0.3373821	0.866197	0.133803	0.5132692
17796	-2620.552	-2723.98	103.4279	1.713197	1.206018	0.3373821	0.759477	0.240523	0.5428879
17802	-2619.869	-2723.009	103.1404	1.657189	1.457265	0.3953488	0.807473	0.192527	0.6222944
17808	-2631.96	-2734.86	102.9002	1.606819	2.010937	0.346615	0.882667	0.117333	0.6750674
17814	-2626.35	-2729.846	103.4954	1.736898	1.348657	0.247968	0.847582	0.152418	0.5571969
17820	-2619.432	-2723.061	103.6295	1.463438	1.348657	0.247968	0.723091	0.276909	0.8201564
17826	-2614.492	-2718.266	103.7737	1.424646	1.165984	0.247968	0.780546	0.219454	0.8790626
17832	-2630.606	-2733.604	102.9975	1.684653	1.517849	0.4329138	0.830645	0.169355	0.6219938
17838	-2626.929	-2730.013	103.0839	1.609305	1.770429	0.3348619	0.837343	0.162657	0.6475042
17844	-2626.909	-2730.238	103.329	1.611079	1.615572	0.2716142	0.749105	0.250895	0.6545918
17850	-2622.378	-2725.503	103.1248	1.541755	1.579893	0.4027814	0.7696	0.2304	0.6813278
17856	-2624.409	-2727.631	103.2218	1.665191	1.579893	0.3172977	0.78072	0.21928	0.5742166
17862	-2617.367	-2720.625	103.2579	1.614467	1.667774	0.2909197	0.78072	0.21928	0.6200535
17868	-2623.953	-2726.811	102.858	1.829599	1.791394	0.3431158	0.841112	0.158888	0.577403
17874	-2626.371	-2729.654	103.2835	1.868324	1.177107	0.3431158	0.710993	0.289007	0.5554509
17880	-2618.973	-2722.469	103.496	1.839216	0.9878046	0.3431158	0.748413	0.251587	0.5227225
17886	-2632.193	-2735.69	103.4965	1.839216	0.9878046	0.3431158	0.723392	0.276608	0.5160964
17892	-2626.44	-2729.67	103.2302	1.843315	1.309381	0.3283912	0.771842	0.228158	0.5440938
17898	-2625.079	-2728.705	103.6254	1.684167	1.039348	0.3150852	0.723627	0.276373	0.6489962
17904	-2623.596	-2727.056	103.46	1.658077	1.334937	0.2926598	0.770314	0.229686	0.6065075
17910	-2637.099	-2740.521	103.4222	1.381921	1.356955	0.3085841	0.829408	0.170592	0.9720431
17916	-2632.234	-2735.55	103.3158	1.389605	1.416538	0.3054461	0.854666	0.145334	1.031386
17922	-2622.174	-2725.676	103.5026	1.655441	1.334937	0.2653761	0.75266	0.24734	0.6685617
17928	-2621.995	-2725.317	103.3223	1.566541	1.674411	0.2654896	0.748193	0.251807	0.7044338
17934	-2621.454	-2724.968	103.5137	1.422823	1.304807	0.2368076	0.878854	0.121146	1.058452
17940	-2618.361	-2722.404	104.0432	1.389593	0.8161316	0.243731	0.72435	0.27565	1.018075
17946	-2622.276	-2726.015	103.7389	1.594865	1.039145	0.2736732	0.7669	0.2331	0.7737673
17952	-2618.851	-2722.136	103.285	1.539389	1.394456	0.3740946	0.760782	0.239218	0.7415924
17958	-2622.663	-2725.813	103.1499	1.706928	1.393364	0.3740946	0.771607	0.228393	0.6890435
17964	-2626.886	-2729.845	102.9583	1.605603	1.393364	0.5347431	0.837557	0.162443	0.7023508
17970	-2624.581	-2727.82	103.239	1.714305	1.393364	0.347522	0.712216	0.287784	0.5943172
17976	-2631.423	-2734.611	103.1878	1.739387	1.448399	0.2905321	0.746338	0.253662	0.7967384
17982	-2625.163	-2728.76	103.5963	1.570875	1.40989	0.2373867	0.802802	0.197198	0.6780211
17988	-2632.943	-2736.499	103.5565	1.491236	1.011654	0.4204667	0.722	0.278	0.7733301
17994	-2632.211	-2735.5	103.2884	1.493919	1.154623	0.4946502	0.722083	0.277917	0.7733301
18000	-2635.042	-2738.741	103.699	1.524935	0.7481609	0.4946502	0.684141	0.315859	0.7505897
18006	-2629.921	-2733.15	103.2288	1.537654	1.239617	0.4491716	0.811254	0.188746	0.8007542
18012	-2630.102	-2733.648	103.546	1.528293	1.032918	0.3329009	0.714731	0.285269	0.9296978
18018	-2634.617	-2738.143	103.5259	1.442912	1.145387	0.3329009	0.815521	0.184479	0.9296978
18024	-2629.821	-2733.264	103.4428	1.332839	1.323037	0.3329009	0.821478	0.178522	0.9734583
18030	-2630.636	-2734.034	103.3978	1.285479	1.102539	0.3347289	0.703527	0.296473	1.230081
18036	-2633.412	-2736.854	103.4419	1.434311	0.9952132	0.4349641	0.703527	0.296473	0.964226
18042	-2628.533	-2732.106	103.5738	1.16072	0.9952132	0.3355712	0.662184	0.337816	1.272147
18048	-2629.821	-2733.366	103.5454	1.211034	0.9952132	0.3986382	0.746254	0.253746	1.143367
18054	-2634.183	-2737.016	102.8333	1.300123	1.38304	0.5733446	0.71869	0.28131	1.129475
18060	-2630.91	-2734.128	103.2178	1.161729	1.413027	0.3086616	0.746354	0.253646	1.312451
18066	-2634.957	-2737.773	102.8156	1.151599	1.596767	0.3086616	0.820115	0.179885	1.526961
18072	-2635.726	-2738.664	102.9381	1.138707	1.596767	0.3436928	0.82576	0.17424	1.384531
18078	-2632.586	-2735.836	103.2502	1.258142	1.596767	0.305521	0.759857	0.240143	1.092678
18084	-2625.081	-2728.426	103.345	1.174528	1.25892	0.286716	0.744333	0.255667	1.340735
18090	-2630.647	-2734.196	103.5487	1.042491	1.010169	0.2085293	0.756589	0.243411	1.61424
18096	-2632.211	-2735.541	103.3303	1.131871	1.341383	0.2085293	0.753588	0.246412	1.492265
18102	-2636.902	-2739.382	102.4807	1.224557	2.001877	0.3072118	0.7715	0.2285	1.531685
18108	-2626.409	-2729.446	103.0374	1.276649	1.35063	0.3072118	0.7715	0.2285	1.40556
18114	-2626.21	-2729.835	103.6245	1.279381	1.026092	0.3010228	0.786656	0.213344	1.168383
18120	-2638.755	-2741.96	103.2058	1.276843	1.336164	0.3976622	0.747662	0.252338	1.11697
18126	-2638.595	-2742.313	103.7183	1.262393	1.04461	0.2829516	0.724472	0.275528	1.12224
18132	-2623.343	-2726.91	103.5672	1.212252	1.165951	0.2828382	0.755018	0.244982	1.200338
18138	-2623.155	-2726.463	103.3089	1.303718	1.165951	0.3566293	0.701003	0.298997	1.201548
18144	-2642.011	-2745.251	103.2401	1.182382	1.078995	0.3719462	0.810173	0.189827	1.395649
18150	-2622.101	-2725.474	103.3729	1.290494	1.389079	0.2885239	0.810173	0.189827	1.127281
18156	-2624.539	-2727.7	103.1615	1.444043	1.584436	0.2885239	0.693877	0.306123	1.047027
18162	-2628.447	-2732.407	103.9599	1.494132	0.8773603	0.2885239	0.747149	0.252851	0.7889352
18168	-2635.441	-2739.888	104.4477	1.582058	0.5910217	0.2476887	0.763519	0.236481	0.5779635
18174	-2637.014	-2740.088	103.0743	1.508842	1.93577	0.3095928	0.830705	0.169295	0.7577799
18180	-2642.247	-2745.346	103.0998	1.477795	1.687259	0.3706705	0.801865	0.198135	0.8023544
18186	-2642.001	-2744.993	102.9916	1.498682	1.736897	0.3803969	0.745514	0.254486	0.8465915
18192	-2636.322	-2740.221	103.8991	1.457389	1.004678	0.2519966	0.789849	0.210151	0.8592349
18198	-2639.803	-2743.663	103.8597	1.457389	1.004678	0.243158	0.768048	0.231952	0.9302727
18204	-2627.393	-2730.936	103.5438	1.508184	0.9737933	0.4116282	0.713244	0.286756	0.8396444
18210	-2623.515	-2727.32	103.8048	1.569816	0.862177	0.3216031	0.673729	0.326271	0.8154621
18216	-2628.141	-2731.597	103.4559	1.546045	1.293655	0.2970694	0.813895	0.186105	0.837598
18222	-2624.542	-2728.068	103.526	1.49127	1.158207	0.318061	0.791093	0.208907	0.8997394
18228	-2622.667	-2725.977	103.3101	1.444444	1.36644	0.244216	0.761872	0.238128	1.161087
18234	-2621.943	-2725.646	103.7033	1.451182	1.191623	0.2454265	0.851294	0.148706	0.9106751
18240	-2635.783	-2739.107	103.3237	1.373512	1.498019	0.2890244	0.801761	0.198239	1.017187
18246	-2633.173	-2736.643	103.4694	1.373512	1.109804	0.367721	0.785424	0.214576	1.017187
18252	-2625.987	-2729.66	103.673	1.485999	0.9666055	0.3724591	0.775617	0.224383	0.8102959
18258	-2630.264	-2733.528	103.2647	1.630745	1.258178	0.3692558	0.771495	0.228505	0.8102959
18264	-2636.727	-2740.149	103.4217	1.812688	1.258178	0.274397	0.804585	0.195415	0.5771925
18270	-2641.883	-2745.545	103.6615	1.413798	0.8691875	0.3420418	0.78367	0.21633	1.07892
18276	-2638.59	-2742.377	103.787	1.633011	0.9548774	0.2582637	0.790613	0.209387	0.8232321
18282	-2627.879	-2731.54	103.6609	1.68661	1.164307	0.2582637	0.751644	0.248356	0.6052892
18288	-2634.945	-2738.613	103.668	1.582428	1.219701	0.2582637	0.796714	0.203286	0.7077376
18294	-2635.94	-2739.454	103.5143	1.653454	1.219701	0.2918256	0.796714	0.203286	0.7077376
18300	-2626.265	-2729.635	103.3703	1.483719	1.449777	0.3007273	0.754896	0.245104	0.8576916
18306	-2632.181	-2735.598	103.417	1.576376	1.370745	0.2626018	0.781315	0.218685	0.8742462
18312	-2626.562	-2729.78	103.2183	1.476899	1.551309	0.3641612	0.781315	0.218685	0.7884747
18318	-2625.815	-2728.892	103.0773	1.456983	1.562537	0.3931832	0.754928	0.245072	0.9046324
18324	-2622.708	-2725.807	103.0991	1.516575	1.562537	0.3676337	0.76898	0.23102	0.8697537
18330	-2619.852	-2723.013	103.1617	1.522632	1.562537	0.3676337	0.760741	0.239259	0.7826967
18336	-2620.78	-2724.174	103.394	1.80822	1.20633	0.3111249	0.761386	0.238614	0.5106871
18342	-2637.684	-2740.717	103.0326	1.775811	1.479865	0.3943737	0.605783	0.394217	0.4981084
18348	-2624.224	-2727.238	103.0137	1.88915	1.479865	0.3421299	0.809038	0.190962	0.4264406
18354	-2623.692	-2726.81	103.1188	1.978164	1.176174	0.3666496	0.691371	0.308629	0.4257037
18360	-2628.32	-2730.868	102.5477	2.026702	1.467495	0.4779647	0.831963	0.168037	0.3158391
18366	-2629.041	-2731.914	102.8731	1.959392	1.411261	0.388923	0.768986	0.231014	0.3739468
18372	-2628.041	-2731.174	103.1334	1.933064	1.162816	0.3750614	0.864784	0.135216	0.3751396
18378	-2631.513	-2734.742	103.2286	1.990991	1.162816	0.3094867	0.736322	0.263678	0.3964934
18384	-2623.181	-2726.243	103.0618	1.977018	1.141444	0.3811707	0.762619	0.237381	0.3332025
18390	-2622.185	-2725.153	102.9677	2.037644	1.17888	0.3811707	0.751182	0.248818	0.3332025
18396	-2625.968	-2728.847	102.8789	2.09606	1.247565	0.3527122	0.798313	0.201687	0.3072946
18402	-2624.812	-2728.25	103.4377	1.948001	0.8995015	0.3527122	0.795117	0.204883	0.401305
18408	-2621.128	-2724.731	103.6034	1.948001	0.8995015	0.2682175	0.77644	0.22356	0.358194
18414	-2619.512	-2722.571	103.0583	1.895304	1.335127	0.3719048	0.828863	0.171137	0.4294198
18420	-2626.477	-2729.76	103.2834	1.487675	1.275628	0.38689	0.776914	0.223086	0.9000779
18426	-2628.35	-2731.674	103.3239	1.558626	1.275628	0.38689	0.797362	0.202638	0.7593207
18432	-2627.021	-2730.238	103.2171	1.8542	1.128515	0.3978436	0.753217	0.246783	0.4093664
18438	-2625.658	-2728.312	102.6539	1.941901	1.969502	0.3383851	0.70348	0.29652	0.4617776
18444	-2634.231	-2736.88	102.649	1.809219	1.969502	0.4058748	0.88218	0.11782	0.5456307
18450	-2623.642	-2726.571	102.929	2.066268	1.568973	0.2710331	0.757435	0.242565	0.409322
18456	-2620.563	-2723.31	102.7473	2.014978	1.514129	0.3730632	0.859382	0.140618	0.3427045
18462	-2620.104	-2723.333	103.2293	2.066599	1.127844	0.2766427	0.721726	0.278274	0.348537
18468	-2619.843	-2722.684	102.8408	1.82561	2.068261	0.2834934	0.819627	0.180373	0.5063148
18474	-2630.399	-2733.736	103.3376	1.566389	1.519131	0.3071882	0.760088	0.239912	0.6928934
18480	-2621.346	-2724.961	103.6152	1.425031	1.212231	0.3071882	0.701579	0.298421	0.8460869
18486	-2613.815	-2717.415	103.5999	1.270507	0.9406544	0.3071882	0.693105	0.306895	1.25833
18492	-2623.528	-2726.842	103.3135	1.321436	1.65339	0.2630314	0.726134	0.273866	1.033061
18498	-2622.965	-2726.12	103.155	1.403855	1.541878	0.3923012	0.784545	0.215455	0.8955398
18504	-2623.502	-2726.551	103.0495	1.497644	1.615095	0.4096537	0.765898	0.234102	0.8065032
18510	-2619.429	-2723.134	103.7047	1.554147	1.045954	0.311298	0.718596	0.281404	0.7431501
18516	-2621.505	-2724.974	103.4682	1.620913	1.11742	0.3768088	0.837909	0.162091	0.6801121
18522	-2625.125	-2728.066	102.9409	1.596968	1.99426	0.3344685	0.787745	0.212255	0.6843628
18528	-2619.938	-2723.284	103.3458	1.584519	1.561316	0.2853996	0.788792	0.211208	0.6828012
18534	-2625.208	-2728.787	103.5786	1.348573	1.173315	0.3176544	0.719974	0.280026	0.9825259
18540	-2630.924	-2734.443	103.519	1.328389	1.064874	0.3176544	0.729492	0.270508	1.151687
18546	-2623.871	-2727.452	103.5803	1.584433	1.064874	0.355427	0.669824	0.330176	0.7109211
18552	-2626.995	-2730.078	103.0823	1.703262	1.55888	0.355427	0.797731	0.202269	0.6628815
18558	-2625.593	-2728.746	103.1538	1.497083	1.388726	0.4186941	0.790899	0.209101	0.8632856
18564	-2628.065	-2731.306	103.2412	1.497083	1.684682	0.2773167	0.823491	0.176509	0.8632856
18570	-2630.582	-2734.431	103.8486	1.392991	1.162793	0.1820929	0.772852	0.227148	1.035146
18576	-2629.288	-2733.088	103.8002	1.365919	1.084869	0.2167555	0.776742	0.223258	1.076007
18582	-2633.661	-2737.395	103.7346	1.493482	1.146828	0.2167555	0.66763	0.33237	0.9588597
18588	-2638.886	-2741.789	102.9032	1.246883	1.863145	0.419071	0.7708	0.2292	1.043885
18594	-2637.468	-2740.769	103.3012	1.302839	1.105491	0.419071	0.811494	0.188506	1.149836
18600	-2641.639	-2744.428	102.7895	1.394483	1.634555	0.419071	0.773614	0.226386	1.149836
18606	-2637.115	-2740.59	103.4755	1.410049	1.025752	0.419071	0.799587	0.200413	0.9534313
18612	-2629.17	-2732.515	103.3451	1.392623	1.287048	0.3445084	0.757064	0.242936	1.016005
18618	-2626.666	-2730.217	103.5501	1.429139	1.287048	0.2995256	0.766101	0.233899	0.8647253
18624	-2627.625	-2731.043	103.4181	1.260918	1.287048	0.2995256	0.846391	0.153609	1.162972
18630	-2631	-2734.248	103.2474	1.435908	1.287048	0.367033	0.821935	0.178065	1.023286
18636	-2633.426	-2736.537	103.1109	1.4969	1.646602	0.2695175	0.802699	0.197301	1.048011
18642	-2636.985	-2740.129	103.144	1.118298	1.430809	0.2640827	0.827549	0.172451	1.476847
18648	-2625.992	-2729.002	103.01	1.123999	1.68107	0.3497413	0.744321	0.255679	1.282274
18654	-2623.279	-2726.175	102.8958	1.120213	1.529131	0.3497413	0.725047	0.274953	1.458623
18660	-2628.747	-2732.071	103.3248	1.097237	1.158238	0.3497413	0.725047	0.274953	1.374917
18666	-2631.34	-2734.608	103.2679	1.166508	1.517379	0.2463804	0.723122	0.276878	1.328481
18672	-2635.765	-2738.99	103.2254	1.203509	1.517379	0.2966632	0.811156	0.188844	1.230308
18678	-2634.134	-2737.459	103.3243	1.273497	1.298655	0.2966632	0.759503	0.240497	1.230308
18684	-2630.137	-2733.477	103.3403	1.279796	1.198646	0.3316121	0.70339	0.29661	1.216116
18690	-2627.994	-2731.525	103.5313	1.30507	1.198646	0.3332587	0.82309	0.17691	1.01654
18696	-2619.36	-2722.777	103.4171	1.279002	1.198646	0.3332587	0.724805	0.275195	1.147114
18702	-2647.078	-2750.737	103.6589	1.220984	0.8531181	0.3216478	0.803421	0.196579	1.301717
18708	-2640.995	-2744.669	103.6748	1.153638	0.8531181	0.4052064	0.718113	0.281887	1.201221
18714	-2645.462	-2748.103	102.641	1.314884	1.494793	0.3131567	0.74046	0.25954	1.581707
18720	-2629.569	-2732.509	102.9406	1.019104	1.304743	0.3131567	0.826651	0.173349	1.685143
18726	-2632.814	-2735.847	103.0331	1.23684	1.114674	0.3131567	0.764293	0.235707	1.580347
18732	-2629.824	-2733.421	103.5965	1.162963	1.114674	0.2744171	0.665773	0.334227	1.273343
18738	-2626.185	-2729.5	103.3151	1.29985	1.114674	0.3370908	0.770898	0.229102	1.273343
18744	-2630.174	-2733.375	103.2015	1.601654	1.471398	0.3646537	0.804094	0.195906	0.7125967
18750	-2625.126	-2728.55	103.4243	1.308052	1.114674	0.3370908	0.780847	0.219153	1.174028
18756	-2626.023	-2729.714	103.6906	1.31359	1.236437	0.2166023	0.853382	0.146618	1.100808
18762	-2620.762	-2723.881	103.1191	1.272805	1.236437	0.3323029	0.811184	0.188816	1.37431
18768	-2623.097	-2726.01	102.9135	1.302744	1.402122	0.4642036	0.791519	0.208481	1.198374
18774	-2628.976	-2732.309	103.3332	1.166192	0.9889801	0.308246	0.793433	0.206567	1.508465
18780	-2629.815	-2733.748	103.9332	1.195824	0.8891844	0.2275883	0.780354	0.219646	1.255495
18786	-2629.478	-2733.141	103.6639	1.377689	0.8891844	0.3414495	0.642781	0.357219	1.090934
18792	-2626.834	-2730.289	103.4556	1.334444	1.190322	0.3531967	0.704266	0.295734	1.027401
18798	-2625.34	-2729.107	103.7673	1.342162	0.8841313	0.3186513	0.730818	0.269182	1.079373
18804	-2629.084	-2731.919	102.8345	1.751445	1.532942	0.4959118	0.774504	0.225496	0.4755569
18810	-2624.624	-2727.874	103.25	1.894229	1.10592	0.354174	0.726237	0.273763	0.3526304
18816	-2618.896	-2722.738	103.8419	1.877925	0.7749316	0.2680509	0.726237	0.273763	0.3978542
18822	-2627.231	-2731.042	103.8104	1.890535	0.7749316	0.2680509	0.760449	0.239551	0.3671903
18828	-2615.897	-2719.511	103.6135	1.960466	0.8853756	0.2680509	0.760679	0.239321	0.3671903
18834	-2621.61	-2724.431	102.8205	1.994732	1.545571	0.3423691	0.731943	0.268057	0.3565977
18840	-2620.926	-2724.297	103.3709	1.791281	1.347872	0.2770101	0.739647	0.260353	0.4614882
18846	-2616.584	-2720.416	103.832	1.740224	0.9061774	0.2770101	0.797225	0.202775	0.4925813
18852	-2624.3	-2728.114	103.8147	1.757508	0.9061774	0.2770101	0.678827	0.321173	0.4925813
18858	-2624.691	-2728.292	103.6014	1.756778	1.11269	0.2770101	0.744688	0.255312	0.437314
18864	-2626.612	-2729.768	103.1566	1.660779	1.514054	0.3717589	0.812033	0.187967	0.5770932
18870	-2625.535	-2728.747	103.212	1.798562	1.279259	0.3717589	0.812033	0.187967	0.4995833
18876	-2623.582	-2726.485	102.9039	1.866554	1.449748	0.424824	0.833546	0.166454	0.4639244
18882	-2620.958	-2724.228	103.2697	1.787934	1.104236	0.424824	0.681628	0.318372	0.5446941
18888	-2630.547	-2733.661	103.1143	1.856087	1.01498	0.5275425	0.82455	0.17545	0.5150633
18894	-2629.092	-2732.526	103.4346	1.159133	0.9036667	0.3153735	0.726877	0.273123	1.492253
18900	-2627.109	-2730.198	103.0888	1.658275	1.529189	0.3794168	0.735757	0.264243	0.683962
18906	-2624.773	-2728.24	103.4668	1.46603	1.112192	0.3794168	0.763149	0.236851	0.8957202
18912	-2623.602	-2727.181	103.5786	1.488277	1.112192	0.3794168	0.825131	0.174869	0.7185052
18918	-2619.684	-2723.446	103.7623	1.300909	0.861257	0.3794168	0.682928	0.317072	1.025203
18924	-2630.935	-2734.555	103.6199	1.339168	1.172703	0.2856831	0.687738	0.312262	1.025203
18930	-2635.416	-2739.495	104.0793	1.334908	0.7413354	0.2786263	0.745174	0.254826	1.037452
18936	-2642.395	-2746.157	103.7625	1.094728	0.7947187	0.2759771	0.721255	0.278745	1.456242
18942	-2632.597	-2736.399	103.8025	1.236344	0.9106014	0.2759771	0.750089	0.249911	1.205722
18948	-2628.928	-2732.618	103.6904	1.239811	0.8973359	0.2759771	0.727885	0.272115	1.307847
18954	-2622.71	-2726.363	103.6532	1.268815	1.000634	0.3527165	0.819344	0.180656	1.071664
18960	-2633.522	-2736.787	103.2651	1.268572	1.349029	0.3462904	0.717679	0.282321	1.15515
18966	-2621.104	-2724.495	103.3913	1.503644	1.401131	0.3198207	0.806724	0.193276	0.7978171
18972	-2617.785	-2720.901	103.1152	1.434569	1.636628	0.3198207	0.791586	0.208414	0.9952437
18978	-2632.069	-2734.995	102.9253	1.244917	1.350168	0.2782392	0.817036	0.182964	1.565966
18984	-2627.781	-2730.442	102.6612	1.068134	1.365106	0.3712891	0.781026	0.218974	1.725765
18990	-2635.097	-2737.819	102.7212	1.066929	1.365106	0.5133492	0.83156	0.16844	1.49678
18996	-2627.428	-2730.326	102.8981	1.050029	1.12224	0.3969569	0.83156	0.16844	1.680985
19002	-2628.004	-2731.058	103.054	1.089175	0.8253804	0.3969569	0.732462	0.267538	1.757972
19008	-2622.099	-2725.366	103.2677	1.076753	1.134467	0.2554005	0.838792	0.161208	1.614405
19014	-2627.661	-2731.588	103.9269	1.140573	0.8212387	0.2197347	0.809367	0.190633	1.384303
19020	-2621.096	-2724.701	103.6051	1.078439	0.7293315	0.2524544	0.636568	0.363432	1.686109
19026	-2624.621	-2727.954	103.3328	1.028942	0.7293315	0.3966105	0.686495	0.313505	1.686109
19032	-2636.646	-2739.774	103.1286	1.227275	1.303337	0.4423167	0.769409	0.230591	1.179105
19038	-2629.492	-2732.892	103.4007	1.231054	1.017832	0.3124137	0.735051	0.264949	1.377859
19044	-2630.185	-2734.257	104.0729	1.25525	0.7363857	0.2618989	0.735051	0.264949	1.160407
19050	-2625.61	-2729.402	103.7923	1.138266	0.7363857	0.3265131	0.695037	0.304963	1.3634
19056	-2622.369	-2726.004	103.6352	1.208215	0.9328927	0.279237	0.715549	0.284451	1.340645
19062	-2619.13	-2722.886	103.7561	1.261733	0.9347002	0.3270462	0.736881	0.263119	1.09673
19068	-2623.026	-2726.537	103.5105	1.230055	1.02147	0.321179	0.684897	0.315103	1.27177
19074	-2624.027	-2727.527	103.5002	1.26445	1.028724	0.3073771	0.684897	0.315103	1.27177
19080	-2631.623	-2734.815	103.192	1.148553	1.104906	0.3682235	0.747339	0.252661	1.446005
19086	-2625.433	-2729.107	103.6745	1.140515	0.6996427	0.2720625	0.747339	0.252661	1.58291
19092	-2629.673	-2733.666	103.9931	1.509034	0.9294258	0.2368429	0.708482	0.291518	0.8242896
19098	-2618.972	-2722.137	103.1658	1.540799	1.374516	0.4011967	0.732848	0.267152	0.8495583
19104	-2618.603	-2722.103	103.4995	1.478352	1.374516	0.3071146	0.782324	0.217676	0.7507414
19110	-2621.097	-2725.031	103.934	1.612728	0.9021815	0.2798727	0.789125	0.210875	0.6147792
19116	-2624.263	-2728.387	104.1238	1.534935	0.9021815	0.2286491	0.755713	0.244287	0.6625569
19122	-2624.724	-2728.441	103.7171	1.628766	0.8861863	0.3677386	0.790886	0.209114	0.6667294
19128	-2628.217	-2731.366	103.1492	1.662704	1.541356	0.3474227	0.829389	0.170611	0.6690331
19134	-2622.749	-2726.226	103.4771	1.647377	1.060824	0.3973044	0.767967	0.232033	0.6324042
19140	-2623.939	-2726.896	102.9567	1.6841	1.491706	0.4305185	0.781313	0.218687	0.7440551
19146	-2624.251	-2727.533	103.2821	1.48891	1.491706	0.2953708	0.781313	0.218687	0.930591
19152	-2624.442	-2727.586	103.1435	1.499323	1.291391	0.3553231	0.757462	0.242538	1.081452
19158	-2632.228	-2735.59	103.362	1.457849	1.216002	0.3036435	0.660809	0.339191	1.081452
19164	-2625.043	-2728.796	103.7521	1.263946	0.7865874	0.3126757	0.803565	0.196435	1.2699
19170	-2630.739	-2734.1	103.3609	1.212655	1.226628	0.3126757	0.760677	0.239323	1.270012
19176	-2635.042	-2737.714	102.672	1.405643	1.226628	0.5918356	0.813253	0.186747	1.263799
19182	-2628.085	-2730.766	102.6806	1.229407	1.252492	0.5918356	0.723441	0.276559	1.380906
19188	-2636.657	-2739.172	102.515	1.307246	1.744099	0.5918356	0.843463	0.156537	1.152809
19194	-2633.532	-2736.349	102.8163	1.832872	1.66875	0.4076163	0.709554	0.290446	0.5012617
19200	-2623.489	-2726.586	103.0964	1.805194	1.326462	0.4076163	0.870976	0.129024	0.5012617
19206	-2619.91	-2723.133	103.2236	1.631835	1.326462	0.4076163	0.769694	0.230306	0.6676849
19212	-2625.395	-2728.703	103.3082	1.570274	1.644208	0.2805283	0.870088	0.129912	0.6933255
19218	-2618.367	-2722.114	103.7465	1.552264	1.10659	0.2805283	0.838108	0.161892	0.702747
19224	-2622.366	-2725.866	103.4998	1.423511	1.12902	0.3323805	0.817146	0.182854	0.9937028
19230	-2627.616	-2730.966	103.3503	1.412167	1.476849	0.3323805	0.78128	0.21872	0.8577221
19236	-2631.766	-2735.071	103.3055	1.448811	1.476849	0.3323805	0.839284	0.160716	0.8674022
19242	-2623.283	-2726.318	103.0349	1.214415	1.585804	0.3713293	0.792662	0.207338	1.203218
19248	-2626.739	-2730.057	103.3173	1.54838	1.519348	0.286861	0.816575	0.183425	0.8199358
19254	-2624.04	-2727.213	103.1727	1.58394	1.519348	0.3347338	0.734989	0.265011	0.8199358
19260	-2625.819	-2729.298	103.4789	1.645167	1.129322	0.3347338	0.737967	0.262033	0.7498356
19266	-2633.494	-2736.755	103.2604	1.541924	1.466537	0.3600964	0.825898	0.174102	0.7350553
19272	-2636.351	-2739.577	103.2265	1.533019	1.656388	0.3171776	0.86391	0.13609	0.7350553
19278	-2632.047	-2735.215	103.168	1.781221	1.494279	0.3171776	0.801106	0.198894	0.5731502
19284	-2635.208	-2738.043	102.8353	1.845448	1.882569	0.3171776	0.801106	0.198894	0.4125928
19290	-2632.011	-2735.273	103.2615	1.967527	1.048713	0.3522491	0.706955	0.293045	0.3911929
19296	-2621.872	-2724.477	102.6049	1.924184	2.003636	0.3557876	0.813091	0.186909	0.4241684
19302	-2635.467	-2738.15	102.6833	1.861568	1.990911	0.3557876	0.817296	0.182704	0.4540728
19308	-2636.715	-2740.107	103.3922	1.853851	1.050616	0.3557876	0.778948	0.221052	0.4733813
19314	-2629.962	-2733.205	103.2431	1.920518	1.139317	0.3557876	0.780506	0.219494	0.4772982
19320	-2630.099	-2733.731	103.6315	1.846535	0.8409183	0.3498773	0.779113	0.220887	0.4772982
19326	-2632.509	-2736.332	103.8235	1.973181	0.7564879	0.252346	0.843793	0.156207	0.4330126
19332	-2627.407	-2730.87	103.4629	1.887614	1.195261	0.252346	0.841957	0.158043	0.4544864
19338	-2629.175	-2732.423	103.2479	1.984539	0.9239658	0.4186065	0.764676	0.235324	0.408289
19344	-2633.772	-2736.466	102.6943	2.054117	1.420073	0.4110177	0.760067	0.239933	0.3323896
19350	-2628.306	-2732.067	103.7604	2.037473	0.6377814	0.2971906	0.833267	0.166733	0.3540451
19356	-2632.265	-2735.282	103.017	2.066241	1.213404	0.3319052	0.819121	0.180879	0.3387814
19362	-2643.094	-2747.495	104.4004	1.678783	0.5034259	0.2694926	0.804016	0.195984	0.6590262
19368	-2631.645	-2735.553	103.9079	1.643647	0.872436	0.2874741	0.791252	0.208748	0.6380467
19374	-2635.097	-2738.788	103.691	1.613758	0.872436	0.4029584	0.677259	0.322741	0.6380467
19380	-2643.287	-2746.108	102.8212	2.268304	1.261373	0.271614	0.789709	0.210291	0.2678395
19386	-2636.669	-2739.506	102.8369	2.275618	1.199103	0.271614	0.749777	0.250223	0.2515418
19392	-2629.395	-2733.948	104.5531	1.526456	0.5557868	0.225094	0.686425	0.313575	0.7197537
19398	-2635.481	-2740.153	104.6726	1.520658	0.5147685	0.184134	0.685361	0.314639	0.8223081
19404	-2639.927	-2744.212	104.2848	1.456168	0.5882598	0.2906106	0.77766	0.22234	0.8821803
19410	-2626.964	-2731.283	104.3194	1.28556	0.677128	0.2822992	0.702122	0.297878	0.9175876
19416	-2625.112	-2729.444	104.3319	1.271616	0.677128	0.24431	0.793718	0.206282	1.018675
19422	-2636.051	-2740.016	103.9657	1.187889	0.7634062	0.2770464	0.839848	0.160152	1.248703
19428	-2629.619	-2733.032	103.4129	1.163636	1.22163	0.3374504	0.773212	0.226788	1.225427
19434	-2627.547	-2730.467	102.9199	1.2848	1.736377	0.3471962	0.818551	0.181449	1.196707
19440	-2628.554	-2731.428	102.8741	1.165153	1.736377	0.3242825	0.84207	0.15793	1.372929
19446	-2631.147	-2733.923	102.7759	1.314234	1.736377	0.4638183	0.804864	0.195136	1.100258
19452	-2631.637	-2734.765	103.1279	1.318223	1.736377	0.2911441	0.767646	0.232354	1.093948
19458	-2629.061	-2731.91	102.8489	1.243563	2.168558	0.2978132	0.820975	0.179025	1.164693
19464	-2622.499	-2725.607	103.1085	1.245446	1.498259	0.3445751	0.800314	0.199686	1.215043
19470	-2625.731	-2729.139	103.4081	1.452532	1.104239	0.3208299	0.755748	0.244252	1.100071
19476	-2624.453	-2728.023	103.5695	1.571193	1.104239	0.3208299	0.755748	0.244252	0.8019733
19482	-2632.013	-2735.207	103.1947	1.641826	1.658762	0.2736817	0.880337	0.119663	0.770502
19488	-2623.494	-2726.934	103.4393	1.608295	1.27905	0.333748	0.829256	0.170744	0.6610448
19494	-2621.111	-2724.511	103.4	1.623734	1.27905	0.349047	0.686504	0.313496	0.6417618
19500	-2625.295	-2728.926	103.6313	1.590712	1.046558	0.3570425	0.686504	0.313496	0.6248321
19506	-2620.903	-2724.501	103.5987	1.590712	1.046558	0.3570425	0.741564	0.258436	0.6928016
19512	-2627.71	-2731.258	103.5481	1.616954	1.046558	0.3688849	0.847619	0.152381	0.6928016
19518	-2628.039	-2731.155	103.1158	1.569531	1.686336	0.3426686	0.804053	0.195947	0.7320968
19524	-2632.335	-2735.391	103.0567	1.582736	1.686336	0.3261909	0.812833	0.187167	0.8441894
19530	-2623.876	-2727.06	103.1836	1.427822	1.686336	0.3261909	0.837815	0.162185	0.8775733
19536	-2621.665	-2724.365	102.6994	1.356694	1.845473	0.468213	0.834997	0.165003	1.059785
19542	-2622.78	-2725.706	102.9266	1.351324	1.845473	0.3190321	0.68998	0.31002	1.124989
19548	-2621.948	-2725.01	103.0616	1.493289	1.845473	0.3190321	0.811052	0.188948	0.8410467
19554	-2629.871	-2732.983	103.1124	1.509391	1.687688	0.3190321	0.811052	0.188948	0.8829539
19560	-2629.589	-2733.212	103.6233	1.429264	1.137536	0.3190321	0.831698	0.168302	0.8781322
19566	-2633.828	-2736.701	102.8732	1.472353	1.84182	0.3190321	0.769497	0.230503	1.06485
19572	-2621.546	-2724.909	103.3633	1.426559	1.100446	0.4078225	0.703268	0.296732	1.000133
19578	-2622.755	-2725.789	103.0341	1.378442	1.513813	0.4281298	0.770669	0.229331	1.000133
19584	-2623.988	-2727.288	103.3003	1.3118	1.244976	0.3518472	0.765792	0.234208	1.15107
19590	-2632.533	-2735.699	103.1662	1.180286	1.165338	0.3518472	0.703491	0.296509	1.425302
19596	-2629.174	-2731.984	102.81	1.113295	1.577007	0.3744931	0.786291	0.213709	1.464315
19602	-2629.191	-2733.154	103.9638	1.335672	0.6342037	0.3383181	0.698562	0.301438	1.147516
19608	-2638.403	-2742.109	103.706	1.351491	0.8693736	0.3383181	0.743536	0.256464	1.102483
19614	-2629.18	-2732.87	103.6898	1.095822	0.9005065	0.3019243	0.737783	0.262217	1.371092
19620	-2624.66	-2728.197	103.5366	1.153735	0.9005065	0.3019243	0.727221	0.272779	1.444976
19626	-2624.338	-2727.727	103.389	1.169087	1.197036	0.2886417	0.758697	0.241303	1.34856
19632	-2626.334	-2729.821	103.4864	1.139749	0.9352342	0.371648	0.79485	0.20515	1.34856
19638	-2625.282	-2728.951	103.6686	1.160026	0.7029785	0.371648	0.718758	0.281242	1.401982
19644	-2625.898	-2728.85	102.9515	1.19201	1.148678	0.3260085	0.779218	0.220782	1.628764
19650	-2622.993	-2726.582	103.589	1.129012	0.9000874	0.3260085	0.757455	0.242545	1.38173
19656	-2632.028	-2735.681	103.653	1.168984	0.9223611	0.2713503	0.796925	0.203075	1.38173
19662	-2628.406	-2731.923	103.5167	1.154847	1.159162	0.2713503	0.735609	0.264391	1.318185
19668	-2624.565	-2727.82	103.2553	1.219081	1.159162	0.3941631	0.776775	0.223225	1.25954
19674	-2632.315	-2735.658	103.3434	1.340867	1.159162	0.2918131	0.789309	0.210691	1.267392
19680	-2632.403	-2735.639	103.2361	1.196666	1.182832	0.2140263	0.774466	0.225534	1.600615
19686	-2632.228	-2735.446	103.2174	1.337924	1.518545	0.2140263	0.849103	0.150897	1.302047
19692	-2633.075	-2736.479	103.4049	1.345654	1.518545	0.2140263	0.790153	0.209847	1.136398
19698	-2623.905	-2727.836	103.9309	1.345654	0.7878259	0.2689615	0.801379	0.198621	1.134582
19704	-2630.152	-2734.022	103.8701	1.468071	0.8433976	0.273177	0.731294	0.268706	1.006117
19710	-2630.499	-2735.068	104.5695	1.319681	0.5465161	0.213438	0.710331	0.289669	1.006117
19716	-2632.672	-2737.021	104.3491	1.471789	0.6722193	0.213438	0.728782	0.271218	0.8862185
19722	-2629.294	-2733.604	104.3096	1.37241	0.691828	0.2647113	0.682045	0.317955	0.8567962
19728	-2632.365	-2736.154	103.7887	1.50471	1.037712	0.2647113	0.672183	0.327817	0.8567962
19734	-2628.597	-2732.108	103.5109	1.50471	1.037712	0.3841545	0.761874	0.238126	0.8708093
19740	-2629.612	-2732.83	103.2186	1.582129	1.419629	0.3841545	0.663926	0.336074	0.7162615
19746	-2632.398	-2735.636	103.2375	1.621416	1.374594	0.3841545	0.732216	0.267784	0.6748621
19752	-2632.765	-2736.979	104.2132	1.587315	0.6236392	0.3096381	0.781297	0.218703	0.6584886
19758	-2622.938	-2727.018	104.0801	1.300265	0.6706888	0.3855764	0.70935	0.29065	0.9262078
19764	-2626.102	-2729.631	103.5292	1.495101	0.7742408	0.4660167	0.77877	0.22123	1.004517
19770	-2625.655	-2729.456	103.8005	1.458402	0.8738625	0.3182571	0.698082	0.301918	0.9435331
19776	-2634.782	-2738.158	103.3753	1.708809	1.259431	0.3182571	0.757926	0.242074	0.6881893
19782	-2644.399	-2747.701	103.3024	1.370527	1.095992	0.4028886	0.711968	0.288032	1.123502
19788	-2631.314	-2734.725	103.4115	1.310403	1.280255	0.301189	0.659511	0.340489	1.126509
19794	-2638.347	-2741.155	102.8084	1.758246	2.149309	0.306413	0.80005	0.19995	0.5115257
19800	-2630.263	-2733.674	103.411	1.370599	1.280255	0.3302318	0.832516	0.167484	1.008657
19806	-2620.812	-2724.132	103.3199	1.644358	1.280255	0.3302318	0.777052	0.222948	0.8037614
19812	-2624.736	-2728.44	103.7041	1.459799	1.140857	0.3041585	0.786164	0.213836	0.77615
19818	-2624.841	-2728.426	103.5854	1.526572	1.140857	0.3041585	0.706395	0.293605	0.8440231
19824	-2623.347	-2726.896	103.5488	1.400333	1.140857	0.3306422	0.815133	0.184867	0.9601975
19830	-2624.024	-2727.665	103.6411	1.455209	1.021931	0.3306422	0.695514	0.304486	0.9228907
19836	-2617.041	-2720.781	103.7401	1.569305	0.9197158	0.3306422	0.755015	0.244985	0.7924245
19842	-2628.495	-2732.165	103.6705	1.448703	0.9189786	0.3774388	0.708661	0.291339	0.9058088
19848	-2626.412	-2730.393	103.981	1.456547	0.8227064	0.3265446	0.765004	0.234996	0.7763662
19854	-2619.35	-2722.831	103.4808	1.398346	1.244654	0.3397647	0.784662	0.215338	0.9165905
19860	-2624.382	-2727.833	103.4513	1.256373	1.244654	0.3397647	0.873652	0.126348	1.088128
19866	-2630.738	-2733.888	103.1507	1.180328	1.244654	0.2824566	0.814418	0.185582	1.503394
19872	-2632.759	-2736.487	103.7271	1.149042	0.8493457	0.2824566	0.796866	0.203134	1.380599
19878	-2627.623	-2730.492	102.8689	1.032772	1.330212	0.3659875	0.788392	0.211608	1.630472
19884	-2627.214	-2730.468	103.2536	1.985361	1.121238	0.3183949	0.718818	0.281182	0.4001892
19890	-2625.947	-2729.071	103.1241	1.033026	0.7881061	0.3626921	0.733408	0.266592	1.826087
19896	-2630.839	-2733.45	102.6108	1.196855	1.427367	0.3092095	0.842999	0.157001	1.73058
19902	-2630.018	-2733.137	103.1189	1.944164	1.285406	0.3370165	0.710311	0.289689	0.418301
19908	-2626.031	-2729.268	103.2374	1.852279	1.285406	0.3225832	0.811303	0.188697	0.4063522
19914	-2622.355	-2726.1	103.745	1.874401	0.8834417	0.2600284	0.835942	0.164058	0.4063522
19920	-2621.415	-2725.441	104.0259	1.898712	0.6319676	0.2600284	0.760635	0.239365	0.3954341
19926	-2621.484	-2725.021	103.5369	1.887693	1.024943	0.2833302	0.740542	0.259458	0.4315614
19932	-2620.304	-2723.564	103.2599	1.816836	1.33218	0.3185393	0.688336	0.311664	0.4570612
19938	-2629.676	-2733.086	103.4108	1.862372	0.9675767	0.3795176	0.763616	0.236384	0.4376516
19944	-2626.498	-2729.592	103.0941	1.241859	1.402414	0.3274008	0.716581	0.283419	1.320273
19950	-2622.323	-2725.543	103.2209	1.3947	1.402414	0.3647001	0.726513	0.273487	1.00389
19956	-2621.7	-2725.018	103.3184	1.398843	1.402414	0.3173085	0.783351	0.216649	1.00389
19962	-2624.544	-2727.71	103.1664	1.325143	1.402414	0.3173085	0.783351	0.216649	1.21019
19968	-2622.23	-2725.627	103.3976	1.273754	1.073661	0.3068405	0.77833	0.22167	1.313499
19974	-2632.713	-2736.143	103.4302	1.273754	1.000047	0.3324565	0.77833	0.22167	1.29877
19980	-2641.53	-2744.691	103.1611	1.184549	1.19604	0.4603745	0.764098	0.235902	1.237798
19986	-2630.079	-2733.043	102.9638	1.142773	1.19604	0.3488741	0.793052	0.206948	1.58928
19992	-2626.266	-2729.544	103.2778	1.072306	1.186853	0.2861882	0.856199	0.143801	1.51966
19998	-2631.822	-2734.486	102.6631	1.104599	1.451272	0.4676167	0.722193	0.277807	1.51966
20004	-2630.419	-2734.172	103.7537	1.093894	0.7971498	0.2898567	0.727211	0.272789	1.435742
20010	-2630.001	-2733.853	103.8524	1.232185	0.8008643	0.3326116	0.829008	0.170992	1.159539
20016	-2622.528	-2726.313	103.785	1.225923	0.9314587	0.2869979	0.785554	0.214446	1.18769
20022	-2623.738	-2727.264	103.5256	1.285144	1.331185	0.2869979	0.876395	0.123605	1.036312
20028	-2627.447	-2730.696	103.2492	1.187962	1.331185	0.3118576	0.657754	0.342246	1.312044
20034	-2622.917	-2726.264	103.3471	1.247094	1.331185	0.2666889	0.721435	0.278565	1.271928
20040	-2624.422	-2727.797	103.3749	1.303066	1.331185	0.2666889	0.699962	0.300038	1.201601
20046	-2617.139	-2720.187	103.0485	1.334283	1.626586	0.4207584	0.805781	0.194219	0.9629234
20052	-2620.36	-2723.374	103.0137	1.480754	1.466638	0.4207584	0.786855	0.213145	0.9660893
20058	-2630.442	-2733.646	103.2037	1.234369	1.059735	0.5063969	0.77069	0.22931	1.198962
20064	-2632.047	-2735.264	103.2173	1.267787	1.092618	0.5063969	0.670407	0.329593	1.130558
20070	-2623.119	-2726.176	103.0566	1.276606	1.092618	0.4474085	0.816628	0.183372	1.342989
20076	-2623.461	-2727.016	103.5557	1.128194	1.141648	0.2604162	0.732711	0.267289	1.342989
20082	-2626.917	-2730.014	103.0965	1.105437	1.141648	0.3253377	0.819458	0.180542	1.592098
20088	-2620.02	-2722.704	102.6842	1.168	1.581148	0.3253377	0.826661	0.173339	1.592098
20094	-2630.246	-2733.787	103.5404	1.491159	1.299244	0.3078293	0.751338	0.248662	0.7581766
20100	-2630.235	-2733.54	103.3049	1.649301	1.299244	0.3488079	0.816023	0.183977	0.7390231
20106	-2628.464	-2732.288	103.824	1.575842	0.8769003	0.3543546	0.821415	0.178585	0.6317622
20112	-2635.209	-2738.476	103.2668	1.317135	1.011975	0.4057627	0.688782	0.311218	1.264943
20118	-2631.43	-2734.861	103.4312	1.262093	1.011975	0.3511317	0.713288	0.286712	1.264943
20124	-2628.673	-2732.135	103.4624	1.609667	0.9810025	0.4426586	0.820579	0.179421	0.7216258
20130	-2618.463	-2721.991	103.5273	1.534974	0.9810025	0.4426586	0.811573	0.188427	0.7371232
20136	-2622.569	-2725.727	103.1578	1.298798	1.419143	0.427084	0.735961	0.264039	1.028338
20142	-2623.1	-2726.016	102.9159	1.379536	1.56192	0.4732473	0.793341	0.206659	1.002436
20148	-2627.642	-2730.189	102.5467	1.487867	1.697474	0.577978	0.75827	0.24173	1.002436
20154	-2624.633	-2728.336	103.7025	1.435081	1.036228	0.2986807	0.75827	0.24173	0.9411958
20160	-2626.14	-2729.104	102.964	1.449398	1.767941	0.3761261	0.83339	0.16661	0.9217474
20166	-2621.649	-2725.243	103.5946	1.433479	1.180432	0.2960921	0.785395	0.214605	0.9217474
20172	-2624.998	-2728.371	103.3732	1.433479	1.148924	0.4212428	0.765735	0.234265	0.9092751
20178	-2625.402	-2728.877	103.4752	1.481971	1.148924	0.3952943	0.80492	0.19508	0.7855101
20184	-2626.917	-2730.322	103.4054	1.6445	1.148924	0.3952943	0.759725	0.240275	0.624509
20190	-2629.969	-2733.579	103.6095	1.805184	1.093976	0.262836	0.763957	0.236043	0.5505693
20196	-2641.48	-2744.589	103.1091	1.805184	1.744556	0.262836	0.8264	0.1736	0.480224
20202	-2632.838	-2736.826	103.9875	1.320877	1.049117	0.2500106	0.761771	0.238229	0.8707336
20208	-2629.924	-2733.845	103.9202	1.403527	0.8598513	0.2852999	0.763119	0.236881	0.9720546
20214	-2618.844	-2722.774	103.93	1.403527	0.8598513	0.2992531	0.775953	0.224047	0.9268175
20220	-2615.315	-2718.868	103.5531	1.361329	1.23377	0.2992531	0.834984	0.165016	0.9848011
20226	-2616.295	-2719.425	103.1302	1.346689	1.670377	0.2992531	0.756273	0.243727	1.088466
20232	-2627.355	-2730.48	103.1245	1.572724	1.670377	0.3337229	0.82073	0.17927	0.7595348
20238	-2625.217	-2728.596	103.3789	1.589838	1.294166	0.3337229	0.783513	0.216487	0.7714748
20244	-2631.696	-2735.213	103.5172	1.814048	1.05455	0.314538	0.791659	0.208341	0.4690188
20250	-2620.609	-2724.274	103.6651	1.583009	0.9455699	0.379956	0.740756	0.259244	0.6855021
20256	-2621.181	-2724.118	102.9376	1.406173	1.870701	0.379956	0.772516	0.227484	0.9184355
20262	-2625.474	-2728.909	103.4345	1.34991	1.153568	0.379956	0.755293	0.244707	1.011182
20268	-2630.365	-2733.497	103.1324	1.378349	1.601142	0.379956	0.885753	0.114247	0.9292622
20274	-2631.972	-2735.123	103.1509	1.524108	1.632432	0.3632411	0.80486	0.19514	0.7380364
20280	-2623.711	-2726.752	103.041	1.385245	1.784935	0.3632411	0.849996	0.150004	0.9243378
20286	-2625.987	-2728.773	102.786	1.23234	1.784935	0.3632411	0.786018	0.213982	1.298085
20292	-2625.777	-2728.912	103.1355	1.266991	1.39482	0.3632411	0.772133	0.227867	1.206978
20298	-2624.835	-2727.943	103.1081	1.187754	1.537392	0.3632411	0.715347	0.284653	1.206978
20304	-2621.397	-2724.827	103.43	1.275237	1.196576	0.3632411	0.872318	0.127682	1.082974
20310	-2632.329	-2736.086	103.7577	1.331479	0.9184026	0.3536132	0.763918	0.236082	0.9898517
20316	-2626.423	-2730.006	103.583	1.394617	1.173364	0.3536132	0.815319	0.184681	0.8398127
20322	-2635.287	-2738.618	103.3312	1.363599	1.408118	0.3536132	0.819608	0.180392	0.9414127
20328	-2628.805	-2732.074	103.2689	1.419913	1.505651	0.3536132	0.761516	0.238484	0.866043
20334	-2624.238	-2727.488	103.2501	1.261684	1.505651	0.2342707	0.761516	0.238484	1.299049
20340	-2632.863	-2736.549	103.6862	1.281636	1.028484	0.3013815	0.765771	0.234229	1.108542
20346	-2633.79	-2736.738	102.9482	1.281636	1.438636	0.3930654	0.781192	0.218808	1.273471
20352	-2625.571	-2729.09	103.5184	1.314715	1.308325	0.3231653	0.761049	0.238951	0.9482474
20358	-2621.128	-2724.611	103.4828	1.437831	1.308325	0.3231653	0.71075	0.28925	0.8495509
20364	-2624.762	-2728.287	103.5256	1.467062	1.102569	0.3231653	0.794902	0.205098	0.9685174
20370	-2632.861	-2736.537	103.6761	1.39794	1.102569	0.2878451	0.794525	0.205475	0.9685174
20376	-2640.831	-2744.006	103.1751	1.355684	1.64506	0.2991796	0.835069	0.164931	1.054184
20382	-2646.122	-2749.382	103.2601	1.686439	1.486598	0.3117073	0.72784	0.27216	0.6336812
20388	-2637.907	-2741.621	103.7145	1.559514	1.099792	0.2884316	0.737914	0.262086	0.7228515
20394	-2636.611	-2740.357	103.7456	1.352447	1.045379	0.2964001	0.725662	0.274338	0.978794
20400	-2640.807	-2744.214	103.4065	1.547182	1.379951	0.2777843	0.783069	0.216931	0.8680642
20406	-2631.528	-2735.343	103.8142	1.467368	1.129832	0.2540331	0.819598	0.180402	0.7964823
20412	-2636.383	-2740.795	104.4125	1.384085	0.6459223	0.2446531	0.847975	0.152025	0.8556763
20418	-2640.851	-2744.982	104.1307	1.331833	0.6459223	0.2446531	0.580471	0.419529	1.185873
20424	-2632.215	-2735.207	102.9921	1.249918	1.809483	0.3089712	0.755473	0.244527	1.196372
20430	-2631.488	-2735.58	104.092	1.418782	0.944752	0.187462	0.741123	0.258877	0.9590527
20436	-2628.483	-2731.715	103.2312	1.281631	1.652481	0.2867424	0.821056	0.178944	1.093756
20442	-2626.501	-2730.128	103.6268	1.393368	0.9748486	0.2947462	0.793187	0.206813	1.123702
20448	-2625.664	-2728.775	103.1106	1.37762	1.731535	0.2841995	0.772114	0.227886	1.073185
20454	-2625.267	-2728.518	103.2513	1.326934	1.417691	0.2956337	0.699964	0.300036	1.168176
20460	-2625.501	-2728.935	103.4339	1.264538	1.417691	0.2956337	0.699964	0.300036	1.059115
20466	-2622.473	-2725.727	103.2538	1.495329	1.417691	0.3166981	0.805869	0.194131	0.9608352
20472	-2624.937	-2728.039	103.1016	1.470758	1.417691	0.3613217	0.815774	0.184226	1.041472
20478	-2622.495	-2725.373	102.8776	1.290663	1.417691	0.4593307	0.815774	0.184226	1.236087
20484	-2613.761	-2717.622	103.8609	1.355618	0.9751482	0.2650101	0.815774	0.184226	1.006585
20490	-2622.032	-2725.687	103.6548	1.239456	1.164298	0.2574683	0.720963	0.279037	1.156747
20496	-2623.159	-2726.263	103.1033	1.210364	1.486491	0.3455408	0.780314	0.219686	1.254499
20502	-2622.688	-2725.981	103.2921	1.277395	1.279477	0.2985559	0.839952	0.160048	1.263424
20508	-2621.763	-2724.696	102.9338	1.345984	1.279477	0.4325724	0.863591	0.136409	1.274815
20514	-2628.78	-2731.027	102.2465	1.186561	1.957792	0.4325724	0.820041	0.179959	1.563002
20520	-2629.944	-2732.141	102.1971	0.994783	1.957792	0.4325724	0.814138	0.185862	1.736084
20526	-2620.84	-2723.827	102.9876	1.345323	1.736017	0.2853598	0.842245	0.157755	1.206513
20532	-2616.536	-2719.754	103.2185	1.300649	1.736017	0.2429254	0.781513	0.218487	1.137675
20538	-2621.483	-2724.982	103.4989	1.261854	1.158404	0.2499697	0.781846	0.218154	1.290594
20544	-2631.407	-2735.647	104.2406	1.444052	0.5685683	0.3105779	0.670546	0.329454	0.9261188
20550	-2631.648	-2735.295	103.647	1.469557	0.938115	0.3905791	0.735763	0.264237	0.8553338
20556	-2629.236	-2732.393	103.1569	1.469557	1.381467	0.414877	0.768256	0.231744	0.9060631
20562	-2625.81	-2728.929	103.1185	1.304384	1.381467	0.414877	0.801418	0.198582	1.10882
20568	-2618.642	-2721.719	103.0765	1.351597	1.381467	0.414877	0.762811	0.237189	1.104125
20574	-2621.319	-2724.759	103.4403	1.397331	0.9968218	0.414877	0.755816	0.244184	1.038303
20580	-2623.016	-2727.054	104.038	1.285346	0.9968218	0.225913	0.780285	0.219715	0.9810861
20586	-2618.323	-2722.169	103.8459	1.425737	0.9968218	0.225913	0.780285	0.219715	1.032447
20592	-2618.415	-2722.387	103.9718	1.360877	1.010049	0.2345122	0.79306	0.20694	0.9326889
20598	-2626.748	-2729.649	102.9014	1.464435	1.564442	0.4669453	0.785956	0.214044	0.9391245
20604	-2627.768	-2731.176	103.4081	1.375973	1.050593	0.4669453	0.785956	0.214044	0.9441127
20610	-2628.475	-2731.591	103.1168	1.464649	1.26533	0.3738428	0.688559	0.311441	1.122717
20616	-2624.925	-2728.185	103.2599	1.447004	1.276697	0.3426521	0.75323	0.24677	1.057892
20622	-2627.218	-2729.824	102.6064	1.437731	2.20149	0.3664324	0.828599	0.171401	1.055798
20628	-2628.587	-2731.331	102.7433	1.506347	1.772218	0.3905467	0.722065	0.277935	1.055798
20634	-2622.453	-2725.86	103.4063	1.31746	1.370075	0.2452411	0.783904	0.216096	1.18305
20640	-2617.458	-2720.601	103.1433	1.403035	1.370075	0.3974074	0.690594	0.309406	1.032664
20646	-2614.543	-2718.248	103.7044	1.305374	0.756509	0.3544563	0.788291	0.211709	1.229708
20652	-2621.781	-2725.337	103.5568	1.737645	1.227893	0.2592288	0.744066	0.255934	0.5901047
20658	-2627.807	-2731.318	103.5108	1.753322	0.8417764	0.4614507	0.746517	0.253483	0.5122768
20664	-2630.536	-2733.232	102.6965	1.759981	2.233948	0.3346079	0.822429	0.177571	0.5258012
20670	-2621.355	-2724.503	103.1473	1.630871	1.451406	0.3860661	0.811961	0.188039	0.70731
20676	-2628.2	-2731.133	102.9336	1.435587	1.834494	0.347896	0.790634	0.209366	0.9848831
20682	-2630.238	-2733.272	103.0336	1.112462	1.464987	0.3707905	0.711749	0.288251	1.36069
20688	-2629.885	-2733.096	103.2111	1.149344	1.173745	0.3424651	0.717788	0.282212	1.424077
20694	-2631.057	-2734.054	102.9965	1.090261	1.173624	0.2736347	0.862527	0.137473	1.740187
20700	-2626.094	-2729.169	103.0751	1.04816	1.173624	0.3860483	0.733235	0.266765	1.535704
20706	-2622.373	-2725.399	103.0255	1.11344	1.388595	0.3259432	0.835472	0.164528	1.484348
20712	-2626.204	-2728.926	102.722	1.139785	1.388595	0.3259432	0.759471	0.240529	1.686829
20718	-2622.894	-2725.714	102.8192	1.099405	1.187288	0.4102685	0.783983	0.216017	1.64209
20724	-2631.131	-2734.829	103.6986	1.3625	1.158124	0.3174797	0.808712	0.191288	0.8500955
20730	-2628.876	-2732.097	103.221	1.515501	1.61961	0.3174797	0.791078	0.208922	0.8030711
20736	-2629.457	-2733.408	103.9506	1.558141	0.8460647	0.3174797	0.713207	0.286793	0.6442869
20742	-2624.342	-2728.281	103.9391	1.624513	0.7912342	0.3174797	0.713207	0.286793	0.6628475
20748	-2627.429	-2731.256	103.8266	1.573622	1.085257	0.2242134	0.75484	0.24516	0.8002348
20754	-2621.757	-2725.561	103.8044	1.528715	0.9412499	0.2839555	0.701098	0.298902	0.8688086
20760	-2625.315	-2728.656	103.3404	1.364316	1.434512	0.2778415	0.842325	0.157675	1.081205
20766	-2636.322	-2739.572	103.2498	1.538297	1.434512	0.3161493	0.810154	0.189846	0.9063925
20772	-2624.365	-2727.474	103.1083	1.543746	1.624475	0.3353244	0.816935	0.183065	0.8556416
20778	-2619.969	-2723.119	103.1499	1.444389	1.624475	0.3496429	0.799286	0.200714	0.8875467
20784	-2628.376	-2731.26	102.8845	1.421505	2.086135	0.3496429	0.831536	0.168464	0.8875467
20790	-2625.946	-2729.268	103.3221	1.334793	1.14517	0.3496429	0.812644	0.187356	1.192092
20796	-2630.756	-2733.995	103.2394	1.276109	1.14517	0.3778847	0.770922	0.229078	1.262511
20802	-2630.589	-2734.364	103.7751	1.355752	1.120833	0.2545185	0.711074	0.288926	0.9780188
20808	-2623.276	-2727.363	104.0871	1.374459	0.708064	0.3152737	0.636087	0.363913	0.9454003
20814	-2629.211	-2732.467	103.2558	1.344272	1.603463	0.3154723	0.797474	0.202526	0.9773681
20820	-2625.294	-2728.489	103.1954	1.444488	1.079411	0.4445938	0.779334	0.220666	1.097446
20826	-2623.844	-2726.615	102.7708	1.509712	1.891203	0.4102178	0.821166	0.178834	0.9093641
20832	-2630.49	-2733.748	103.2579	1.3911	1.358223	0.4102178	0.822623	0.177377	0.911207
20838	-2624.804	-2728.325	103.5208	1.403478	1.161487	0.3684066	0.815401	0.184599	0.8796878
20844	-2636.528	-2739.988	103.4596	1.376927	1.161487	0.3684066	0.794712	0.205288	0.9750064
20850	-2638.412	-2741.846	103.4346	1.134642	1.06323	0.3017966	0.82645	0.17355	1.411233
20856	-2639.374	-2742.534	103.1597	1.250649	1.329193	0.2709896	0.793623	0.206377	1.411233
20862	-2628.485	-2731.91	103.4252	1.214956	1.056399	0.2709896	0.767459	0.232541	1.418707
20868	-2625.451	-2728.743	103.2925	1.688132	1.211687	0.3856364	0.777404	0.222596	0.6926624
20874	-2630.061	-2733.509	103.4473	1.626001	1.426996	0.280309	0.860424	0.139576	0.6131154
20880	-2632.677	-2736.478	103.8013	1.25101	0.9638828	0.2223438	0.778353	0.221647	1.265626
20886	-2625.305	-2728.525	103.2199	1.130272	1.293862	0.2223438	0.712737	0.287263	1.574706
20892	-2648.339	-2752.665	104.3261	1.55242	0.5844515	0.2847896	0.675976	0.324024	0.7253213
20898	-2641.41	-2745.211	103.8006	1.481455	0.9027143	0.2645919	0.684777	0.315223	1.017915
20904	-2640.576	-2744.102	103.5253	1.118833	1.061447	0.2356359	0.797245	0.202755	1.481945
20910	-2640.738	-2744.474	103.7362	1.075943	0.8194083	0.268817	0.725444	0.274556	1.481945
20916	-2637.36	-2740.856	103.4967	1.372275	1.177012	0.3857747	0.794021	0.205979	0.8873785
20922	-2636.829	-2739.941	103.112	1.382362	1.229831	0.416032	0.717457	0.282543	1.153931
20928	-2628.105	-2731.447	103.3421	1.445545	1.229831	0.4283303	0.843607	0.156393	0.8328277
20934	-2636.031	-2739.02	102.9882	1.314983	1.38616	0.2958905	0.713931	0.286069	1.412603
20940	-2629.891	-2733.295	103.4045	1.518149	1.147285	0.3541164	0.796742	0.203258	0.9288433
20946	-2634.942	-2738.302	103.3597	1.454023	1.31344	0.3229755	0.855922	0.144078	0.9647074
20952	-2630.213	-2733.618	103.4053	1.525468	1.217818	0.3208942	0.696477	0.303523	0.9304154
20958	-2624.493	-2727.461	102.9672	1.354805	1.739935	0.3616761	0.775044	0.224956	1.0621
20964	-2619.743	-2722.799	103.0554	1.422467	1.739935	0.2750766	0.819582	0.180418	1.098319
20970	-2627.475	-2730.515	103.04	1.393511	1.61684	0.4113214	0.790279	0.209721	0.9351623
20976	-2627.719	-2731.107	103.3878	1.441466	1.61684	0.2689866	0.726585	0.273415	0.8338481
20982	-2627.694	-2730.964	103.2705	1.244082	1.062561	0.4084282	0.772759	0.227241	1.277388
20988	-2630.421	-2733.752	103.3315	1.208813	1.057163	0.3750864	0.742482	0.257518	1.313672
20994	-2631.808	-2734.962	103.154	1.22096	1.264411	0.3152536	0.778252	0.221748	1.398669
21000	-2625.756	-2729.26	103.5044	1.225188	1.025328	0.3152536	0.849179	0.150821	1.288534
21006	-2625.875	-2729.411	103.5363	1.307315	1.019265	0.3262121	0.70332	0.29668	1.176978
21012	-2625.34	-2729.114	103.7743	1.284001	1.019265	0.3041562	0.81434	0.18566	1.025823
21018	-2623.499	-2727.137	103.638	1.326997	1.019265	0.3041562	0.759294	0.240706	1.113505
21024	-2626.349	-2730.086	103.7366	1.232883	1.061658	0.2574691	0.808989	0.191011	1.173867
21030	-2625.678	-2729.034	103.3563	1.267782	1.061658	0.2571968	0.72233	0.27767	1.453837
21036	-2622.309	-2725.77	103.4608	1.288518	1.061658	0.3286533	0.72233	0.27767	1.218071
21042	-2625.126	-2728.507	103.3811	1.160513	1.176462	0.3288538	0.771982	0.228018	1.302341
21048	-2626.023	-2729.501	103.4781	1.266928	1.315952	0.2251369	0.804246	0.195754	1.248107
21054	-2633.04	-2735.584	102.5438	1.319401	1.315952	0.7072735	0.842343	0.157657	1.248107
21060	-2626.743	-2729.787	103.0445	1.400646	1.315952	0.391978	0.796905	0.203095	1.174595
21066	-2616.598	-2719.447	102.8492	1.42526	1.785683	0.391978	0.832684	0.167316	1.020903
21072	-2635.936	-2739.74	103.8035	1.312254	0.8514815	0.3066914	0.72463	0.27537	1.131574
21078	-2636.625	-2740.248	103.6222	1.368164	1.18327	0.2785306	0.826034	0.173966	1.002219
21084	-2622.748	-2725.399	102.6507	1.240093	2.07177	0.3831407	0.83098	0.16902	1.226813
21090	-2621.928	-2724.618	102.6907	1.296468	2.07177	0.3366115	0.834245	0.165755	1.226813
21096	-2628.829	-2731.718	102.889	1.419129	2.07177	0.3366115	0.702984	0.297016	0.9252892
21102	-2630.483	-2734.239	103.7561	1.228699	1.133099	0.2597444	0.86028	0.13972	1.095364
21108	-2628.505	-2732.384	103.8791	1.174078	0.617686	0.2597444	0.675522	0.324478	1.512296
21114	-2634.469	-2737.676	103.207	1.287367	1.512471	0.2549616	0.704187	0.295813	1.264334
21120	-2638.645	-2743.257	104.612	1.127581	0.4820202	0.1983843	0.654605	0.345395	1.272956
21126	-2642.908	-2745.866	102.9584	1.268121	1.670194	0.3158586	0.756652	0.243348	1.272956
21132	-2633.191	-2736.609	103.4178	1.208616	1.435171	0.3158586	0.681213	0.318787	1.070457
21138	-2633.024	-2736.419	103.3953	1.067256	1.03361	0.3158586	0.759488	0.240512	1.489957
21144	-2632.071	-2735.374	103.3029	1.104785	1.236752	0.3158586	0.710673	0.289327	1.390324
21150	-2630.633	-2733.743	103.1096	1.358265	1.236752	0.3158586	0.814183	0.185817	1.342872
21156	-2624.991	-2728.591	103.6007	1.382449	0.960614	0.3158586	0.800045	0.199955	1.126386
21162	-2637.728	-2741.777	104.0486	1.364686	0.960614	0.1635055	0.713078	0.286922	1.112298
21168	-2619.872	-2724.144	104.2721	1.338898	0.5969813	0.246156	0.713078	0.286922	1.112298
21174	-2624.722	-2728.984	104.2621	1.41295	0.6263701	0.2942177	0.688556	0.311444	0.8850535
21180	-2618.907	-2722.713	103.8058	1.483833	0.914768	0.2942177	0.704319	0.295681	0.9220754
21186	-2627.71	-2731.51	103.7998	1.335633	0.914768	0.2942177	0.72549	0.27451	1.076636
21192	-2618.424	-2722.248	103.8242	1.298077	0.914768	0.2942177	0.765248	0.234752	1.088851
21198	-2623.333	-2727.146	103.8132	1.361488	0.914768	0.2942177	0.749196	0.250804	1.039383
21204	-2627.868	-2731.443	103.5751	1.371405	1.147736	0.2942177	0.737709	0.262291	1.039383
21210	-2624.059	-2727.571	103.5119	1.278068	1.147736	0.2942177	0.75292	0.24708	1.181863
21216	-2628.762	-2732.024	103.2622	1.37132	1.437925	0.2942177	0.742917	0.257083	1.108136
21222	-2628.787	-2732.185	103.3975	1.254828	0.990036	0.3309006	0.742917	0.257083	1.351037
21228	-2622.652	-2726.024	103.3724	1.317653	1.184923	0.3309006	0.765496	0.234504	1.167552
21234	-2625.896	-2729.442	103.5462	1.246442	0.9572796	0.2911955	0.774081	0.225919	1.337903
21240	-2623.388	-2727.131	103.7426	1.238603	0.9572796	0.2674247	0.641197	0.358803	1.230973
21246	-2631.105	-2733.92	102.8148	1.365604	1.964667	0.3994896	0.729635	0.270365	0.9899474
21252	-2632.405	-2735.104	102.6989	1.299509	2.011512	0.3994896	0.844749	0.155251	1.135911
21258	-2624.281	-2726.997	102.716	1.267818	1.917427	0.3795183	0.787118	0.212882	1.230986
21264	-2617.661	-2720.097	102.436	1.228315	2.00565	0.4053981	0.789347	0.210653	1.4055
21270	-2614.447	-2717.633	103.1861	1.285472	1.279398	0.4053981	0.789347	0.210653	1.154984
21276	-2614.624	-2718.002	103.3777	1.40913	1.279398	0.3286132	0.796381	0.203619	1.007675
21282	-2628.445	-2731.587	103.1422	1.391444	1.962219	0.2495879	0.849443	0.150557	0.9726779
21288	-2631.718	-2734.708	102.9898	1.391444	2.255387	0.2301163	0.816419	0.183581	1.012435
21294	-2629.905	-2733.263	103.3586	1.625015	1.366437	0.3338725	0.765948	0.234052	0.6460716
21300	-2624.313	-2727.949	103.6358	1.511937	1.262187	0.2913812	0.781981	0.218019	0.6808347
21306	-2619.38	-2722.959	103.5791	1.416701	1.351525	0.2913812	0.775694	0.224306	0.8026426
21312	-2620.563	-2724.022	103.4589	1.491932	1.351525	0.2913812	0.775694	0.224306	0.8591434
21318	-2620.86	-2723.933	103.0732	1.492424	1.820007	0.299302	0.810171	0.189829	0.9001725
21324	-2616.111	-2719.733	103.6221	1.355918	1.161126	0.2799703	0.680667	0.319333	1.030294
21330	-2622.927	-2726.419	103.4916	1.504417	1.447727	0.2549165	0.831114	0.168886	0.8227917
21336	-2622.46	-2725.554	103.0938	1.558967	1.447727	0.4520838	0.802642	0.197358	0.7153038
21342	-2626.263	-2729.541	103.2788	1.693294	1.447727	0.3231108	0.826442	0.173558	0.5674202
21348	-2619.649	-2723.26	103.611	1.714997	0.9664068	0.343407	0.764555	0.235445	0.6357913
21354	-2633.209	-2736.901	103.6921	1.541128	0.9894495	0.343407	0.673738	0.326262	0.7592021
21360	-2638.683	-2742.415	103.732	1.530423	0.8219988	0.3729954	0.673738	0.326262	0.8753325
21366	-2629.502	-2732.867	103.3658	1.631902	1.119156	0.3729954	0.673738	0.326262	0.8260372
21372	-2631.853	-2734.738	102.8854	1.619799	1.738585	0.3751186	0.818161	0.181839	0.8399568
21378	-2635.763	-2739.213	103.4497	1.494563	1.339807	0.2996114	0.818161	0.181839	0.8550111
21384	-2628.281	-2731.372	103.0909	1.452688	1.690014	0.2996114	0.820219	0.179781	1.011364
21390	-2627.255	-2730.105	102.8502	1.574976	1.690014	0.3978441	0.764297	0.235703	0.9180388
21396	-2626.978	-2729.838	102.8603	1.444806	1.763667	0.3978441	0.806292	0.193708	0.9931863
21402	-2630.319	-2733.552	103.2326	1.396174	1.087878	0.4848161	0.806292	0.193708	1.034422
21408	-2631.203	-2734.119	102.9162	1.337661	1.632253	0.4525673	0.783974	0.216026	1.030364
21414	-2633.194	-2736.407	103.2132	1.365781	0.9356853	0.4585417	0.850945	0.149055	1.25357
21420	-2628.102	-2731.758	103.6557	1.211379	0.8834488	0.3054461	0.69433	0.30567	1.314501
21426	-2629.885	-2733.632	103.7461	1.224844	0.717415	0.3494781	0.813746	0.186254	1.310785
21432	-2621.488	-2725.463	103.9746	1.249272	0.7845649	0.2869373	0.802893	0.197107	1.145776
21438	-2624.068	-2726.815	102.747	1.158807	1.648828	0.3407692	0.776048	0.223952	1.492874
21444	-2625.103	-2727.938	102.8351	1.268175	1.974659	0.3407692	0.835204	0.164796	1.167899
21450	-2627.446	-2730.683	103.2378	1.274717	1.608032	0.3407692	0.835651	0.164349	1.006369
21456	-2626.711	-2729.794	103.0839	1.196136	1.237408	0.3407692	0.794147	0.205853	1.44613
21462	-2637.026	-2739.868	102.8419	1.653581	1.536734	0.5003492	0.777252	0.222748	0.7300472
21468	-2630.832	-2733.96	103.1286	1.642872	1.536734	0.3854128	0.786665	0.213335	0.5847864
21474	-2629.223	-2732.383	103.1598	1.615117	1.536734	0.3854128	0.710963	0.289037	0.572059
21480	-2619.984	-2723.336	103.3526	1.710771	1.269419	0.3474252	0.811682	0.188318	0.555464
21486	-2618.174	-2721.921	103.7474	1.7186	0.9407328	0.29527	0.767477	0.232523	0.6221947
21492	-2617.324	-2720.633	103.3084	1.611824	1.310329	0.3900611	0.801509	0.198491	0.6285634
21498	-2616.149	-2719.596	103.4467	1.529686	1.19891	0.3748041	0.720379	0.279621	0.7527263
21504	-2626.837	-2730.012	103.1752	1.643671	1.13597	0.5310525	0.804244	0.195756	0.636741
21510	-2624.941	-2728.57	103.6286	1.637473	1.13597	0.309162	0.782329	0.217671	0.5417827
21516	-2622.555	-2726.022	103.4668	1.580616	1.304089	0.3182884	0.853943	0.146057	0.6874743
21522	-2619.443	-2722.942	103.4989	1.647493	1.304089	0.276097	0.845176	0.154824	0.6874743
21528	-2623.422	-2726.878	103.456	1.658382	1.304089	0.3055763	0.805078	0.194922	0.6024831
21534	-2626.533	-2729.418	102.886	1.854273	1.304089	0.5035515	0.769975	0.230025	0.5740155
21540	-2621.986	-2725.352	103.3656	1.67396	1.304089	0.3066351	0.808143	0.191857	0.7443986
21546	-2630.31	-2733.891	103.5815	1.451971	0.8544633	0.3912279	0.821838	0.178162	1.038799
21552	-2628.74	-2731.544	102.8043	1.382927	1.761174	0.4592739	0.715083	0.284917	0.9995967
21558	-2627.976	-2731.392	103.416	1.32918	1.297482	0.289488	0.727614	0.272386	1.117527
21564	-2630.954	-2734.499	103.5446	1.470796	1.253787	0.311555	0.788049	0.211951	0.8203449
21570	-2629.36	-2732.824	103.4639	1.580749	1.219373	0.311555	0.687976	0.312024	0.8203449
21576	-2631.875	-2735.406	103.5314	1.525997	1.219373	0.3096337	0.861536	0.138464	0.8095754
21582	-2631.321	-2734.711	103.3893	1.05571	0.8616485	0.3609126	0.702705	0.297295	1.564085
21588	-2624.088	-2727.073	102.9847	0.969993	0.982643	0.3539544	0.809516	0.190484	1.830873
21594	-2625.31	-2728.938	103.6284	1.035796	0.982643	0.2978572	0.741178	0.258822	1.406232
21600	-2632.846	-2735.801	102.9551	1.446949	1.670158	0.4487678	0.773902	0.226098	0.8513013
21606	-2631.937	-2735.741	103.8041	1.450252	0.9129309	0.3381049	0.72911	0.27089	0.8513013
21612	-2630.94	-2734.359	103.4191	1.56291	1.195198	0.4050183	0.724288	0.275712	0.6434885
21618	-2628.788	-2732.612	103.8245	1.565375	1.120955	0.2362271	0.867903	0.132097	0.7183384
21624	-2625.54	-2729.101	103.5606	1.670576	1.360746	0.2362271	0.812371	0.187629	0.6301744
21630	-2622.785	-2726.59	103.8048	1.652702	1.017708	0.2653315	0.671381	0.328619	0.6301744
21636	-2628.852	-2732.618	103.7657	1.588223	1.017708	0.2848683	0.738622	0.261378	0.7344939
21642	-2629.48	-2733.049	103.5688	1.365542	1.017708	0.3784953	0.684216	0.315784	0.9920752
21648	-2626.978	-2730.615	103.6365	1.325207	1.017708	0.2911334	0.754838	0.245162	1.1452
21654	-2622.68	-2725.936	103.2562	1.261724	1.365589	0.2911334	0.770799	0.229201	1.262933
21660	-2622.443	-2725.996	103.5523	1.332174	1.019751	0.3747323	0.817742	0.182258	1.046397
21666	-2625.382	-2729.094	103.7115	1.282033	0.913529	0.3747323	0.667727	0.332273	1.046397
21672	-2627.322	-2731.09	103.7677	1.423289	0.9305238	0.2774723	0.783714	0.216286	1.046397
21678	-2624.694	-2728.582	103.8885	1.506644	0.8889322	0.2774723	0.710568	0.289432	0.8800967
21684	-2632.67	-2735.501	102.8309	1.472458	1.820959	0.4319075	0.76222	0.23778	0.8873455
21690	-2638.634	-2741.981	103.3468	1.36638	0.9509906	0.4195138	0.880337	0.119663	1.186099
21696	-2625.58	-2729.779	104.199	1.362585	0.8899487	0.1903139	0.782163	0.217837	0.9578831
21702	-2626.202	-2729.141	102.9392	1.468175	1.644539	0.4821185	0.782163	0.217837	0.7926887
21708	-2628.142	-2731.147	103.005	1.358386	1.644539	0.3981329	0.81494	0.18506	1.013504
21714	-2624.761	-2728.022	103.2612	1.400085	1.40598	0.3590666	0.793018	0.206982	0.9664892
21720	-2633.851	-2737.186	103.3355	1.353521	1.240962	0.3538856	0.799678	0.200322	1.080558
21726	-2632.914	-2735.688	102.7737	1.326222	1.240962	0.466579	0.799678	0.200322	1.396093
21732	-2631.931	-2734.989	103.0579	1.16393	1.514136	0.3188466	0.812603	0.187397	1.359577
21738	-2636.212	-2739.656	103.4442	1.207362	0.9574523	0.33968	0.675673	0.324327	1.362859
21744	-2631.41	-2735.142	103.7319	1.394183	0.9358504	0.3088483	0.799444	0.200556	1.031969
21750	-2631.095	-2734.717	103.6223	1.365714	1.07431	0.3088483	0.834722	0.165278	1.031969
21756	-2634.788	-2737.499	102.7114	1.480481	1.980031	0.3465803	0.796925	0.203075	1.07381
21762	-2640.339	-2742.939	102.6002	1.42315	1.980031	0.432297	0.679664	0.320336	1.07381
21768	-2635.712	-2739.794	104.0824	1.325001	0.7613706	0.2561919	0.828255	0.171745	1.07381
21774	-2636.567	-2739.899	103.332	1.395955	1.1607	0.3836992	0.715025	0.284975	1.052562
21780	-2625.458	-2729.217	103.7594	1.5519	1.052313	0.3030538	0.673492	0.326508	0.6759091
21786	-2635.092	-2738.513	103.4205	1.629885	1.379993	0.2904589	0.762719	0.237281	0.6886041
21792	-2624.424	-2728	103.5761	1.202849	1.129449	0.2642288	0.751188	0.248812	1.267065
21798	-2630.059	-2732.771	102.7116	1.286805	1.349976	0.5063771	0.809298	0.190702	1.352727
21804	-2631.926	-2735.338	103.4111	1.247773	0.9906808	0.3952007	0.639585	0.360415	1.237207
21810	-2633.763	-2736.794	103.0319	1.191556	1.258228	0.2093177	0.789745	0.210255	1.713789
21816	-2621.982	-2725.393	103.4112	1.128931	0.9075569	0.3391172	0.772546	0.227454	1.490126
21822	-2617.589	-2721.007	103.4179	0.9491017	0.9075569	0.2970741	0.76273	0.23727	1.685434
21828	-2614.774	-2717.982	103.2086	1.077372	1.047534	0.2970741	0.707581	0.292419	1.641522
21834	-2621.897	-2724.787	102.89	1.109498	1.047534	0.2970741	0.707782	0.292218	1.842482
21840	-2624.939	-2727.931	102.9924	0.9486778	1.1562	0.2970741	0.723846	0.276154	1.813128
21846	-2622.653	-2725.442	102.7889	1.022716	1.475138	0.2663277	0.792262	0.207738	1.774434
21852	-2628.597	-2731.457	102.8598	1.083495	1.421179	0.2663277	0.726014	0.273986	1.710678
21858	-2630.724	-2733.606	102.8816	1.097736	1.421179	0.2889339	0.830233	0.169767	1.645552
21864	-2623.343	-2727.134	103.7911	1.598265	0.9867822	0.2953026	0.744571	0.255429	0.6845561
21870	-2626.427	-2730.214	103.7869	1.648323	0.9867822	0.2953026	0.755419	0.244581	0.5706144
21876	-2626.123	-2729.923	103.8001	1.70733	0.9867822	0.2656229	0.742843	0.257157	0.5706144
21882	-2622.906	-2726.757	103.8512	1.64846	0.9867822	0.2656229	0.68207	0.31793	0.5976689
21888	-2622.696	-2726.426	103.7294	1.450402	1.137484	0.2972688	0.642467	0.357533	0.7805859
21894	-2632.331	-2736.193	103.8622	1.432425	1.07224	0.2576067	0.774032	0.225968	0.836879
21900	-2626.465	-2729.487	103.0224	1.452487	1.50477	0.447502	0.835608	0.164392	0.9044477
21906	-2628.092	-2732.097	104.0049	1.444607	0.8373989	0.305901	0.753318	0.246682	0.8005751
21912	-2621.683	-2725.705	104.022	1.508676	0.7621739	0.305901	0.77442	0.22558	0.8106303
21918	-2629.705	-2733.445	103.7396	1.484638	1.044872	0.305901	0.775591	0.224409	0.8106303
21924	-2626.893	-2730.404	103.5115	1.198781	1.044872	0.4324849	0.786189	0.213811	1.083147
21930	-2619.848	-2722.958	103.1109	1.329335	1.559231	0.3533452	0.740237	0.259763	1.083147
21936	-2631.713	-2734.215	102.5026	1.342203	1.240933	0.5126169	0.853334	0.146666	1.531197
21942	-2626.778	-2729.842	103.0647	0.9858202	1.31208	0.2760872	0.732316	0.267684	1.678501
21948	-2627.434	-2730.162	102.7279	1.11432	1.188436	0.4127562	0.810598	0.189402	1.69253
21954	-2625.908	-2729.186	103.2782	1.054653	1.188436	0.3038064	0.784441	0.215559	1.500468
21960	-2623.034	-2726.041	103.0072	1.162838	1.282343	0.341011	0.740797	0.259203	1.500468
21966	-2621.502	-2724.819	103.3167	0.9908614	0.915731	0.3080201	0.771248	0.228752	1.703444
21972	-2620.274	-2723.449	103.1748	1.087195	0.915731	0.420211	0.690522	0.309478	1.569697
21978	-2625.588	-2729.15	103.562	1.178765	0.7115522	0.4130447	0.772995	0.227005	1.398819
21984	-2627.934	-2731.613	103.6786	1.178765	0.7115522	0.4130447	0.711097	0.288903	1.306285
21990	-2636.492	-2740.218	103.7257	1.499741	0.9924463	0.3057159	0.712214	0.287786	0.8733442
21996	-2632.153	-2735.768	103.6152	1.481252	0.9924463	0.3721643	0.665721	0.334279	0.8564739
22002	-2628.152	-2731.572	103.4197	1.503651	1.176113	0.3721643	0.768442	0.231558	0.8564739
22008	-2629.927	-2733.497	103.5698	1.53247	1.176113	0.306561	0.802177	0.197823	0.8094242
22014	-2632.883	-2735.94	103.0571	1.53247	2.064647	0.2621658	0.787751	0.212249	0.8023827
22020	-2630.028	-2732.625	102.5969	1.651376	2.064647	0.4656625	0.856815	0.143185	0.6744653
22026	-2625.141	-2727.901	102.7596	1.573981	1.862766	0.4656625	0.740553	0.259447	0.7347471
22032	-2633.887	-2736.884	102.9972	1.523493	1.380489	0.5545048	0.748299	0.251701	0.7391463
22038	-2631.131	-2734.748	103.6173	1.41468	0.9919306	0.3683422	0.754138	0.245862	0.9386456
22044	-2633.776	-2736.824	103.0476	1.620172	1.627261	0.3683422	0.79046	0.20954	0.738563
22050	-2625.236	-2728.286	103.0506	1.600021	1.627261	0.3683422	0.791999	0.208001	0.7642966
22056	-2625.402	-2729.466	104.0646	1.60782	0.7326537	0.3109584	0.734046	0.265954	0.6108112
22062	-2627.968	-2731.408	103.4392	1.812031	0.9779016	0.3889673	0.714127	0.285873	0.4764963
22068	-2632.74	-2736.576	103.8354	1.757362	1.019914	0.2242495	0.701203	0.298797	0.485502
22074	-2642.067	-2745.993	103.926	1.597434	0.8268155	0.3079083	0.801817	0.198183	0.7008062
22080	-2635.074	-2739.118	104.0438	1.562009	0.8268155	0.2835318	0.780945	0.219055	0.6529126
22086	-2643.617	-2747.746	104.1283	1.495334	0.8457006	0.2711651	0.735744	0.264256	0.6323049
22092	-2631.391	-2735.489	104.0979	1.56151	0.7846685	0.2484184	0.684024	0.315976	0.7908496
22098	-2634.18	-2738.096	103.9161	1.461552	0.7846685	0.3288421	0.755738	0.244262	0.9001193
22104	-2640.29	-2744.349	104.0582	1.459816	0.7846685	0.3253575	0.773346	0.226654	0.7270067
22110	-2628.556	-2732.568	104.012	1.715689	0.6411227	0.3472561	0.709143	0.290857	0.5630271
22116	-2630.649	-2734.409	103.76	1.811114	0.7722671	0.334977	0.709837	0.290163	0.4055143
22122	-2620.447	-2723.825	103.3773	1.741304	1.337984	0.2914202	0.71959	0.28041	0.6065696
22128	-2625.461	-2728.932	103.4707	1.610896	1.379108	0.2914202	0.847382	0.152618	0.618406
22134	-2624.523	-2727.903	103.3799	1.642756	1.381373	0.3120448	0.738755	0.261245	0.6409714
22140	-2637.336	-2740.21	102.8739	1.673306	1.796341	0.3336173	0.747621	0.252379	0.849093
22146	-2633.835	-2737.217	103.3819	1.50764	1.453899	0.3336173	0.757724	0.242276	0.6993412
22152	-2633.469	-2737.063	103.5945	1.545075	1.453899	0.2098152	0.772052	0.227948	0.7902325
22158	-2640.562	-2743.808	103.2458	1.620281	1.940576	0.211613	0.842327	0.157673	0.7022141
22164	-2632.333	-2735.819	103.4861	1.828029	1.218984	0.2567059	0.762226	0.237774	0.5697734
22170	-2638.872	-2742.393	103.5215	1.816499	1.218984	0.247276	0.731088	0.268912	0.5723618
22176	-2642.139	-2745.945	103.8061	1.755983	0.8788217	0.2862559	0.830657	0.169343	0.5996864
22182	-2628.096	-2731.866	103.7705	1.755983	0.8974416	0.2862559	0.814848	0.185152	0.6393017
22188	-2636.517	-2739.905	103.3884	1.686565	1.233541	0.3371946	0.838844	0.161156	0.6678928
22194	-2626.511	-2729.475	102.964	1.524299	1.991029	0.330739	0.809431	0.190569	0.7788294
22200	-2627.67	-2730.726	103.0566	1.405593	1.482629	0.3374043	0.796461	0.203539	1.144416
22206	-2621.838	-2725.543	103.705	1.49479	1.087364	0.2673716	0.755459	0.244541	0.9025972
22212	-2623.592	-2727.093	103.5009	1.339034	1.212538	0.2980808	0.786469	0.213531	1.077517
22218	-2626.422	-2729.826	103.4036	1.339034	1.177258	0.3232751	0.7811	0.2189	1.141928
22224	-2627.238	-2730.519	103.2804	1.19796	1.227537	0.2238448	0.728772	0.271228	1.517973
22230	-2628.983	-2732.053	103.0702	2.056252	0.8521149	0.4596437	0.822683	0.177317	0.2867653
22236	-2640.051	-2743.624	103.5726	2.19959	0.7137013	0.2511231	0.703905	0.296095	0.3155891
22242	-2629.31	-2732.699	103.3895	1.306181	1.453728	0.2557197	0.813723	0.186277	1.126957
22248	-2635.53	-2739.686	104.1564	1.412055	0.7615093	0.2557197	0.745025	0.254975	0.9123431
22254	-2629.003	-2732.759	103.7566	1.87844	0.8456598	0.2771167	0.728193	0.271807	0.4576078
22260	-2644.866	-2748.391	103.5253	1.370929	0.9672452	0.4196912	0.66521	0.33479	1.00142
22266	-2648.714	-2752.733	104.0187	1.290601	0.9672452	0.2310569	0.784496	0.215504	1.011068
22272	-2630.86	-2734.429	103.5689	1.918162	0.8725014	0.3179007	0.860382	0.139618	0.3941088
22278	-2626.621	-2730.05	103.4291	1.920024	0.8725014	0.3662673	0.645516	0.354484	0.3455832
22284	-2632.125	-2734.95	102.8244	1.93845	1.340493	0.4781939	0.645516	0.354484	0.4859769
22290	-2633.338	-2736.164	102.8264	2.018655	1.340493	0.4218387	0.775676	0.224324	0.4100258
22296	-2626.314	-2729.493	103.1798	1.977565	1.042158	0.3955186	0.757476	0.242524	0.4100258
22302	-2624.9	-2727.304	102.4047	1.994212	2.086441	0.3955186	0.758731	0.241269	0.4175692
22308	-2617.625	-2720.602	102.9776	1.922236	1.458631	0.3494729	0.758731	0.241269	0.4175692
22314	-2618.651	-2721.458	102.8065	1.899572	1.458631	0.4570599	0.650457	0.349543	0.4675909
22320	-2636.359	-2738.881	102.5223	1.794664	1.476408	0.7094365	0.758836	0.241164	0.5119946
22326	-2628.934	-2731.71	102.7757	1.631669	1.360508	0.6773223	0.72058	0.27942	0.6569391
22332	-2625.12	-2728.684	103.5646	1.648575	1.187998	0.2957353	0.737017	0.262983	0.6569391
22338	-2633.246	-2736.334	103.0881	1.645942	2.205662	0.2107559	0.852318	0.147682	0.671259
22344	-2634.041	-2737.147	103.1051	0.9284305	0.9032937	0.2943559	0.770059	0.229941	1.923801
22350	-2631.339	-2734.069	102.7295	0.7898716	1.25741	0.2943559	0.70195	0.29805	2.042936
22356	-2637.111	-2739.951	102.8401	1.021141	1.25741	0.2943559	0.800391	0.199609	1.811995
22362	-2628.507	-2731.514	103.0071	1.03993	1.25741	0.3754693	0.725706	0.274294	1.554186
22368	-2634.3	-2737.498	103.198	1.087148	1.329809	0.2870907	0.789829	0.210171	1.476523
22374	-2626.637	-2729.748	103.1111	1.135611	1.378213	0.2870907	0.809624	0.190376	1.476523
22380	-2636.104	-2739.181	103.0762	1.14788	1.713391	0.2489398	0.749022	0.250978	1.382007
22386	-2625.55	-2728.729	103.1797	1.178187	1.259797	0.386917	0.770173	0.229827	1.295235
22392	-2625.124	-2728.45	103.3262	1.185313	1.259797	0.279115	0.763455	0.236545	1.361107
22398	-2629.074	-2732.236	103.1621	1.134075	1.211501	0.3356892	0.754508	0.245492	1.459152
22404	-2632.474	-2735.588	103.1138	1.117272	1.163802	0.3356892	0.831397	0.168603	1.539428
22410	-2628.068	-2731.231	103.163	1.17544	1.163802	0.3365033	0.817939	0.182061	1.457553
22416	-2630.845	-2734.01	103.1653	1.142252	1.375821	0.3116205	0.784578	0.215422	1.387241
22422	-2631.142	-2734.75	103.6079	1.232628	0.9380891	0.3609853	0.740501	0.259499	1.18689
22428	-2633.172	-2735.943	102.771	1.329159	1.804895	0.3719579	0.778869	0.221131	1.204471
22434	-2632.309	-2735.748	103.4395	1.365145	1.030747	0.3719579	0.769829	0.230171	1.115877
22440	-2618.645	-2722.151	103.5059	1.502339	1.030747	0.3719579	0.756892	0.243108	0.9146471
22446	-2624.63	-2728.653	104.0234	1.408794	0.8708769	0.2582963	0.864247	0.135753	0.9148357
22452	-2627.155	-2731.442	104.2869	1.374659	0.7288708	0.1845565	0.697085	0.302915	1.063586
22458	-2635.435	-2739.32	103.8852	1.426451	0.9598704	0.1845565	0.760624	0.239376	1.143053
22464	-2638.196	-2742.263	104.0668	1.426384	0.9598704	0.1845565	0.760624	0.239376	0.9704215
22470	-2640.037	-2744.098	104.0601	1.306181	1.003093	0.1839851	0.688145	0.311855	1.054319
22476	-2630.255	-2733.276	103.0202	1.30836	1.880126	0.2123826	0.797085	0.202915	1.29382
22482	-2623.91	-2727.02	103.1093	1.292377	1.48813	0.3445915	0.80283	0.19717	1.180444
22488	-2626.079	-2728.856	102.7772	1.275737	1.48813	0.4422302	0.765768	0.234232	1.312373
22494	-2627.891	-2730.642	102.7514	1.176263	1.48813	0.4422302	0.829951	0.170049	1.411391
22500	-2622.393	-2725.576	103.1827	1.24169	1.575619	0.2592513	0.833107	0.166893	1.275525
22506	-2635.347	-2737.793	102.4458	1.271175	1.904441	0.4718164	0.793991	0.206009	1.316509
22512	-2638.964	-2742.798	103.8342	1.190209	1.050521	0.2881654	0.728945	0.271055	1.065111
22518	-2634.973	-2739.167	104.1937	1.293727	0.6457401	0.2881654	0.732169	0.267831	1.065111
22524	-2636.6	-2740.801	104.2009	1.346214	0.8391023	0.1957977	0.761492	0.238508	1.013068
22530	-2626.859	-2731.343	104.484	1.386814	0.6650874	0.1957977	0.718431	0.281569	0.8995289
22536	-2628.17	-2731.86	103.69	1.355307	1.147384	0.2679315	0.75909	0.24091	1.00546
22542	-2632.681	-2736.054	103.3727	1.432636	1.152706	0.3727866	0.851872	0.148128	1.00546
22548	-2631.466	-2734.729	103.2629	1.307206	1.152706	0.4400745	0.661288	0.338712	1.106995
22554	-2632.962	-2737.246	104.2834	1.397625	0.6200655	0.2192711	0.825673	0.174327	1.085012
22560	-2635.313	-2739.025	103.7122	1.347497	1.019415	0.310033	0.704542	0.295458	1.011088
22566	-2636.591	-2740.293	103.702	1.358238	0.9368737	0.3780918	0.681009	0.318991	0.947888
22572	-2633.568	-2737.917	104.3493	1.500753	0.6554508	0.2634667	0.615284	0.384716	0.6916891
22578	-2628.728	-2733.018	104.2897	1.560293	0.6554508	0.2634667	0.69602	0.30398	0.6916891
22584	-2627.013	-2731.178	104.1647	1.527597	0.8079094	0.1847962	0.672062	0.327938	0.9357453
22590	-2639.997	-2743.925	103.928	1.576193	1.058052	0.1847962	0.672062	0.327938	0.8488386
22596	-2633.345	-2737.052	103.7073	1.53664	1.137906	0.2192948	0.747708	0.252292	0.9431462
22602	-2633.265	-2736.131	102.8661	1.481225	1.896601	0.3360299	0.776329	0.223671	0.99368
22608	-2626.999	-2730.537	103.5388	1.510322	1.208176	0.2999239	0.662356	0.337644	0.8598142
22614	-2624.203	-2727.943	103.7403	1.448178	1.068251	0.2907615	0.743881	0.256119	0.8707789
22620	-2628.23	-2731.36	103.1302	1.748406	1.049128	0.5507147	0.749882	0.250118	0.6137785
22626	-2627.917	-2731.041	103.124	1.803245	1.049128	0.5338909	0.799923	0.200077	0.5083873
22632	-2629.112	-2732.359	103.2468	1.803245	0.927623	0.5338909	0.813747	0.186253	0.497054
22638	-2625.838	-2729.366	103.5275	1.859617	0.9627296	0.3308865	0.813884	0.186116	0.4772285
22644	-2624.616	-2727.562	102.946	1.876578	1.617172	0.3308865	0.701289	0.298711	0.4103834
22650	-2631.093	-2733.779	102.6858	1.905603	1.617172	0.4538149	0.701289	0.298711	0.4379078
22656	-2632.836	-2735.342	102.5058	2.03551	1.617172	0.4538149	0.713862	0.286138	0.3479522
22662	-2634.415	-2737.611	103.196	2.003787	1.335314	0.2482109	0.798065	0.201935	0.3597999
22668	-2634.139	-2737.06	102.9204	2.095391	1.339731	0.3132767	0.808536	0.191464	0.3348286
22674	-2631.98	-2734.655	102.675	2.044778	1.339731	0.4905319	0.825161	0.174839	0.3998392
22680	-2631.416	-2733.929	102.5137	1.998244	1.974873	0.3702725	0.825161	0.174839	0.4130737
22686	-2629.651	-2732.785	103.1331	1.916756	1.405633	0.2956047	0.784761	0.215239	0.3953709
22692	-2625.878	-2728.452	102.5745	1.997337	1.720454	0.4201613	0.784761	0.215239	0.4082981
22698	-2636.64	-2740.168	103.528	2.007962	1.029922	0.2367617	0.752606	0.247394	0.4237016
22704	-2638.499	-2741.982	103.4825	1.366334	1.075485	0.3192101	0.711609	0.288391	1.138303
22710	-2626.282	-2729.943	103.6607	1.467041	1.312196	0.2366008	0.738334	0.261666	0.851127
22716	-2629.671	-2733.704	104.0336	1.502576	0.8747155	0.2429489	0.799848	0.200152	0.8352407
22722	-2626.347	-2730.847	104.5001	1.541929	0.47076	0.2599391	0.660198	0.339802	0.8362153
22728	-2626.597	-2730.228	103.6312	1.401514	1.05214	0.3892333	0.699382	0.300618	0.8205131
22734	-2622.684	-2726.501	103.8169	1.437805	0.8437333	0.4010241	0.730698	0.269302	0.78408
22740	-2626.749	-2730.634	103.8844	1.495086	1.035971	0.2453986	0.866919	0.133081	0.8138375
22746	-2622.243	-2725.673	103.4306	1.507598	1.035971	0.4793037	0.824167	0.175833	0.7452396
22752	-2622.254	-2726.016	103.7623	1.511625	1.128475	0.2716333	0.758986	0.241014	0.745723
22758	-2627.825	-2731.726	103.901	1.432068	0.9895411	0.2870146	0.799738	0.200262	0.7976252
22764	-2632.098	-2735.787	103.6886	1.562773	1.132525	0.2870146	0.799738	0.200262	0.7160578
22770	-2641.328	-2744.92	103.5928	1.683354	0.9627814	0.3801058	0.736761	0.263239	0.5708933
22776	-2633.497	-2737.075	103.5772	1.744444	0.9627814	0.3479545	0.727981	0.272019	0.6321092
22782	-2633.205	-2735.874	102.6692	1.968143	1.535894	0.4504904	0.771201	0.228799	0.3949228
22788	-2627.416	-2730.378	102.9622	1.669971	1.763712	0.355502	0.771182	0.228818	0.6900637
22794	-2623.57	-2727.154	103.5845	1.669971	0.9910113	0.3647106	0.751157	0.248843	0.6403417
22800	-2629.288	-2732.653	103.3656	1.871732	1.075995	0.3484931	0.802169	0.197831	0.4750528
22806	-2625.458	-2729.121	103.6625	1.77016	1.075995	0.2638327	0.753749	0.246251	0.4750528
22812	-2618.066	-2721.099	103.0332	1.928274	1.259445	0.3897904	0.703623	0.296377	0.387867
22818	-2625.839	-2729.03	103.1908	1.885141	1.259445	0.3445132	0.700639	0.299361	0.4404003
22824	-2626.307	-2729.202	102.8958	1.977339	1.580057	0.3134614	0.82578	0.17422	0.383301
22830	-2618.989	-2722.001	103.0113	1.866236	1.268459	0.444914	0.803908	0.196092	0.4638893
22836	-2617.457	-2720.739	103.2825	1.874301	0.9009777	0.478037	0.794885	0.205115	0.4224471
22842	-2632.656	-2736.31	103.6543	1.887332	0.8319737	0.324228	0.670285	0.329715	0.4612844
22848	-2625.592	-2729.935	104.3428	1.788039	0.5657687	0.2282522	0.661688	0.338312	0.4979165
22854	-2617.969	-2721.047	103.0779	1.785003	1.526843	0.3503581	0.724925	0.275075	0.5062552
22860	-2634.854	-2737.913	103.0591	1.865358	1.442857	0.3503581	0.817617	0.182383	0.5188704
22866	-2629.105	-2732.241	103.1359	1.811657	1.413213	0.3503581	0.882434	0.117566	0.5099612
22872	-2625.02	-2728.43	103.4095	1.771932	1.129086	0.3503581	0.768207	0.231793	0.4570291
22878	-2617.869	-2721.154	103.285	1.707008	1.353663	0.3503581	0.793805	0.206195	0.534645
22884	-2621.923	-2725.423	103.5001	1.689308	1.067445	0.3754844	0.801923	0.198077	0.5299537
22890	-2627.701	-2731.558	103.8567	1.512846	0.8030702	0.2995213	0.748337	0.251663	0.9571737
22896	-2624.963	-2728.184	103.2207	1.400519	1.256396	0.4183373	0.700968	0.299032	1.010981
22902	-2636.531	-2739.097	102.5663	1.476372	1.676106	0.5302009	0.796488	0.203512	1.079149
22908	-2631.026	-2734.148	103.1222	1.438833	1.211035	0.4333555	0.798306	0.201694	1.079149
22914	-2631.775	-2735.293	103.5181	1.464418	1.007775	0.4333555	0.715748	0.284252	0.8333492
22920	-2629.617	-2732.373	102.7561	1.595971	1.479202	0.6140837	0.715748	0.284252	0.7468819
22926	-2633.605	-2736.78	103.1754	1.617429	1.246239	0.4623987	0.709577	0.290423	0.7198762
22932	-2634.922	-2737.811	102.8894	2.074336	1.227815	0.3528523	0.6969	0.3031	0.2870045
22938	-2639.329	-2742.419	103.0894	2.074336	0.9553527	0.3938194	0.6969	0.3031	0.306612
22944	-2640.638	-2744.219	103.5815	1.609971	0.8616254	0.4405545	0.790966	0.209034	0.7396438
22950	-2624.543	-2727.976	103.4331	1.306668	1.326222	0.2958994	0.834291	0.165709	1.087141
22956	-2624.617	-2727.507	102.8906	1.350334	1.679096	0.3224349	0.785083	0.214917	1.243745
22962	-2625.403	-2728.466	103.0629	1.318617	1.679096	0.3224349	0.743429	0.256571	1.121894
22968	-2629.821	-2733.239	103.4186	1.378127	1.402595	0.3064649	0.782941	0.217059	0.9475257
22974	-2622.249	-2725.417	103.168	1.186477	1.377523	0.3403572	0.727714	0.272286	1.298184
22980	-2630.221	-2733.273	103.0518	1.299756	1.484938	0.3403572	0.653508	0.346492	1.23296
22986	-2627.954	-2731.543	103.5888	1.373382	1.084685	0.322196	0.786317	0.213683	1.01825
22992	-2635.567	-2738.795	103.2282	1.288465	1.423604	0.3382974	0.856073	0.143927	1.133767
22998	-2628.951	-2731.667	102.7158	1.232649	1.423604	0.3382974	0.756324	0.243676	1.585544
23004	-2639.2	-2741.913	102.7123	1.286922	1.423604	0.4292599	0.755855	0.244145	1.411798
23010	-2635.201	-2738.867	103.6663	1.15862	0.7188371	0.3097781	0.803687	0.196313	1.490778
23016	-2627.075	-2730.477	103.4022	1.029934	0.8982003	0.3798957	0.720817	0.279183	1.515318
23022	-2637.562	-2740.542	102.9796	1.118788	1.097064	0.3886148	0.739476	0.260524	1.601352
23028	-2637.576	-2740.557	102.9802	1.14548	1.04578	0.3886148	0.724216	0.275784	1.616888
23034	-2635.807	-2738.249	102.4426	1.313468	1.948967	0.3974822	0.79498	0.20502	1.371899
23040	-2625.773	-2729.39	103.6168	1.32694	1.000554	0.2460933	0.799183	0.200817	1.271227
23046	-2627.69	-2731.029	103.3384	1.366092	1.030957	0.3780512	0.625296	0.374704	1.193196
23052	-2634.323	-2738.227	103.9036	1.336866	0.7023712	0.3686774	0.615001	0.384999	1.059393
23058	-2628.953	-2732.851	103.8978	1.285418	0.7023712	0.3791859	0.73508	0.26492	1.093017
23064	-2622.885	-2727.135	104.2495	1.235974	0.7023712	0.2397593	0.758956	0.241044	1.110189
23070	-2631.778	-2734.829	103.0516	1.369925	1.49263	0.4561418	0.734137	0.265863	0.9551832
23076	-2628.482	-2732.034	103.5517	1.432014	1.179876	0.2999289	0.738011	0.261989	0.9600293
23082	-2626.666	-2730.18	103.5141	1.406	1.179876	0.2999289	0.731717	0.268283	1.024188
23088	-2629.127	-2732.723	103.5963	1.318302	0.9562768	0.3839655	0.750577	0.249423	1.061175
23094	-2631.445	-2735.926	104.4803	1.382961	0.5737799	0.2215368	0.623103	0.376897	0.9667757
23100	-2632.591	-2736.488	103.8963	1.380803	1.028403	0.2215368	0.72162	0.27838	1.008435
23106	-2632.607	-2736.933	104.3266	1.28207	0.5752596	0.2176251	0.63137	0.36863	1.21121
23112	-2636.294	-2739.15	102.8554	1.111385	1.51233	0.3517577	0.804809	0.195191	1.501865
23118	-2639.017	-2741.967	102.9492	1.079011	1.429831	0.3517577	0.717191	0.282809	1.501865
23124	-2631.742	-2735.374	103.6318	0.9828218	0.8225877	0.2585246	0.742739	0.257261	1.64364
23130	-2633.128	-2737.11	103.9829	0.9887103	0.8225877	0.1939208	0.741175	0.258825	1.514107
23136	-2626.511	-2730.731	104.22	0.9765535	0.5954593	0.1939208	0.756344	0.243656	1.565424
23142	-2629.284	-2732.45	103.1657	1.078884	0.5954593	0.4556032	0.724224	0.275776	1.818876
23148	-2635.5	-2738.991	103.4903	1.076799	1.228912	0.2208843	0.697353	0.302647	1.456533
23154	-2621.827	-2725.867	104.0392	1.349164	0.7620446	0.2545634	0.753031	0.246969	1.094631
23160	-2628.619	-2732.671	104.0524	1.275406	0.7620446	0.320026	0.694748	0.305252	1.002282
23166	-2626.642	-2730.272	103.6299	1.568118	1.013404	0.3440821	0.805701	0.194299	0.7733496
23172	-2624.381	-2727.539	103.1579	1.636104	1.370029	0.418813	0.785841	0.214159	0.6784143
23178	-2631.125	-2734.507	103.3815	1.476147	1.370029	0.3583888	0.911522	0.0884783	0.7681549
23184	-2628.562	-2732.043	103.4804	1.278494	1.130151	0.3541639	0.711005	0.288995	1.105408
23190	-2630.879	-2734.212	103.3334	1.259339	0.9891449	0.3971061	0.820771	0.179229	1.290138
23196	-2636.938	-2739.969	103.0309	1.248954	1.35135	0.5047364	0.771242	0.228758	1.117107
23202	-2633.329	-2736.487	103.1578	1.073118	1.180531	0.2008108	0.767114	0.232886	1.773019
23208	-2633.914	-2737.196	103.2819	1.019782	1.180531	0.2504322	0.767214	0.232786	1.62488
23214	-2628.926	-2731.859	102.9331	1.642424	1.976248	0.3346902	0.784042	0.215958	0.6262877
23220	-2632.199	-2735.482	103.2828	1.511911	1.555349	0.3346902	0.776033	0.223967	0.7295351
23226	-2633.74	-2736.811	103.0711	1.523774	1.555349	0.4112745	0.838424	0.161576	0.7948207
23232	-2633.993	-2736.793	102.8	1.484651	1.864892	0.3918726	0.777577	0.222423	0.9603883
23238	-2621.661	-2724.978	103.3172	1.584847	1.729261	0.2262003	0.814084	0.185916	0.7868648
23244	-2619.608	-2722.82	103.2118	1.620736	1.513719	0.348778	0.795756	0.204244	0.6619491
23250	-2625.031	-2728.178	103.1472	1.663646	1.513719	0.348778	0.744242	0.255758	0.7026632
23256	-2625.711	-2728.799	103.0882	1.776355	1.513719	0.348778	0.834343	0.165657	0.5791802
23262	-2632.916	-2736.315	103.3991	1.735979	1.185401	0.348778	0.770209	0.229791	0.5408995
23268	-2628.101	-2731.543	103.4418	1.680235	1.185401	0.348778	0.697958	0.302042	0.5955651
23274	-2623.293	-2726.92	103.6272	1.624294	1.032965	0.3543158	0.740496	0.259504	0.5955651
23280	-2629.775	-2733.404	103.6293	1.549583	1.04867	0.3556772	0.740496	0.259504	0.712442
23286	-2630.249	-2733.234	102.9846	1.594906	1.847615	0.3556772	0.82292	0.17708	0.6882161
23292	-2625.437	-2728.218	102.781	1.83381	1.847615	0.3658621	0.811518	0.188482	0.5176878
23298	-2632.284	-2735.29	103.0056	1.712128	1.847615	0.3178227	0.749723	0.250277	0.5176878
23304	-2623.681	-2726.919	103.2387	1.658649	1.446533	0.3437489	0.800657	0.199343	0.652973
23310	-2628.524	-2732.627	104.1032	1.767433	0.7746721	0.2168324	0.747005	0.252995	0.5755651
23316	-2628.116	-2731.555	103.4391	1.66415	1.049544	0.4300408	0.747005	0.252995	0.5108651
23322	-2630.856	-2734.927	104.0714	1.550759	0.8847254	0.251538	0.66393	0.33607	0.6503318
23328	-2628.421	-2731.993	103.5712	1.606415	1.110348	0.3449983	0.748458	0.251542	0.6471223
23334	-2629.014	-2732.216	103.2022	1.559645	1.378722	0.4319075	0.868018	0.131982	0.6805608
23340	-2639.195	-2742.252	103.0568	1.695971	1.378722	0.4319075	0.78419	0.21581	0.6972318
23346	-2637.378	-2740.676	103.2979	1.471019	1.283287	0.4390187	0.764642	0.235358	0.7721539
23352	-2634.952	-2738.233	103.2802	1.481045	1.283287	0.4331143	0.768143	0.231857	0.7974846
23358	-2632.113	-2735.73	103.6163	1.465755	1.14242	0.3252487	0.801794	0.198206	0.8200126
23364	-2638.084	-2742.369	104.2851	1.344424	0.5679035	0.3252487	0.742596	0.257404	0.9509358
23370	-2622.587	-2726.116	103.5289	1.380897	1.128839	0.3252487	0.682654	0.317346	1.022809
23376	-2622.223	-2725.765	103.5421	1.415434	1.128839	0.3048949	0.805524	0.194476	1.021088
23382	-2624.247	-2727.857	103.6101	1.404588	1.128839	0.3115551	0.827056	0.172944	0.9474691
23388	-2631.223	-2734.956	103.733	1.45565	1.128839	0.3108671	0.775589	0.224411	0.7329007
23394	-2626.326	-2729.39	103.0637	1.563443	1.605275	0.3375336	0.776843	0.223157	0.8946937
23400	-2624.22	-2727.213	102.9926	1.343764	1.636408	0.3125966	0.776843	0.223157	1.206304
23406	-2632.618	-2736.357	103.739	1.16445	0.9797545	0.309709	0.76132	0.23868	1.191524
23412	-2634.453	-2737.161	102.7078	1.565777	1.828351	0.4873759	0.832886	0.167114	0.7986541
23418	-2628.136	-2731.475	103.3383	1.529508	1.245681	0.3480687	0.75686	0.24314	0.9085776
23424	-2633.859	-2737.538	103.6789	1.447199	1.037486	0.3212908	0.722882	0.277118	0.895784
23430	-2626.369	-2730.045	103.6758	1.32935	1.042292	0.309709	0.812414	0.187586	1.043121
23436	-2635.585	-2740.062	104.4766	1.274915	0.6882303	0.1871908	0.714426	0.285574	1.019588
23442	-2637.466	-2741.583	104.1168	1.480635	0.7820409	0.2215242	0.708916	0.291084	0.9533928
23448	-2640.597	-2744.178	103.5809	1.480635	1.037179	0.3538832	0.70003	0.29997	0.8895875
23454	-2644.049	-2747.63	103.5809	1.48056	1.037179	0.3538832	0.737544	0.262456	0.8895875
23460	-2632.517	-2735.597	103.08	1.345575	1.377018	0.4216226	0.884234	0.115766	1.098017
23466	-2625.486	-2728.802	103.3163	1.559569	1.504606	0.324065	0.8261	0.1739	0.6940617
23472	-2634.805	-2738.245	103.4398	1.373459	1.289897	0.324065	0.763966	0.236034	0.9825075
23478	-2640.325	-2744.002	103.6778	1.211498	0.8562738	0.3385409	0.745049	0.254951	1.260714
23484	-2627.727	-2730.882	103.1553	1.251337	1.391818	0.332906	0.72612	0.27388	1.259452
23490	-2626.612	-2730.037	103.4257	1.25059	1.391818	0.2472046	0.833027	0.166973	1.204814
23496	-2619.185	-2722.46	103.2749	1.301433	1.212146	0.3527971	0.833027	0.166973	1.204814
23502	-2631.378	-2734.801	103.423	1.33154	1.212146	0.3235917	0.75062	0.24938	1.103101
23508	-2635.066	-2738.433	103.3674	1.369444	1.062655	0.432645	0.697525	0.302475	1.041582
23514	-2627.794	-2731.145	103.351	1.401379	1.295539	0.322452	0.751576	0.248424	1.041582
23520	-2628.87	-2732.768	103.8981	1.387004	0.7475256	0.3124198	0.702513	0.297487	1.077177
23526	-2623.157	-2726.797	103.64	1.326886	0.8054777	0.3617941	0.752597	0.247403	1.203271
23532	-2635.399	-2738.969	103.5699	1.29617	0.8595245	0.2831871	0.775732	0.224268	1.378143
23538	-2622.572	-2726.237	103.6642	1.090526	0.9659866	0.290239	0.775732	0.224268	1.362693
23544	-2630.626	-2734.013	103.3868	1.197627	0.9659866	0.290239	0.764743	0.235257	1.493736
23550	-2628.318	-2731.381	103.0633	1.131116	1.549048	0.3236127	0.793184	0.206816	1.352913
23556	-2627.78	-2730.978	103.1986	1.29097	1.549048	0.2572641	0.793184	0.206816	1.241427
23562	-2621.953	-2725.432	103.4794	1.197365	1.153688	0.2641078	0.750515	0.249485	1.33253
23568	-2632.203	-2735.45	103.2466	1.107869	1.153688	0.2641078	0.773802	0.226198	1.578335
23574	-2630.578	-2733.779	103.2012	1.003607	0.8666821	0.364922	0.735767	0.264233	1.726716
23580	-2635.5	-2738.5	102.9997	1.092217	1.383915	0.288299	0.724238	0.275762	1.585987
23586	-2638.248	-2741.978	103.7295	1.143165	0.8012737	0.2863737	0.75698	0.24302	1.419127
23592	-2623.886	-2726.883	102.9972	1.172559	1.418928	0.3207851	0.778225	0.221775	1.451836
23598	-2627.271	-2730.683	103.412	1.267522	1.033644	0.2770524	0.699283	0.300717	1.393629
23604	-2625.877	-2729.379	103.5027	1.219743	1.033644	0.2791428	0.829703	0.170297	1.355876
23610	-2633.446	-2736.082	102.6363	1.207618	1.874864	0.3859535	0.790286	0.209714	1.355876
23616	-2630.31	-2733.533	103.2229	1.291427	1.396873	0.2874034	0.811138	0.188862	1.253027
23622	-2628.995	-2732.097	103.1018	1.079215	1.347771	0.2469513	0.837938	0.162062	1.617335
23628	-2630.845	-2733.33	102.4844	1.122737	1.347771	0.4766204	0.821822	0.178178	1.683481
23634	-2630.663	-2733.691	103.0282	1.354728	1.690194	0.3703294	0.731656	0.268344	1.018051
23640	-2632.349	-2736.039	103.6901	1.277734	1.189639	0.2856919	0.830801	0.169199	1.001854
23646	-2627.693	-2731.269	103.5765	1.391323	1.189639	0.2856919	0.73252	0.26748	1.001854
23652	-2630.271	-2733.028	102.7563	1.099363	1.486753	0.3552369	0.778656	0.221344	1.592467
23658	-2628.503	-2731.263	102.7598	1.190797	1.581613	0.3552369	0.773932	0.226068	1.471098
23664	-2624.216	-2727.709	103.4925	1.23903	1.020752	0.3552369	0.72396	0.27604	1.218558
23670	-2621.848	-2725.361	103.513	1.271134	0.9077191	0.3238123	0.784727	0.215273	1.326622
23676	-2623.378	-2726.516	103.1387	1.34306	1.596483	0.3238123	0.76263	0.23737	1.0792
23682	-2629.643	-2733.149	103.5058	1.276754	1.272873	0.3238123	0.76263	0.23737	1.027645
23688	-2622.213	-2725.366	103.1534	1.259043	1.495804	0.3238123	0.787118	0.212882	1.205217
23694	-2633.785	-2736.526	102.7413	1.141939	1.495804	0.3010391	0.800639	0.199361	1.653848
23700	-2641.662	-2744.595	102.9336	1.157564	1.275352	0.3010391	0.758124	0.241876	1.628244
23706	-2638.569	-2740.966	102.3971	1.181613	2.012013	0.3829888	0.74286	0.25714	1.501217
23712	-2644.423	-2747.537	103.1147	1.546332	1.40009	0.4358206	0.67925	0.32075	0.7997799
23718	-2634.24	-2738.211	103.9713	1.545291	0.8953132	0.2624863	0.83337	0.16663	0.7635374
23724	-2627.655	-2731.596	103.9412	1.50072	0.8990327	0.2624863	0.657756	0.342244	0.855954
23730	-2624.312	-2728.2	103.8885	1.43188	0.8743547	0.2624863	0.778199	0.221801	1.015846
23736	-2619.281	-2723.43	104.149	1.26439	0.7424633	0.2624863	0.672991	0.327009	1.074961
23742	-2618.639	-2722.123	103.4847	1.41517	1.080966	0.3454136	0.81646	0.18354	1.033193
23748	-2619.41	-2723.191	103.7817	1.434469	0.8925545	0.3454136	0.738352	0.261648	0.903032
23754	-2625.991	-2729.281	103.2899	1.44579	1.378042	0.352599	0.85587	0.14413	0.9249054
23760	-2622.902	-2726.256	103.354	1.366862	1.396965	0.352599	0.740327	0.259673	0.9249054
23766	-2627.762	-2730.854	103.092	1.363035	1.504667	0.3169807	0.903535	0.0964653	1.176007
23772	-2624.033	-2727.21	103.1771	1.348039	1.504667	0.3301679	0.859523	0.140477	1.086958
23778	-2634.429	-2737.601	103.1721	1.385143	1.705315	0.2997697	0.803252	0.196748	0.9870994
23784	-2634.87	-2737.935	103.0653	1.307863	1.705315	0.3329983	0.788711	0.211289	1.09236
23790	-2620.712	-2723.174	102.4626	1.271434	1.842159	0.4739989	0.769779	0.230221	1.330703
23796	-2625.001	-2727.774	102.7736	1.1459	1.911868	0.3401287	0.837687	0.162313	1.352802
23802	-2620.913	-2724.339	103.4262	1.341472	1.33725	0.2720038	0.823406	0.176594	1.106377
23808	-2623.243	-2726.398	103.1547	1.220748	1.33725	0.3577885	0.798264	0.201736	1.277101
23814	-2626.559	-2729.957	103.3976	1.802416	1.176925	0.3220128	0.736509	0.263491	0.544474
23820	-2631.844	-2735.135	103.2908	1.85958	1.176925	0.3463853	0.731736	0.268264	0.4852853
23826	-2628.663	-2731.833	103.17	1.954719	1.176925	0.3463853	0.72457	0.27543	0.3944071
23832	-2637.427	-2739.968	102.5404	2.265496	1.478789	0.2909885	0.772501	0.227499	0.2350062
23838	-2627.229	-2729.7	102.471	2.166846	1.311742	0.4375142	0.739646	0.260354	0.2371721
23844	-2625.808	-2728.492	102.6838	2.166846	1.456127	0.295799	0.715487	0.284513	0.2537132
23850	-2636.548	-2739.13	102.5815	2.214352	1.28395	0.3815728	0.734745	0.265255	0.2510114
23856	-2638.532	-2741.474	102.9427	2.214352	0.8618622	0.3815728	0.757223	0.242777	0.2312843
23862	-2635.274	-2739.178	103.9038	1.810547	0.9435042	0.1896406	0.792729	0.207271	0.6897603
23868	-2624.188	-2727.465	103.2766	1.730315	1.397654	0.3180413	0.677847	0.322153	0.6152986
23874	-2626.748	-2730.36	103.6117	1.556379	1.05513	0.3180413	0.724801	0.275199	0.8344145
23880	-2632.268	-2735.786	103.5176	1.510996	1.33709	0.272409	0.724801	0.275199	0.8344145
23886	-2635.113	-2738.687	103.5738	1.413321	0.9962569	0.3832176	0.735467	0.264533	0.9498984
23892	-2633.495	-2737.232	103.737	1.413321	0.9962569	0.2702897	0.740675	0.259325	1.037489
23898	-2639.291	-2742.444	103.1523	1.350235	1.505807	0.2702897	0.884387	0.115613	1.229106
23904	-2634.771	-2738.111	103.3394	2.171185	0.7243784	0.3161341	0.678607	0.321393	0.2557141
23910	-2630.339	-2733.642	103.3036	2.258439	0.7569456	0.2731061	0.714281	0.285719	0.2508998
23916	-2629.761	-2732.849	103.0884	2.298173	0.7569456	0.314677	0.714281	0.285719	0.2170322
23922	-2622.757	-2725.281	102.5239	2.256618	1.280544	0.3783178	0.753852	0.246148	0.2391887
23928	-2623.078	-2726.016	102.9374	2.256618	0.940109	0.3464292	0.753852	0.246148	0.2545612
23934	-2623.897	-2727.133	103.2361	2.173281	0.940109	0.254254	0.72444	0.27556	0.2545612
23940	-2621.202	-2724.445	103.2435	2.173281	0.940109	0.254254	0.734259	0.265741	0.2584586
23946	-2632.864	-2736.177	103.3123	2.174148	0.940109	0.264066	0.734259	0.265741	0.323799
23952	-2632.964	-2736.532	103.5679	1.958091	0.940109	0.264066	0.716824	0.283176	0.3680558
23958	-2633.114	-2736.112	102.9983	1.863767	0.9836152	0.6152191	0.773997	0.226003	0.4395749
23964	-2626.911	-2729.96	103.0492	1.99632	1.257254	0.3436808	0.786044	0.213956	0.3690937
23970	-2626.952	-2730.527	103.5745	1.520827	1.086364	0.3396338	0.856007	0.143993	0.8290591
23976	-2631.892	-2735.529	103.6372	1.494614	0.9695716	0.3396338	0.806693	0.193307	0.9201602
23982	-2631.975	-2735.482	103.5073	1.383108	1.436402	0.2985691	0.747098	0.252902	0.8315816
23988	-2627.24	-2730.381	103.1413	1.432007	1.436402	0.3854725	0.85505	0.14495	0.9780146
23994	-2629.614	-2733.052	103.4378	1.495632	1.436402	0.2506851	0.783179	0.216821	0.9193204
24000	-2624.493	-2727.859	103.3654	1.520236	1.466284	0.2756905	0.804163	0.195837	0.8764438
24006	-2620.338	-2723.605	103.2669	1.4275	1.466284	0.3321681	0.796885	0.203115	0.9436308
24012	-2632.099	-2735.071	102.972	1.520794	1.633737	0.4012048	0.849003	0.150997	0.8775146
24018	-2635.819	-2739.182	103.3633	1.452073	1.346302	0.3255098	0.76869	0.23131	0.9289335
24024	-2626.696	-2729.482	102.7868	1.932035	1.503227	0.4218909	0.783168	0.216832	0.4065808
24030	-2653.186	-2756.882	103.6962	1.391714	1.187077	0.2743293	0.868448	0.131552	0.9070282
24036	-2647.886	-2750.909	103.0221	1.351869	1.714543	0.3915184	0.853618	0.146382	0.9682845
24042	-2624.516	-2727.967	103.4519	1.9133	1.013862	0.3056151	0.836575	0.163425	0.3906431
24048	-2621.356	-2724.616	103.2606	2.005498	0.9814078	0.3575367	0.718068	0.281932	0.3629315
24054	-2642.529	-2745.901	103.3724	1.894959	1.124226	0.3099186	0.809548	0.190452	0.4292647
24060	-2630.418	-2733.855	103.4369	1.732625	1.060453	0.3895441	0.743746	0.256254	0.4881661
24066	-2625.689	-2729.419	103.73	1.79177	1.060453	0.2355103	0.680936	0.319064	0.5235632
24072	-2628.111	-2731.928	103.8167	1.512394	1.060453	0.2668941	0.794693	0.205307	0.7752521
24078	-2631.219	-2735.073	103.8537	1.57124	1.060453	0.2330498	0.761222	0.238778	0.7647037
24084	-2636.768	-2741.19	104.4222	1.205908	0.6022113	0.2085873	0.713812	0.286188	1.182729
24090	-2636.216	-2739.454	103.2382	1.43097	1.414396	0.3529251	0.815645	0.184355	0.964839
24096	-2630.055	-2734.153	104.098	1.472567	0.8245518	0.2736161	0.712815	0.287185	0.7596264
24102	-2632.449	-2735.8	103.3515	1.079486	1.196781	0.2651948	0.843933	0.156067	1.491223
24108	-2628.198	-2731.666	103.4678	0.9971183	1.196781	0.2402538	0.747718	0.252282	1.514337
24114	-2628.245	-2731.316	103.0709	0.9743769	1.297002	0.2607543	0.803053	0.196947	1.718134
24120	-2622.297	-2725.919	103.6228	0.8836449	0.8889191	0.2724158	0.767756	0.232244	1.642671
24126	-2628.736	-2732.359	103.6233	0.9694839	0.8153719	0.3502417	0.785619	0.214381	1.510165
24132	-2632.885	-2735.718	102.8325	1.065141	1.394101	0.3404667	0.769401	0.230599	1.6355
24138	-2623.941	-2726.715	102.7743	1.139064	1.219913	0.4356096	0.741546	0.258454	1.591322
24144	-2622.128	-2725.092	102.9634	1.056629	1.116429	0.4356096	0.744939	0.255061	1.580611
24150	-2643.2	-2746.506	103.3063	1.206888	1.380246	0.2029044	0.704165	0.295835	1.442819
24156	-2638.76	-2742.192	103.4321	1.110554	1.12787	0.2029044	0.710701	0.289299	1.580099
24162	-2634.403	-2737.263	102.8606	0.9843572	1.250571	0.2258151	0.768255	0.231745	1.946449
24168	-2631.65	-2734.161	102.5109	0.9104979	1.250571	0.4124119	0.819638	0.180362	1.946449
24174	-2632.006	-2735.004	102.998	0.9172739	0.9115576	0.3170006	0.73384	0.26616	1.962374
24180	-2624.616	-2728.029	103.413	1.066093	0.7916585	0.3703227	0.824498	0.175502	1.584109
24186	-2635.778	-2739.256	103.478	0.9796702	0.9097436	0.3703227	0.817052	0.182948	1.501333
24192	-2629.635	-2732.942	103.3072	1.057445	1.359991	0.2956459	0.786622	0.213378	1.381217
24198	-2628.136	-2731.064	102.9275	1.06295	1.134789	0.2919776	0.77684	0.22316	1.800681
24204	-2640.001	-2744.357	104.3554	1.339987	0.5022197	0.3655808	0.787021	0.212979	0.8987047
24210	-2629.224	-2732.699	103.4752	1.396182	1.405194	0.3121505	0.827574	0.172426	0.8460259
24216	-2630.626	-2734.166	103.5401	1.443417	1.226159	0.3121505	0.798552	0.201448	0.8855705
24222	-2625.45	-2729.289	103.8398	1.62443	0.8181003	0.3121505	0.705867	0.294133	0.7913994
24228	-2622.07	-2726.098	104.0281	1.694914	0.7865474	0.2563619	0.728783	0.271217	0.6480623
24234	-2634.897	-2739.326	104.4285	1.388047	0.6168675	0.208538	0.776774	0.223226	0.988216
24240	-2627.836	-2732.492	104.6561	1.245481	0.5093795	0.2026415	0.709323	0.290677	1.081175
24246	-2627.336	-2731.035	103.6988	1.30258	1.108987	0.2679955	0.838913	0.161087	1.081175
24252	-2625.018	-2728.55	103.5317	1.178855	1.050333	0.3301785	0.8696	0.1304	1.256886
24258	-2627.234	-2730.221	102.9876	1.378206	1.631048	0.3301785	0.789145	0.210855	1.149892
24264	-2625.358	-2728.665	103.307	1.257319	1.441609	0.3560643	0.744732	0.255268	1.042085
24270	-2619.301	-2722.99	103.6887	1.097251	0.8683024	0.3560643	0.755131	0.244869	1.303989
24276	-2619.813	-2722.936	103.123	1.09837	0.9496583	0.3560643	0.747955	0.252045	1.664714
24282	-2627.514	-2730.261	102.7466	1.070612	1.635389	0.2807112	0.811682	0.188318	1.664714
24288	-2643.187	-2745.533	102.3457	1.153964	1.658578	0.4469146	0.822916	0.177084	1.634126
24294	-2623.878	-2727.825	103.9471	1.539664	0.8916482	0.2862817	0.791006	0.208994	0.7256612
24300	-2621.761	-2725.569	103.8081	1.52017	0.9583492	0.3008014	0.869943	0.130057	0.8029883
24306	-2621.226	-2725.105	103.8793	1.388388	0.9583492	0.3008014	0.734133	0.265867	0.877906
24312	-2624.178	-2727.885	103.7072	1.50365	0.9583492	0.3558886	0.829433	0.170567	0.798022
24318	-2621.573	-2725.437	103.8637	1.438286	0.943424	0.3291157	0.75424	0.24576	0.7726545
24324	-2620.375	-2723.937	103.5617	1.54445	1.168388	0.3291157	0.737405	0.262595	0.7422437
24330	-2621.969	-2726.108	104.1392	1.370117	0.6636884	0.3291157	0.737037	0.262963	0.9239716
24336	-2620.685	-2724.678	103.9924	1.422016	0.8942957	0.2464735	0.761011	0.238989	0.9396676
24342	-2624.554	-2728.146	103.5922	1.48895	1.242515	0.2464735	0.742361	0.257639	0.9396676
24348	-2632.422	-2735.996	103.5742	1.404205	1.368258	0.2464735	0.757846	0.242154	0.9396676
24354	-2640.457	-2744.363	103.9061	1.341782	1.090662	0.2187903	0.738044	0.261956	0.9856696
24360	-2630.726	-2734.595	103.8692	1.325237	0.9760343	0.2819692	0.817898	0.182102	0.9856696
24366	-2630.969	-2734.606	103.6369	1.510122	0.9760343	0.3287317	0.798933	0.201067	0.9222011
24372	-2626.029	-2730.336	104.3067	1.524176	0.5954303	0.2539633	0.75279	0.24721	0.8710893
24378	-2625.86	-2729.848	103.988	1.543669	0.8268382	0.2539633	0.774603	0.225397	0.8710893
24384	-2634.591	-2738.725	104.1343	1.544506	0.8268382	0.2539633	0.708142	0.291858	0.6547723
24390	-2635.924	-2739.981	104.0569	1.289877	0.8234556	0.2592597	0.636518	0.363482	1.053925
24396	-2631.794	-2735.196	103.4021	1.364342	1.223335	0.3840245	0.717326	0.282674	0.9590254
24402	-2645.227	-2748.236	103.0094	1.469132	2.016964	0.2635844	0.817646	0.182354	0.9590254
24408	-2645.016	-2748.152	103.1354	1.350442	1.472282	0.3841645	0.787613	0.212387	1.04053
24414	-2621.864	-2725.746	103.8822	1.551032	0.8996146	0.3065701	0.694273	0.305727	0.7210804
24420	-2636.728	-2740.098	103.3706	1.392137	1.472282	0.3222055	0.823214	0.176786	0.8875955
24426	-2643.715	-2746.576	102.8608	1.342568	1.472282	0.4391139	0.809095	0.190905	1.20194
24432	-2632.396	-2735.767	103.3704	1.283317	1.472282	0.2397501	0.757101	0.242899	1.188567
24438	-2637.484	-2740.037	102.553	1.406744	2.677284	0.2397501	0.850146	0.149854	1.182909
24444	-2627.061	-2730.336	103.2742	1.295476	1.498124	0.3016935	0.801198	0.198802	1.109405
24450	-2622.846	-2725.943	103.0966	1.195919	1.498124	0.29686	0.784743	0.215257	1.352776
24456	-2626.762	-2729.953	103.1919	1.179623	1.559283	0.3011211	0.840679	0.159321	1.24446
24462	-2633.959	-2736.542	102.5824	1.323681	2.252405	0.3698177	0.842382	0.157618	1.150665
24468	-2629.231	-2732.586	103.3551	1.385625	1.365147	0.2786642	0.746283	0.253717	1.095696
24474	-2618.788	-2721.983	103.195	1.43807	1.435452	0.3010133	0.835984	0.164016	1.095696
24480	-2619.845	-2723.647	103.8016	1.384388	1.082383	0.2296602	0.708976	0.291024	1.024795
24486	-2625.283	-2729.605	104.3219	1.300758	0.6093793	0.2989583	0.668656	0.331344	0.9566491
24492	-2616	-2719.789	103.7882	1.259284	0.8709812	0.2368662	0.624958	0.375042	1.317812
24498	-2622.152	-2725.318	103.1662	1.077381	0.9659852	0.3561692	0.711164	0.288836	1.63651
24504	-2634.912	-2738.683	103.7704	1.249914	0.6547075	0.2967784	0.77237	0.22763	1.429438
24510	-2630.199	-2734.456	104.2571	1.027467	0.610647	0.2781598	0.712865	0.287135	1.30483
24516	-2629.277	-2732.358	103.0811	1.094614	1.164595	0.2781598	0.790495	0.209505	1.675104
24522	-2636.194	-2739.381	103.1871	1.196899	1.222836	0.3737867	0.69794	0.30206	1.320715
24528	-2632.73	-2736.02	103.2897	1.104763	1.222836	0.2696046	0.845895	0.154105	1.493458
24534	-2624.423	-2727.703	103.2792	1.26568	1.645209	0.2696046	0.806705	0.193295	1.107357
24540	-2628.101	-2731.845	103.7444	1.36137	0.9683456	0.2696046	0.704036	0.295964	1.107357
24546	-2625.036	-2728.413	103.377	1.27723	1.17698	0.3847384	0.752129	0.247871	1.105878
24552	-2623.056	-2726.321	103.2653	1.537953	1.50426	0.3113918	0.809771	0.190229	0.8403459
24558	-2634.076	-2737.485	103.4091	1.467731	1.50426	0.3113918	0.797983	0.202017	0.7398259
24564	-2645.062	-2747.865	102.8025	1.375539	1.402097	0.4840265	0.798194	0.201806	1.201949
24570	-2637.453	-2740.848	103.3949	1.384582	1.505943	0.2102363	0.739189	0.260811	1.128451
24576	-2631.891	-2736.177	104.2857	1.131438	0.5172866	0.2576781	0.800283	0.199717	1.35351
24582	-2639.865	-2743.937	104.0716	1.274309	0.7724087	0.2395352	0.613058	0.386942	1.157035
24588	-2630.831	-2734.399	103.568	1.114734	0.8434597	0.4455934	0.755369	0.244631	1.270032
24594	-2623.137	-2726.858	103.7211	1.410991	0.8894924	0.3229413	0.75548	0.24452	1.043396
24600	-2626.032	-2729.227	103.1952	1.388071	1.226394	0.3229413	0.712274	0.287726	1.243002
24606	-2630.948	-2734.482	103.5334	1.309703	1.226063	0.3229413	0.792314	0.207686	1.008875
24612	-2635.135	-2738.086	102.9517	1.22645	1.644638	0.3229413	0.734015	0.265985	1.313577
24618	-2629.632	-2733.314	103.6822	1.298013	0.8549536	0.4217697	0.80435	0.19565	1.03344
24624	-2638.853	-2742.216	103.3636	1.327222	0.8549536	0.3930096	0.685152	0.314848	1.332652
24630	-2623.211	-2726.427	103.2164	1.262617	0.9835667	0.4326192	0.778626	0.221374	1.332652
24636	-2621.585	-2725.141	103.556	0.9472312	0.6509652	0.3306288	0.697513	0.302487	1.75469
24642	-2621.128	-2723.792	102.6634	1.152634	1.345404	0.3306288	0.693878	0.306122	1.735969
24648	-2627.428	-2730.206	102.7776	1.120527	1.29004	0.3306288	0.779106	0.220894	1.709778
24654	-2628.642	-2731.661	103.0194	1.066047	1.29004	0.3306288	0.832696	0.167304	1.575104
24660	-2629.434	-2732.561	103.1275	1.177361	1.254847	0.4219376	0.741689	0.258311	1.28724
24666	-2625.097	-2728.473	103.3754	1.101839	1.185456	0.2716695	0.758129	0.241871	1.451478
24672	-2626.209	-2729.858	103.6485	1.151585	0.9856086	0.2778079	0.796025	0.203975	1.334614
24678	-2622.023	-2725.559	103.5362	1.101611	0.9856086	0.2778079	0.802031	0.197969	1.460967
24684	-2628.833	-2731.957	103.1237	1.109644	0.965547	0.398171	0.802031	0.197969	1.583185
24690	-2622.46	-2725.544	103.084	1.145083	1.307057	0.2655893	0.802031	0.197969	1.571283
24696	-2627.211	-2730.842	103.6317	1.167662	1.198808	0.2655893	0.6956	0.3044	1.194861
24702	-2639.548	-2743.691	104.1433	1.550564	0.6727623	0.3274007	0.766063	0.233937	0.6568634
24708	-2630.815	-2735.003	104.1879	1.584744	0.8909161	0.1590353	0.753038	0.246962	0.8316661
24714	-2617.757	-2720.805	103.0483	1.214654	1.286844	0.4115553	0.776277	0.223723	1.315344
24720	-2623.372	-2726.568	103.1961	1.33413	1.436264	0.3543466	0.884342	0.115658	1.081524
24726	-2626.463	-2730.382	103.9186	1.362548	0.7726033	0.2987335	0.668195	0.331805	1.081524
24732	-2638.775	-2742.551	103.7756	1.568265	1.092931	0.2366589	0.811429	0.188571	0.8197447
24738	-2625.961	-2729.324	103.3627	1.486803	1.092931	0.4316301	0.722405	0.277595	0.8973828
24744	-2625.224	-2728.332	103.1079	1.402655	1.932321	0.3084073	0.791395	0.208605	0.8593535
24750	-2621.734	-2724.923	103.1892	1.34432	1.588084	0.3084073	0.819271	0.180729	1.068803
24756	-2624.281	-2727.534	103.2528	1.248704	1.588084	0.3309711	0.834826	0.165174	1.051309
24762	-2638.29	-2741.492	103.2016	1.45278	1.30031	0.3616704	0.711982	0.288018	1.051309
24768	-2629.003	-2732.091	103.0877	1.517589	1.527504	0.3616704	0.731966	0.268034	0.9237487
24774	-2624.868	-2727.942	103.0741	1.400227	1.527504	0.3577521	0.755339	0.244661	1.063912
24780	-2627.298	-2730.645	103.3472	1.580458	1.264457	0.3577521	0.813257	0.186743	0.7918362
24786	-2619.695	-2723.078	103.3829	1.34945	1.264457	0.3577521	0.716032	0.283968	1.012298
24792	-2623.415	-2727.562	104.1473	1.401032	0.70507	0.2538347	0.581548	0.418452	1.012298
24798	-2627.199	-2730.805	103.606	1.50286	1.109601	0.2538347	0.800565	0.199435	1.012298
24804	-2631.143	-2734.583	103.4403	1.547795	1.109601	0.3783503	0.762625	0.237375	0.8356418
24810	-2624.553	-2727.767	103.2135	1.431131	1.30738	0.432217	0.766834	0.233166	0.9158906
24816	-2618.566	-2721.928	103.362	1.367985	1.30738	0.3828139	0.717612	0.282388	0.9255192
24822	-2618.381	-2721.765	103.3842	1.480161	1.30738	0.3828139	0.757899	0.242101	0.7594662
24828	-2619.941	-2723.596	103.6547	1.622718	1.066967	0.2899881	0.799414	0.200586	0.7594662
24834	-2626.685	-2730.517	103.8317	1.598047	1.066967	0.2418703	0.810174	0.189826	0.7107112
24840	-2623.482	-2727.433	103.9511	1.52288	1.032386	0.2250811	0.739735	0.260265	0.7648015
24846	-2629.605	-2733.301	103.6967	1.383207	1.032386	0.3653343	0.739735	0.260265	0.8454287
24852	-2636.066	-2739.354	103.2882	1.651687	1.520109	0.2966597	0.748394	0.251606	0.6698479
24858	-2627.684	-2730.88	103.1967	1.729504	1.520109	0.3154151	0.778792	0.221208	0.6004993
24864	-2617.167	-2720.29	103.1223	1.693006	1.520109	0.3732085	0.82805	0.17195	0.5541368
24870	-2624.288	-2727.142	102.8538	1.688781	1.8181	0.402804	0.785306	0.214694	0.601597
24876	-2624.164	-2727.536	103.3716	1.696364	1.115982	0.402804	0.768549	0.231451	0.6177612
24882	-2633.811	-2737.253	103.4422	1.630142	1.115982	0.40056	0.728878	0.271122	0.6177612
24888	-2638.406	-2742.061	103.6552	1.646625	0.9263837	0.3883446	0.723354	0.276646	0.5527805
24894	-2633.887	-2737.62	103.733	1.405757	0.8835519	0.3871151	0.774758	0.225242	0.9052204
24900	-2632.498	-2735.9	103.4018	1.541157	1.179124	0.3996859	0.605727	0.394273	0.7553826
24906	-2629.467	-2732.845	103.3784	1.581321	1.19699	0.3990411	0.808065	0.191935	0.7058389
24912	-2628.41	-2731.225	102.8147	1.258545	2.29753	0.3402853	0.822099	0.177901	1.031126
24918	-2619.952	-2722.863	102.911	1.361791	2.062348	0.3402853	0.814855	0.185145	0.9602133
24924	-2620.613	-2723.73	103.1179	1.327783	1.646991	0.3402853	0.814855	0.185145	1.046349
24930	-2631.418	-2734.384	102.9656	1.377888	1.646991	0.3402853	0.742596	0.257404	1.140551
24936	-2633.274	-2737.091	103.817	1.377888	0.9108103	0.3402853	0.766271	0.233729	0.916965
24942	-2626.793	-2729.934	103.1417	1.562521	1.555685	0.3620365	0.795533	0.204467	0.7777211
24948	-2633.301	-2736.749	103.4473	1.562521	1.449717	0.2804374	0.828903	0.171097	0.7081156
24954	-2621.601	-2725.271	103.6696	1.520068	0.9707279	0.3286062	0.741237	0.258763	0.8807225
24960	-2622.564	-2725.858	103.2939	1.343315	1.407487	0.3895488	0.842987	0.157013	0.9255951
24966	-2631.051	-2734.306	103.2543	1.450684	1.127657	0.3895488	0.743599	0.256401	1.091224
24972	-2619.923	-2723.235	103.3122	1.367613	1.203199	0.3895488	0.739757	0.260243	1.051738
24978	-2620.896	-2723.912	103.0156	1.322125	1.376175	0.4905112	0.735221	0.264779	1.067394
24984	-2630.317	-2733.756	103.4394	1.120609	1.277238	0.3311696	0.735221	0.264779	1.211124
24990	-2626.447	-2729.874	103.4275	1.241282	1.178646	0.3311696	0.786735	0.213265	1.190271
24996	-2626.104	-2729.518	103.4139	1.445958	1.199369	0.3311696	0.717577	0.282423	0.9971705
25002	-2631.251	-2734.354	103.1025	1.311721	1.429092	0.3880421	0.781258	0.218742	1.130087
25008	-2631.634	-2734.827	103.1932	1.369366	1.999412	0.2475297	0.866367	0.133633	0.9245705
25014	-2634.102	-2737.661	103.5588	1.476687	1.363565	0.2317923	0.760286	0.239714	0.9245705
25020	-2623.771	-2726.762	102.9913	1.315396	1.552262	0.3622104	0.793732	0.206268	1.190365
25026	-2623.854	-2727.249	103.3948	1.216268	1.224948	0.3391819	0.755906	0.244094	1.190365
25032	-2639.714	-2742.988	103.2743	1.387216	1.338472	0.3391819	0.755906	0.244094	1.06009
25038	-2636.585	-2739.792	103.2063	1.33238	1.338472	0.3229692	0.769177	0.230823	1.202071
25044	-2632.813	-2736.146	103.3331	1.417444	1.514237	0.2351309	0.852976	0.147024	1.085704
25050	-2631.584	-2734.424	102.8404	1.355801	2.162399	0.2783007	0.782104	0.217896	1.116857
25056	-2638.708	-2741.378	102.6704	1.373392	1.988976	0.3690903	0.80262	0.19738	1.160808
25062	-2623.657	-2727.317	103.6595	1.136041	0.9990171	0.3091765	0.817432	0.182568	1.267123
25068	-2616.196	-2719.838	103.6422	1.125336	0.9990171	0.2450958	0.738736	0.261264	1.414973
25074	-2628.78	-2731.689	102.9096	1.269541	0.9990171	0.4132144	0.819367	0.180633	1.576968
25080	-2623.244	-2726.622	103.3773	1.107134	1.106352	0.2808168	0.777	0.223	1.483138
25086	-2634.955	-2738.15	103.1949	1.25654	1.106352	0.3561679	0.763931	0.236069	1.378335
25092	-2633.686	-2736.097	102.4109	1.032293	1.54521	0.4283224	0.701659	0.298341	1.754214
25098	-2629.221	-2732.176	102.955	1.325338	1.54521	0.373291	0.701659	0.298341	1.198002
25104	-2627.02	-2730.077	103.0574	1.407426	1.449554	0.4045185	0.750274	0.249726	1.039093
25110	-2639.323	-2742.859	103.5356	1.434046	1.322687	0.2827532	0.901004	0.0989965	0.8883049
25116	-2634.3	-2738.221	103.9211	1.444826	1.094618	0.2004662	0.745845	0.254155	0.9134171
25122	-2640.785	-2744.175	103.3902	1.27378	1.3703	0.3036005	0.837546	0.162454	1.108024
25128	-2647.859	-2751.23	103.3705	1.32412	1.093853	0.4276583	0.69448	0.30552	1.062461
25134	-2635.872	-2739.27	103.3979	1.389581	1.093853	0.4276583	0.69448	0.30552	0.9710849
25140	-2638.957	-2742.475	103.5183	1.389581	1.278768	0.3158429	0.85445	0.14555	0.911467
25146	-2636.848	-2740.527	103.6793	1.36853	1.29645	0.2488067	0.758713	0.241287	0.9203641
25152	-2639.559	-2743.441	103.8816	1.501343	0.8448366	0.3462194	0.691899	0.308101	0.7573378
25158	-2631.166	-2734.727	103.5612	1.585438	1.211865	0.2929191	0.792837	0.207163	0.7481378
25164	-2627.42	-2730.8	103.3805	1.585438	1.315772	0.353467	0.798894	0.201106	0.6795312
25170	-2625.852	-2729.94	104.0881	1.144922	0.7906707	0.2178586	0.756636	0.243364	1.284823
25176	-2622.936	-2726.943	104.0077	1.178871	0.7405339	0.3037573	0.785565	0.214435	1.190837
25182	-2639.451	-2742.996	103.5455	1.509413	1.002528	0.3533901	0.632679	0.367321	0.9357556
25188	-2634.128	-2737.606	103.4779	1.276566	1.172309	0.3533901	0.77482	0.22518	1.076023
25194	-2625.545	-2728.89	103.3454	1.359569	1.058353	0.4324789	0.778408	0.221592	1.076023
25200	-2630.365	-2733.68	103.3153	1.46787	1.292539	0.4146998	0.717484	0.282516	0.8035241
25206	-2629.876	-2733.177	103.3016	1.493335	1.292539	0.3888071	0.77968	0.22032	0.8515535
25212	-2625.656	-2728.724	103.0675	1.421237	1.767819	0.2921935	0.796931	0.203069	1.032022
25218	-2627.03	-2730.76	103.7301	1.297238	1.224025	0.2165972	0.769458	0.230542	1.08929
25224	-2625.654	-2729.079	103.4257	1.510379	1.38941	0.3055172	0.804853	0.195147	0.7983691
25230	-2628.988	-2732.538	103.5497	1.490742	1.15441	0.3355609	0.740963	0.259037	0.8304803
25236	-2636.539	-2740.013	103.4733	1.332224	1.425664	0.2813794	0.804171	0.195829	0.9814133
25242	-2632.691	-2736.025	103.3337	1.270701	1.141894	0.320707	0.836482	0.163518	1.291105
25248	-2638.445	-2741.84	103.3946	1.234394	1.141894	0.320707	0.836064	0.163936	1.270936
25254	-2639.946	-2743.751	103.8046	1.558673	0.8296889	0.3516112	0.755121	0.244879	0.7932985
25260	-2627.189	-2731.086	103.8973	1.596667	0.812461	0.3474578	0.785726	0.214274	0.6152162
25266	-2618.019	-2721.198	103.1796	1.480865	1.545118	0.3839177	0.814344	0.185656	0.787632
25272	-2623.901	-2726.747	102.8461	1.559683	1.953393	0.3542321	0.822651	0.177349	0.8497023
25278	-2628.259	-2731.778	103.5185	1.440789	1.070227	0.3159366	0.727091	0.272909	1.047861
25284	-2629.609	-2733.347	103.7385	1.52039	0.9452348	0.3159366	0.753851	0.246149	0.863494
25290	-2623.905	-2727.514	103.6095	1.536833	1.134539	0.3159366	0.778549	0.221451	0.7710688
25296	-2631.919	-2735.762	103.8427	1.500802	0.9527127	0.3159366	0.750106	0.249894	0.7404124
25302	-2627.589	-2730.591	103.0021	1.479747	1.764735	0.4159223	0.719997	0.280003	0.7404124
25308	-2623.645	-2727.156	103.5111	1.660405	0.9857923	0.3951924	0.727448	0.272552	0.6950509
25314	-2620.69	-2724.563	103.8733	1.531046	0.8545743	0.3361136	0.747787	0.252213	0.7412074
25320	-2621.509	-2725.658	104.1487	1.405803	0.8545743	0.231998	0.731423	0.268577	0.8757663
25326	-2628.208	-2732.235	104.0271	1.252561	0.8545743	0.2667961	0.634685	0.365315	1.065803
25332	-2622.235	-2726.219	103.9837	1.34535	0.8545743	0.2530526	0.667879	0.332121	1.052279
25338	-2623.962	-2727.501	103.5393	1.431642	1.22957	0.3255956	0.830123	0.169877	0.861706
25344	-2626.421	-2729.588	103.167	1.407667	1.22957	0.4381848	0.816888	0.183112	1.042882
25350	-2641.7	-2745.254	103.5545	1.188774	0.8518703	0.2854771	0.710725	0.289275	1.475086
25356	-2628.133	-2731.78	103.6465	1.001829	0.8518703	0.3267009	0.825376	0.174624	1.475086
25362	-2628.116	-2731.65	103.5342	1.174426	0.8518703	0.3267009	0.776076	0.223924	1.429137
25368	-2617.653	-2720.712	103.0587	1.231172	1.268121	0.2632784	0.732637	0.267363	1.55457
25374	-2625.883	-2728.754	102.8713	1.289577	1.586457	0.4075431	0.817731	0.182269	1.217631
25380	-2632.347	-2735.327	102.9799	1.289577	1.532708	0.3478962	0.815817	0.184183	1.258932
25386	-2627.327	-2730.469	103.1421	1.431237	1.36501	0.3478962	0.766908	0.233092	1.105149
25392	-2630.462	-2733.512	103.0494	0.9352072	1.36938	0.3123709	0.779197	0.220803	1.631488
25398	-2630.543	-2733.19	102.6471	0.9298306	1.328081	0.3123709	0.775107	0.224893	1.937814
25404	-2623.865	-2727.432	103.5671	1.540652	1.147907	0.337387	0.769981	0.230019	0.7403871
25410	-2627.074	-2730.566	103.4923	1.561988	1.2093	0.337387	0.773997	0.226003	0.7391383
25416	-2623.672	-2727.081	103.4096	1.530882	1.2093	0.4121582	0.740881	0.259119	0.6759251
25422	-2623.065	-2726.492	103.4266	1.592237	1.2093	0.3608705	0.689333	0.310667	0.7166259
25428	-2617.389	-2720.847	103.4581	1.422508	1.268476	0.3608705	0.765704	0.234296	0.8399201
25434	-2622.672	-2725.979	103.3072	1.3136	1.288881	0.3608705	0.82869	0.17131	1.093121
25440	-2617.893	-2721.073	103.1799	1.377875	1.57554	0.3256999	0.747751	0.252249	1.016564
25446	-2623.189	-2726.433	103.2435	1.224328	1.57554	0.3256999	0.75009	0.24991	1.101816
25452	-2623.341	-2726.661	103.3197	1.259827	1.087487	0.3852965	0.68302	0.31698	1.241126
25458	-2633.553	-2736.442	102.889	1.405001	1.857682	0.3852965	0.7695	0.2305	0.9687351
25464	-2633.285	-2735.979	102.6945	1.271704	1.831367	0.291533	0.745913	0.254087	1.440609
25470	-2625.512	-2728.496	102.9842	1.294644	1.831367	0.3595656	0.773092	0.226908	1.051539
25476	-2626.678	-2729.869	103.1907	1.282869	1.368681	0.340425	0.754651	0.245349	1.204709
25482	-2615.324	-2718.378	103.0541	1.40491	1.368681	0.4477638	0.754357	0.245643	1.027715
25488	-2615.115	-2718.278	103.1625	1.384999	1.368681	0.33668	0.763541	0.236459	1.147396
25494	-2616.739	-2720.027	103.2876	1.421986	1.368681	0.33668	0.724178	0.275822	0.9951866
25500	-2619.582	-2722.633	103.0515	1.369818	1.44196	0.3098298	0.741805	0.258195	1.258041
25506	-2617.26	-2720.457	103.197	1.430028	1.432415	0.3098298	0.755213	0.244787	1.084641
25512	-2623.205	-2726.034	102.8289	1.420679	1.969643	0.3098298	0.743479	0.256521	1.100927
25518	-2619.28	-2722.231	102.9512	1.013153	1.408959	0.2430077	0.816828	0.183172	1.744846
25524	-2622.34	-2725.335	102.995	1.035002	1.12017	0.3706849	0.764856	0.235144	1.66104
25530	-2633.507	-2736.973	103.4668	1.148857	1.058329	0.2598419	0.780519	0.219481	1.457564
25536	-2636.32	-2740.394	104.0745	1.081291	0.5966537	0.2598419	0.729237	0.270763	1.457564
25542	-2629.159	-2731.653	102.4944	0.9585716	1.656975	0.3546622	0.773377	0.226623	1.793508
25548	-2630.062	-2732.485	102.4233	1.029668	1.656975	0.3546622	0.734439	0.265561	1.793508
25554	-2628.449	-2731.948	103.4992	1.189942	0.8620919	0.3546622	0.854356	0.145644	1.388883
25560	-2637.011	-2739.472	102.4619	1.13263	1.423049	0.3948148	0.807011	0.192989	1.756016
25566	-2641.973	-2745.037	103.0643	1.251166	1.511268	0.3770862	0.936739	0.0632615	1.18226
25572	-2637.399	-2740.103	102.7036	1.328144	1.511268	0.4139074	0.663601	0.336399	1.357459
25578	-2631.168	-2734.633	103.4651	1.361366	0.9701748	0.3391926	0.795409	0.204591	1.209897
25584	-2626.472	-2729.859	103.3869	1.262302	1.150539	0.2885438	0.795409	0.204591	1.308669
25590	-2626.023	-2728.986	102.9625	1.436281	1.150539	0.5240275	0.75179	0.24821	1.1347
25596	-2620.13	-2724.029	103.8993	1.467115	0.8569093	0.2753398	0.793514	0.206486	0.9563369
25602	-2622.603	-2726.364	103.7607	1.454918	0.982539	0.2742907	0.739278	0.260722	0.9764899
25608	-2625.696	-2729.209	103.5135	1.324347	1.086696	0.2442676	0.739278	0.260722	1.293572
25614	-2626.333	-2729.854	103.5216	1.182226	1.086696	0.2981222	0.748648	0.251352	1.293572
25620	-2623.603	-2726.775	103.1715	1.165775	1.310554	0.2981222	0.748648	0.251352	1.428748
25626	-2628.374	-2731.632	103.2574	1.156661	0.9967919	0.401998	0.803174	0.196826	1.418267
25632	-2638.036	-2740.185	102.1495	1.024238	1.638703	0.401998	0.810508	0.189492	1.928191
25638	-2632.629	-2735.294	102.6659	0.9846724	1.638703	0.2818318	0.773175	0.226825	1.778665
25644	-2627.648	-2730.88	103.2317	1.348276	1.377692	0.3048019	0.807945	0.192055	1.175154
25650	-2630.527	-2733.81	103.2828	1.494924	1.377692	0.3048019	0.812027	0.187973	0.9910618
25656	-2616.591	-2719.953	103.3624	1.366495	1.436584	0.3048019	0.800217	0.199783	0.9945136
25662	-2620.316	-2723.233	102.9169	1.40229	1.600271	0.428443	0.800217	0.199783	1.03082
25668	-2620.815	-2724.13	103.315	1.529618	1.265128	0.3504784	0.794368	0.205632	0.9105701
25674	-2626.776	-2730.045	103.2689	1.331634	1.136023	0.3296316	0.823942	0.176058	1.282472
25680	-2636.295	-2739.374	103.0791	1.2462	1.312493	0.3359825	0.747071	0.252929	1.370622
25686	-2629.362	-2732.383	103.0211	1.191617	1.312493	0.3359825	0.745226	0.254774	1.457682
25692	-2633.539	-2736.452	102.913	1.299788	1.312493	0.3359825	0.704974	0.295026	1.457682
25698	-2628.421	-2731.064	102.6428	1.199877	1.944937	0.3608884	0.773083	0.226917	1.363193
25704	-2626.876	-2729.183	102.3067	1.123599	1.944937	0.4322276	0.830678	0.169322	1.571108
25710	-2633.364	-2736.146	102.782	1.250508	1.67861	0.4322276	0.713195	0.286805	1.233606
25716	-2624.013	-2726.538	102.5248	1.145555	1.716586	0.4322276	0.81351	0.18649	1.499661
25722	-2633.32	-2736.811	103.4916	1.335681	1.120841	0.3379308	0.777024	0.222976	1.082039
25728	-2633.708	-2737.541	103.833	1.465704	1.05338	0.2473589	0.718402	0.281598	0.8852909
25734	-2631.683	-2735.198	103.5149	1.614308	1.469554	0.2473589	0.76401	0.23599	0.5998936
25740	-2635.809	-2738.993	103.1842	1.282392	1.360338	0.2555249	0.758463	0.241537	1.378505
25746	-2632.442	-2735.647	103.2052	1.47272	1.679929	0.3167568	0.758463	0.241537	0.8277928
25752	-2630.222	-2733.447	103.2258	1.306936	1.679929	0.3280899	0.816922	0.183078	0.9639044
25758	-2618.818	-2722.48	103.6622	1.467016	1.130342	0.3280899	0.825761	0.174239	0.7623544
25764	-2608.701	-2711.755	103.0546	1.530495	1.568262	0.4192945	0.815008	0.184992	0.7749424
25770	-2623.073	-2725.98	102.9068	1.765092	1.568262	0.4192945	0.814519	0.185481	0.6199595
25776	-2636.819	-2739.914	103.0952	1.609298	1.890029	0.3014804	0.734888	0.265112	0.6199595
25782	-2627.853	-2731.636	103.7831	1.699728	0.9768067	0.2753185	0.787706	0.212294	0.6060149
25788	-2620.324	-2724.048	103.7238	1.706613	0.9768067	0.3041219	0.787706	0.212294	0.5432219
25794	-2627.246	-2730.364	103.1178	1.501072	1.820232	0.3141535	0.793613	0.206387	0.7932216
25800	-2633.296	-2737.213	103.917	1.72387	0.8406641	0.2754823	0.729819	0.270181	0.5647101
25806	-2635.179	-2738.931	103.7517	1.606737	0.8406641	0.3944011	0.791003	0.208997	0.6346819
25812	-2631.6	-2734.947	103.3469	1.657271	1.198356	0.3944011	0.828733	0.171267	0.6333572
25818	-2625.653	-2729.668	104.0152	1.602449	0.7604309	0.2846273	0.726389	0.273611	0.7629782
25824	-2627.726	-2730.94	103.2143	1.461911	1.126472	0.4852701	0.781461	0.218539	0.949813
25830	-2623.357	-2727.782	104.4253	1.372647	0.5862692	0.2689085	0.704279	0.295721	0.8809401
25836	-2629.578	-2733.062	103.4842	1.392056	1.028121	0.4475737	0.701586	0.298414	0.9046413
25842	-2636.466	-2740.042	103.5767	1.312704	1.028121	0.3498081	0.774929	0.225071	1.082418
25848	-2627.171	-2730.78	103.609	1.344726	1.028121	0.3258182	0.852706	0.147294	1.070721
25854	-2622.343	-2725.923	103.5799	1.883628	1.022485	0.2714789	0.803627	0.196373	0.4631437
25860	-2626.588	-2730.241	103.653	1.737551	1.022485	0.2995546	0.768926	0.231074	0.5669065
25866	-2629.615	-2733.317	103.7014	1.576831	1.022485	0.2995546	0.710217	0.289783	0.7872898
25872	-2630.857	-2734.488	103.6313	1.010332	0.9350019	0.2721307	0.738235	0.261765	1.507967
25878	-2626.473	-2729.92	103.447	1.277453	1.059186	0.3355245	0.820816	0.179184	1.228352
25884	-2629.134	-2731.959	102.8255	1.229595	1.745723	0.3640178	0.747026	0.252974	1.287453
25890	-2623.667	-2727.118	103.4514	1.190785	1.025217	0.3562407	0.742082	0.257918	1.287453
25896	-2626.75	-2730.271	103.5214	1.190769	1.025217	0.2648884	0.719243	0.280757	1.398169
25902	-2620.025	-2723.172	103.1479	1.186364	1.391991	0.3471887	0.721153	0.278847	1.29364
25908	-2633.565	-2736.497	102.932	1.216567	1.999897	0.2519261	0.818458	0.181542	1.29364
25914	-2622.965	-2726.731	103.7661	1.355556	0.7928308	0.3828156	0.751788	0.248212	1.038416
25920	-2632.31	-2736.283	103.9723	1.119596	0.6880808	0.2910313	0.690388	0.309612	1.349104
25926	-2626.599	-2729.662	103.0635	1.205582	1.618844	0.2863713	0.840496	0.159504	1.322666
25932	-2631.693	-2734.563	102.8704	1.219408	1.618844	0.3072453	0.839839	0.160161	1.425088
25938	-2632.271	-2735.475	103.2035	1.217975	1.478498	0.2845791	0.667421	0.332579	1.284122
25944	-2633.851	-2737.728	103.8764	1.067461	0.8966232	0.241201	0.746871	0.253129	1.368693
25950	-2626.539	-2730.218	103.6789	1.509187	1.155903	0.2267384	0.728672	0.271328	0.9628364
25956	-2633.126	-2737.163	104.0371	1.414333	0.8272092	0.2467501	0.61026	0.38974	0.9786006
25962	-2629.068	-2732.66	103.5913	1.61574	1.034383	0.3529959	0.639599	0.360401	0.6974347
25968	-2624.481	-2728.115	103.6338	1.577021	1.034383	0.3529959	0.640444	0.359556	0.6907361
25974	-2628.44	-2731.84	103.4002	1.558906	1.308396	0.3529959	0.808652	0.191348	0.704576
25980	-2627.918	-2731.208	103.2895	1.425573	1.357834	0.3529959	0.64799	0.35201	0.9628179
25986	-2631.836	-2735.362	103.5264	1.528808	0.9776751	0.3529959	0.822024	0.177976	0.9628179
25992	-2628.714	-2731.745	103.031	1.03528	1.012717	0.317017	0.692098	0.307902	1.788293
25998	-2629.455	-2732.859	103.4045	1.144114	1.020408	0.3620419	0.692098	0.307902	1.356848
26004	-2628.188	-2731.292	103.1047	1.207434	1.096916	0.3620419	0.823606	0.176394	1.482865
26010	-2641.016	-2745.111	104.0956	1.662753	0.9166222	0.1652056	0.814271	0.185729	0.7869816
26016	-2638.575	-2742.672	104.0971	1.513203	0.7544554	0.2967453	0.754773	0.245227	0.7419977
26022	-2641.363	-2745.282	103.9184	1.321316	0.9405389	0.2967453	0.713609	0.286391	0.9401226
26028	-2635.29	-2739.089	103.7989	1.258399	0.9405389	0.2967453	0.768103	0.231897	1.117961
26034	-2630.058	-2733.662	103.6034	1.193954	0.9405389	0.2967453	0.789388	0.210612	1.337624
26040	-2626.383	-2730.369	103.9857	1.358776	0.7193148	0.2967453	0.789388	0.210612	1.088526
26046	-2624.471	-2728.453	103.9819	1.353666	0.889089	0.2615377	0.698709	0.301291	0.9869528
26052	-2625.391	-2729.015	103.6241	1.207425	0.9133441	0.2615377	0.690313	0.309687	1.401054
26058	-2630.939	-2734.424	103.485	1.04805	0.929664	0.2655761	0.771936	0.228064	1.604172
26064	-2636.215	-2739.248	103.0328	0.9839571	0.9582085	0.4622187	0.787517	0.212483	1.660139
26070	-2632.456	-2735.485	103.029	1.44483	1.419342	0.3911918	0.75518	0.24482	1.076755
26076	-2630.997	-2734.162	103.1649	1.417369	1.419342	0.3911918	0.699295	0.300705	0.9706159
26082	-2627.797	-2731.063	103.2665	1.085472	1.267111	0.3507207	0.766527	0.233473	1.35428
26088	-2635.046	-2738.29	103.2437	1.140683	1.267111	0.352267	0.77783	0.22217	1.325845
26094	-2627.188	-2730.351	103.1632	1.611189	1.463723	0.3945792	0.674564	0.325436	0.6666278
26100	-2625.522	-2729.123	103.6004	1.628698	0.9597358	0.3945792	0.733408	0.266592	0.6348925
26106	-2618.928	-2722.827	103.8986	1.64952	0.9597358	0.2423246	0.750099	0.249901	0.6872164
26112	-2624.741	-2728.303	103.5615	1.389908	0.9597358	0.4521061	0.800374	0.199626	0.8882248
26118	-2625.646	-2729.554	103.9075	1.285779	0.891142	0.3425206	0.711509	0.288491	0.9365672
26124	-2629.163	-2733.173	104.0098	1.310475	0.67952	0.3313743	0.709133	0.290867	1.086358
26130	-2628.159	-2731.855	103.6958	1.248509	1.008279	0.3313743	0.709133	0.290867	1.086358
26136	-2633.935	-2737.806	103.8703	1.159146	0.7962009	0.3155885	0.714641	0.285359	1.243853
26142	-2632.192	-2735.924	103.7314	1.160964	0.9183105	0.3155885	0.695398	0.304602	1.243853
26148	-2629.909	-2733.456	103.5464	1.278763	0.9915262	0.3155885	0.735639	0.264361	1.236573
26154	-2627.407	-2730.42	103.013	1.266015	1.583943	0.3155885	0.863491	0.136509	1.279164
26160	-2638.435	-2742.007	103.5721	1.722732	1.098537	0.3077234	0.658606	0.341394	0.5827554
26166	-2634.773	-2738.284	103.5117	1.670166	1.233551	0.3016639	0.77946	0.22054	0.6036325
26172	-2629.158	-2732.73	103.5724	1.632543	1.057309	0.3433653	0.842958	0.157042	0.697938
26178	-2628.971	-2732.208	103.2363	1.464467	1.487431	0.365171	0.850341	0.149659	0.838881
26184	-2631.949	-2735.358	103.4095	1.590854	1.487431	0.2584965	0.772455	0.227545	0.7642988
26190	-2629.737	-2732.795	103.0585	1.62088	1.487431	0.4043045	0.757047	0.242953	0.7642988
26196	-2631.401	-2734.713	103.3124	1.582535	1.525943	0.2897969	0.783938	0.216062	0.7642988
26202	-2628.412	-2731.69	103.2776	1.582535	1.287768	0.4011042	0.849739	0.150261	0.736116
26208	-2631.791	-2735.111	103.3204	1.561824	1.676488	0.2574096	0.847101	0.152899	0.7460689
26214	-2635.54	-2739.101	103.5616	1.551729	1.086641	0.3247714	0.817897	0.182103	0.8465304
26220	-2629.341	-2733.153	103.8114	1.582839	1.086641	0.2553262	0.735921	0.264079	0.6778021
26226	-2630.809	-2735.304	104.4952	1.452528	0.5763209	0.2553262	0.698723	0.301277	0.7505316
26232	-2633.292	-2737.72	104.4279	1.42777	0.5763209	0.2553262	0.70938	0.29062	0.8710035
26238	-2630.874	-2735.091	104.2166	1.365812	0.7302922	0.280099	0.790733	0.209267	0.8710035
26244	-2637.998	-2741.3	103.302	1.836561	1.074487	0.3964884	0.737881	0.262119	0.5482951
26250	-2631.331	-2734.811	103.4799	1.736713	1.074487	0.3575861	0.760395	0.239605	0.5482951
26256	-2635.525	-2738.852	103.3275	1.569513	1.2475	0.3575861	0.757731	0.242269	0.8497855
26262	-2639.59	-2742.629	103.0387	1.265032	1.243959	0.4096194	0.768127	0.231873	1.314369
26268	-2629.967	-2732.785	102.8176	1.327543	1.645286	0.4395797	0.830958	0.169042	1.144351
26274	-2620.928	-2723.996	103.0676	1.277462	1.645286	0.3703805	0.79534	0.20466	1.083111
26280	-2622.494	-2725.245	102.7514	1.246475	1.645286	0.3703805	0.751418	0.248582	1.376634
26286	-2623.455	-2726.636	103.1805	1.359825	1.645286	0.3017444	0.751418	0.248582	1.039203
26292	-2618.534	-2721.765	103.2315	1.357986	1.23877	0.3017444	0.761735	0.238265	1.269063
26298	-2621.876	-2725.399	103.5234	1.298632	1.359698	0.3017444	0.84792	0.15208	0.967518
26304	-2632.392	-2735.119	102.7276	1.41172	2.083332	0.3044122	0.84796	0.15204	1.151842
26310	-2630.198	-2733.324	103.1261	1.210918	1.643115	0.3044122	0.845449	0.154551	1.217833
26316	-2629.3	-2732.469	103.1691	1.16787	1.643115	0.3044122	0.782118	0.217882	1.217833
26322	-2629.69	-2733.206	103.5168	1.682155	1.129544	0.3331319	0.73947	0.26053	0.6146072
26328	-2628.189	-2732.333	104.1442	1.669992	0.8050691	0.2245935	0.783057	0.216943	0.5691148
26334	-2632.304	-2735.696	103.3913	1.669992	1.176229	0.369198	0.756229	0.243771	0.6607915
26340	-2629.754	-2733.412	103.6571	1.669992	1.176229	0.2632816	0.735235	0.264765	0.5962976
26346	-2630.922	-2734.351	103.4286	1.639714	1.176229	0.378748	0.729226	0.270774	0.5962976
26352	-2629.114	-2732.227	103.1124	1.76173	1.402064	0.3897228	0.754865	0.245135	0.534381
26358	-2637.371	-2740.564	103.1934	1.872186	1.154281	0.3977497	0.758867	0.241133	0.47492
26364	-2640.702	-2744.102	103.4005	1.891891	1.102555	0.311971	0.818048	0.181952	0.47492
26370	-2646.191	-2749.599	103.4076	2.011004	0.9217951	0.3280552	0.590667	0.409333	0.4096426
26376	-2638.956	-2742.16	103.2046	2.117346	0.9217951	0.3280552	0.590667	0.409333	0.2967504
26382	-2626.136	-2728.864	102.7281	2.11214	1.638444	0.2703083	0.749224	0.250776	0.2883462
26388	-2634.362	-2736.675	102.3134	2.106158	1.638444	0.4723665	0.808211	0.191789	0.2842477
26394	-2637.908	-2739.975	102.0676	2.151447	1.638444	0.6164954	0.819416	0.180584	0.3017503
26400	-2632.886	-2735.923	103.0369	1.368873	1.789567	0.3562084	0.837116	0.162884	0.9585238
