Iteration	Posterior	Likelihood	Prior	rate_log_sd	rate_loss	rate_neo	root_freqs[1]	root_freqs[2]	tree_length
0	-2619.842	-2723.293	103.4515	1.332114	1.052787	0.3338895	0.770288	0.229712	1.186176
6	-2619.123	-2722.586	103.4623	1.317484	1.157173	0.3338895	0.803385	0.196615	1.103577
12	-2626.707	-2730.63	103.9229	1.371466	1.040758	0.2285463	0.744816	0.255184	0.9587442
18	-2622.953	-2726.35	103.3975	1.447893	1.118196	0.3907481	0.789204	0.210796	0.9603204
24	-2625.95	-2729.183	103.233	1.46051	1.213496	0.3907481	0.799527	0.200473	1.027643
30	-2631.8	-2735.85	104.0492	1.501072	0.703009	0.315522	0.785896	0.214104	0.8520512
36	-2639.093	-2743.272	104.1789	1.203326	0.6464781	0.2065443	0.705383	0.294617	1.339666
42	-2634.769	-2737.994	103.2251	1.179661	1.408007	0.2527163	0.694647	0.305353	1.403362
48	-2625.615	-2729.088	103.4733	1.279364	1.337318	0.2477539	0.754315	0.245685	1.174824
54	-2620.6	-2723.866	103.2666	1.143381	0.9771509	0.4257704	0.809782	0.190218	1.402069
60	-2617.916	-2721.155	103.2388	1.282832	1.201801	0.3262448	0.753184	0.246816	1.305165
66	-2629.902	-2733.5	103.5975	1.2939	1.223185	0.2458338	0.804457	0.195543	1.140517
72	-2632.195	-2735.928	103.7329	1.314726	0.6893952	0.4111081	0.678024	0.321976	1.173982
78	-2622.302	-2726.26	103.9574	1.385481	0.746155	0.3606816	0.658461	0.341539	0.9156869
84	-2622.079	-2726.317	104.2384	1.466431	0.746155	0.2430382	0.702193	0.297807	0.8118765
90	-2634.384	-2738.58	104.1959	1.526708	0.7194906	0.25358	0.655615	0.344385	0.7961185
96	-2625.196	-2728.889	103.6929	1.526708	1.222793	0.2516076	0.843588	0.156412	0.777321
102	-2630.019	-2734.088	104.0693	1.352128	0.8046676	0.3137212	0.661043	0.338957	0.861075
108	-2632.772	-2736.754	103.9828	1.41533	0.8114394	0.3185601	0.747027	0.252973	0.8663941
114	-2640.149	-2744.15	104.0005	1.31735	0.8761487	0.2611533	0.708072	0.291928	1.019723
120	-2638.133	-2741.814	103.6809	1.258766	0.9230853	0.2900679	0.668341	0.331659	1.249448
126	-2635.512	-2739.223	103.7112	1.161904	0.9230853	0.2900679	0.718798	0.281202	1.304122
132	-2642.917	-2746.355	103.4378	1.181758	0.9873162	0.2900679	0.729781	0.270219	1.451013
138	-2627.969	-2731.275	103.3065	1.210212	0.9873162	0.2774122	0.694598	0.305402	1.551094
144	-2613.874	-2717.43	103.5563	1.21733	0.9873162	0.3370222	0.68621	0.31379	1.24373
150	-2615.705	-2719.595	103.8897	1.130599	0.8017846	0.3075961	0.702488	0.297512	1.261059
156	-2626.977	-2730.776	103.7991	1.040677	0.8017846	0.2177501	0.681366	0.318634	1.577659
162	-2624.619	-2727.564	102.945	1.156991	1.107646	0.398401	0.817782	0.182218	1.577659
168	-2629.861	-2733.288	103.4272	1.16173	1.107646	0.2963743	0.734316	0.265684	1.373157
174	-2629.913	-2733.272	103.3595	1.342442	1.107646	0.4087602	0.699387	0.300613	1.076768
180	-2620.87	-2724.516	103.6455	1.432289	1.107646	0.3303276	0.731475	0.268525	0.8511002
186	-2628.375	-2731.643	103.2682	1.41325	1.208263	0.4165733	0.731475	0.268525	0.9951472
192	-2631.975	-2735.962	103.9877	1.426159	0.6558816	0.4165733	0.632694	0.367306	0.8420237
198	-2629.184	-2732.855	103.6703	1.433841	0.8520284	0.4130358	0.633385	0.366615	0.9268882
204	-2626.384	-2729.831	103.4471	1.46967	1.296594	0.3378281	0.738243	0.261757	0.8264777
210	-2636.664	-2739.81	103.1458	1.477181	1.296594	0.5028359	0.74056	0.25944	0.8060756
216	-2637.174	-2739.883	102.7091	1.391643	1.797845	0.5028359	0.914964	0.0850359	0.9884258
222	-2627.589	-2730.762	103.1724	1.300186	1.226695	0.4571179	0.792269	0.207731	1.108969
228	-2634.273	-2737.612	103.3386	1.394717	1.704758	0.2441873	0.843383	0.156617	0.9480646
234	-2628.717	-2732.127	103.4103	1.523327	1.704758	0.2307508	0.767615	0.232385	0.7466599
240	-2626.887	-2730.558	103.6708	1.600233	1.06238	0.316717	0.839633	0.160367	0.6748362
246	-2634.942	-2739.018	104.0757	1.657455	0.7753858	0.2558966	0.775476	0.224524	0.6576861
252	-2645.062	-2749.214	104.1519	1.762047	0.5747386	0.3052732	0.766214	0.233786	0.5716986
258	-2646.918	-2750.544	103.6254	1.73195	1.056719	0.2977922	0.748681	0.251319	0.5827512
264	-2632.67	-2736.684	104.014	1.736489	0.784665	0.2590957	0.792992	0.207008	0.5489835
270	-2621.344	-2725.367	104.0237	1.706517	0.8325412	0.2462666	0.750412	0.249588	0.5325849
276	-2624.815	-2728.883	104.0688	1.777898	0.7281983	0.2462666	0.751521	0.248479	0.5783367
282	-2628.186	-2731.881	103.6951	1.737834	1.147179	0.2387676	0.864952	0.135048	0.516647
288	-2625.734	-2729.599	103.8647	1.80362	0.82333	0.2743002	0.743718	0.256282	0.5397136
294	-2624.034	-2727.622	103.5877	1.801105	1.095428	0.2743002	0.743718	0.256282	0.5190961
300	-2626.48	-2729.621	103.1406	1.804838	1.33454	0.3815944	0.833628	0.166372	0.5107391
306	-2625.085	-2728.584	103.4993	1.9846	1.049858	0.2430101	0.824228	0.175772	0.3891612
312	-2624.059	-2727.108	103.0491	2.031643	1.225315	0.3311507	0.824228	0.175772	0.3454597
318	-2620.996	-2724.065	103.0698	1.982878	1.225315	0.3591914	0.788459	0.211541	0.3888189
324	-2619.651	-2723.395	103.7432	1.843021	0.8247324	0.2968969	0.783279	0.216721	0.3888189
330	-2624.38	-2728.165	103.7849	1.810442	0.8247324	0.2968969	0.778036	0.221964	0.4063642
336	-2630.207	-2733.869	103.6619	1.812937	1.015456	0.2706502	0.758438	0.241562	0.484563
342	-2628.359	-2731.613	103.2542	1.815979	1.043836	0.4513025	0.717949	0.282051	0.484563
348	-2623.308	-2726.766	103.4576	1.835229	1.216987	0.2686541	0.717949	0.282051	0.4714778
354	-2619.195	-2722.467	103.2715	1.834686	1.29322	0.3163768	0.820491	0.179509	0.4294328
360	-2623.72	-2727.055	103.3354	1.255653	1.283732	0.3324777	0.880118	0.119882	1.177378
366	-2626.83	-2730.419	103.589	1.342978	1.248454	0.3324777	0.754295	0.245705	0.8709127
372	-2631.188	-2734.772	103.5847	1.500271	0.9128144	0.3991203	0.641484	0.358516	0.9037558
378	-2633.289	-2736.859	103.57	1.408287	1.078578	0.3651495	0.707626	0.292374	0.9123325
384	-2628.515	-2732.08	103.565	1.379202	1.086461	0.3651495	0.774342	0.225658	0.9412603
390	-2630.755	-2733.813	103.0582	1.394567	1.897222	0.3084069	0.84628	0.15372	0.9479631
396	-2631.305	-2735.193	103.8879	1.387902	0.8749599	0.3084069	0.649202	0.350798	0.9479631
402	-2625.324	-2729.121	103.7963	1.269512	0.8446109	0.3338361	0.738569	0.261431	1.128957
408	-2629.931	-2733.879	103.9474	1.290273	0.8446109	0.2929181	0.741696	0.258304	1.055939
414	-2626.022	-2729.611	103.5884	1.291134	0.9321481	0.3219921	0.753509	0.246491	1.23022
420	-2628.352	-2731.528	103.1752	1.184993	1.098165	0.3567862	0.69882	0.30118	1.453724
426	-2629.201	-2732.429	103.2285	1.159479	1.123204	0.3567862	0.805971	0.194029	1.414637
432	-2630.332	-2733.217	102.8847	1.581992	1.883077	0.3873269	0.792722	0.207278	0.7333027
438	-2623.844	-2727.123	103.279	1.721248	1.253575	0.3873269	0.773741	0.226259	0.5186597
444	-2623.438	-2726.904	103.4664	1.673101	0.9526065	0.4491044	0.809074	0.190926	0.6239194
450	-2632.262	-2735.845	103.583	1.657994	0.9526065	0.3876204	0.699626	0.300374	0.6550638
456	-2625.396	-2728.471	103.0753	1.669362	1.106087	0.5922874	0.798273	0.201727	0.6550638
462	-2621.239	-2724.553	103.3139	1.638377	1.106087	0.43805	0.693895	0.306105	0.7324883
468	-2625.406	-2728.67	103.2634	1.54741	1.242822	0.4616381	0.720881	0.279119	0.6963777
474	-2629.086	-2733.034	103.9482	1.47338	1.029553	0.2256597	0.703553	0.296447	0.8361973
480	-2632.016	-2735.379	103.3621	1.586147	1.199747	0.3832688	0.773756	0.226244	0.7679775
486	-2628.664	-2732.683	104.0192	1.510286	0.9879641	0.2205384	0.74758	0.25242	0.7668072
492	-2626.22	-2729.246	103.0254	1.432453	1.962164	0.3581375	0.830859	0.169141	0.7633672
498	-2629.929	-2733.55	103.6214	1.467047	0.8064476	0.5044637	0.7212	0.2788	0.8181893
504	-2624.575	-2728.487	103.9127	1.440543	0.8474373	0.2735924	0.730569	0.269431	0.985379
510	-2620.913	-2724.251	103.3382	1.338138	1.092043	0.3745516	0.801116	0.198884	1.173088
516	-2626.717	-2730.132	103.4154	1.290587	1.238434	0.3788907	0.732695	0.267305	1.017501
522	-2638.742	-2741.477	102.7348	1.350176	1.954273	0.4318507	0.860502	0.139498	1.030425
528	-2634.788	-2737.526	102.738	1.540305	1.954273	0.4318507	0.815747	0.184253	0.8188879
534	-2626.804	-2730.616	103.8125	1.534742	1.064122	0.2882198	0.786685	0.213315	0.6507839
540	-2642.92	-2746.192	103.2725	1.553268	1.745511	0.2477613	0.872197	0.127803	0.796865
546	-2635.152	-2738.434	103.2818	1.519206	1.745511	0.2477613	0.779525	0.220475	0.8289864
552	-2636.672	-2739.855	103.1827	1.488916	1.745511	0.3089143	0.836793	0.163207	0.8027743
558	-2635.223	-2738.131	102.9081	1.508929	1.745511	0.3939583	0.738726	0.261274	0.8946478
564	-2631.133	-2734.116	102.9821	1.405429	1.751065	0.3939583	0.804858	0.195142	0.9233775
570	-2621.38	-2724.194	102.8145	1.473737	1.930573	0.4211171	0.78159	0.21841	0.8489583
576	-2625.347	-2728.673	103.3257	1.360699	1.263109	0.4211171	0.802167	0.197833	0.9326645
582	-2635.79	-2739.488	103.6982	1.408108	1.263109	0.2314344	0.79012	0.20988	0.9374012
588	-2629.822	-2733.038	103.2159	1.425473	1.263109	0.3959227	0.79012	0.20988	1.027523
594	-2632.844	-2735.896	103.0524	1.506232	1.421226	0.4874733	0.782422	0.217578	0.7941726
600	-2629.896	-2733.259	103.3633	1.477449	1.474444	0.3335716	0.740119	0.259881	0.7531335
606	-2625.451	-2728.487	103.0361	1.536835	1.763227	0.3335716	0.877142	0.122858	0.843714
612	-2620.701	-2724.059	103.358	1.484804	1.384693	0.3217728	0.76846	0.23154	0.8733886
618	-2626.01	-2729.11	103.1	1.374246	1.639147	0.3542506	0.74143	0.25857	0.9945835
624	-2630.129	-2733.226	103.0971	1.396922	1.639147	0.3542506	0.706399	0.293601	0.9744848
630	-2635.427	-2738.962	103.5354	1.454265	1.106487	0.3695411	0.73045	0.26955	0.8589762
636	-2634.79	-2738.025	103.2347	1.378544	1.439081	0.3695411	0.711295	0.288705	0.9677132
642	-2622.561	-2725.754	103.1926	1.427777	1.439081	0.3745981	0.745341	0.254659	0.9495719
648	-2629.048	-2732.373	103.3244	1.314111	1.37728	0.3643143	0.796587	0.203413	1.001352
654	-2633.855	-2737.693	103.838	1.482374	0.8591547	0.2913823	0.641199	0.358801	0.9613065
660	-2633.552	-2736.79	103.2381	1.495625	1.37728	0.3643143	0.713326	0.286674	0.9008434
666	-2627.375	-2730.717	103.3411	1.38191	1.37728	0.3643143	0.731531	0.268469	0.9128088
672	-2624.223	-2727.824	103.6005	1.488741	1.346022	0.2664408	0.873142	0.126858	0.7636841
678	-2624.381	-2728.169	103.7881	1.521696	0.9373976	0.3278832	0.770118	0.229882	0.7743173
684	-2628	-2731.54	103.5394	1.510416	1.199315	0.3084366	0.772961	0.227039	0.844503
690	-2623.989	-2727.525	103.5354	1.498496	1.199315	0.3084366	0.738857	0.261143	0.8637331
696	-2619.567	-2723.586	104.0189	1.400168	0.7647672	0.3264476	0.752722	0.247278	0.8864691
702	-2622.33	-2726.348	104.0183	1.472664	0.9103479	0.2627325	0.728012	0.271988	0.7760604
708	-2622.211	-2725.661	103.4497	1.633483	1.144787	0.358762	0.747655	0.252345	0.7116626
714	-2623.252	-2727.289	104.0366	1.53334	0.9092563	0.2450334	0.728308	0.271692	0.7283441
720	-2633.731	-2738.145	104.414	1.25173	0.5005264	0.1951858	0.722752	0.277248	1.315776
726	-2632.624	-2737.008	104.3837	1.125257	0.5005264	0.2166787	0.633651	0.366349	1.390005
732	-2630.211	-2734.059	103.848	1.488035	1.097776	0.2591991	0.781005	0.218995	0.7418848
738	-2635.044	-2738.557	103.5139	1.509858	1.097776	0.3813191	0.778828	0.221172	0.7961073
744	-2628.386	-2732.081	103.6951	1.45094	1.097776	0.2997356	0.700161	0.299839	0.8631202
750	-2622.105	-2725.612	103.5073	1.435208	1.270667	0.2921953	0.865623	0.134377	0.9405036
756	-2622.693	-2726.426	103.7333	1.48383	0.9575172	0.3604034	0.759984	0.240016	0.777696
762	-2636.942	-2740.301	103.3591	0.9164544	0.7313856	0.3406758	0.802973	0.197027	1.824269
768	-2641.028	-2744.202	103.1748	1.112211	1.051793	0.3406758	0.775509	0.224491	1.566746
774	-2632.736	-2736.046	103.3099	1.439074	1.600961	0.252198	0.785134	0.214866	0.9833364
780	-2620.047	-2723.581	103.5346	1.577703	1.495601	0.2091913	0.801758	0.198242	0.7875549
786	-2627.064	-2730.145	103.0812	1.555024	1.403265	0.4210632	0.844222	0.155778	0.8619813
792	-2626.055	-2729.211	103.1559	1.519529	1.403265	0.4210632	0.728535	0.271465	0.8134087
798	-2624.893	-2728.687	103.7932	1.398993	0.9561483	0.2759148	0.728374	0.271626	1.023001
804	-2623.242	-2726.508	103.2664	1.440209	1.417902	0.3709157	0.815117	0.184883	0.880431
810	-2624.507	-2727.652	103.145	1.428214	1.417902	0.3706179	0.804394	0.195606	1.021978
816	-2627.627	-2731.017	103.3899	1.414529	1.417902	0.328655	0.709108	0.290892	0.8703278
822	-2627.39	-2730.772	103.382	1.419382	1.417902	0.328655	0.730489	0.269511	0.8739677
828	-2629.073	-2732.76	103.6873	1.359608	1.012067	0.2787506	0.777254	0.222746	1.100292
834	-2624.11	-2727.682	103.5717	1.159556	0.7681016	0.423137	0.771443	0.228557	1.335699
840	-2624.11	-2727.466	103.3554	1.138077	0.9424475	0.2987437	0.74641	0.25359	1.564557
846	-2620.31	-2723.843	103.5331	1.217861	1.150791	0.301614	0.83397	0.16603	1.1982
852	-2632.371	-2735.702	103.3318	1.248585	1.365148	0.301614	0.773126	0.226874	1.189671
858	-2621.724	-2724.949	103.2243	1.260162	1.365148	0.301614	0.705621	0.294379	1.270538
864	-2623.651	-2726.825	103.1742	1.099457	1.365148	0.3012565	0.80131	0.19869	1.438435
870	-2626.74	-2730.515	103.7745	1.189023	0.853593	0.2687233	0.811572	0.188428	1.334397
876	-2641.623	-2744.736	103.113	1.058769	1.497805	0.3367789	0.861159	0.138841	1.377325
882	-2630.412	-2733.678	103.2659	1.210061	1.21505	0.3792182	0.772609	0.227391	1.241873
888	-2632.504	-2735.756	103.2513	1.238932	1.195627	0.3308383	0.795187	0.204813	1.326744
894	-2623.11	-2725.878	102.7686	1.237677	1.654513	0.3693536	0.789729	0.210271	1.366712
900	-2622.867	-2726.274	103.4067	1.073526	1.014108	0.3693536	0.813747	0.186253	1.40359
906	-2620.397	-2724.157	103.7604	1.172619	0.8177925	0.2072366	0.697514	0.302486	1.517409
912	-2620.897	-2724.553	103.6567	1.276265	0.8177925	0.3297971	0.72819	0.27181	1.276671
918	-2622.61	-2726.459	103.8487	1.225273	0.9259076	0.2261766	0.773609	0.226391	1.271666
924	-2625.686	-2729.068	103.383	1.213725	0.9228473	0.4525619	0.703586	0.296414	1.258854
930	-2626.24	-2729.225	102.9852	1.262346	1.359913	0.4525619	0.771623	0.228377	1.217226
936	-2631.337	-2734.398	103.0611	1.292183	0.9741451	0.6096541	0.756715	0.243285	1.208441
942	-2624.112	-2727.369	103.2565	1.557475	0.9907029	0.5686487	0.759124	0.240876	0.7827691
948	-2613.484	-2717.356	103.8716	1.537196	0.8596295	0.3220477	0.712585	0.287415	0.7718444
954	-2622.669	-2726.323	103.6537	1.493572	0.8596295	0.4436536	0.851011	0.148989	0.7980762
960	-2618.198	-2721.539	103.3414	1.595674	1.257446	0.3676472	0.749603	0.250397	0.7581604
966	-2613.83	-2717.434	103.6037	1.608265	1.006638	0.3676472	0.767467	0.232533	0.6832111
972	-2627.336	-2730.549	103.2133	1.704116	1.377683	0.3676472	0.773461	0.226539	0.6126969
978	-2628.151	-2731.594	103.4431	1.608039	1.185855	0.3676472	0.685741	0.314259	0.6704811
984	-2631.851	-2735.907	104.0557	1.553951	0.751563	0.3030221	0.686214	0.313786	0.7256426
990	-2631.701	-2734.358	102.6569	1.571654	1.959514	0.4962239	0.845541	0.154459	0.7256426
996	-2630.62	-2733.505	102.885	1.44059	1.915599	0.4003454	0.800025	0.199975	0.8622661
1002	-2633.68	-2736.985	103.3055	1.271177	1.098269	0.3497206	0.748738	0.251262	1.29511
1008	-2635.304	-2738.46	103.1564	1.293397	1.355352	0.3497206	0.775863	0.224137	1.217061
1014	-2633.931	-2737.049	103.1173	1.168661	1.389643	0.3497206	0.756761	0.243239	1.329752
1020	-2637.048	-2740.068	103.0197	1.529331	1.44142	0.3817363	0.604605	0.395395	1.006145
1026	-2630.234	-2733.231	102.9962	1.460682	1.697695	0.3383432	0.774018	0.225982	1.006145
1032	-2625.787	-2729.524	103.7367	1.586421	0.9337682	0.3383432	0.672913	0.327087	0.7258605
1038	-2623.76	-2727.11	103.3495	1.749268	1.319318	0.3038768	0.760951	0.239049	0.6217129
1044	-2622.087	-2725.37	103.2824	1.805396	1.269302	0.3386565	0.793631	0.206369	0.5092117
1050	-2631.554	-2735.222	103.6677	1.247374	1.206974	0.2549654	0.810328	0.189672	1.110303
1056	-2631.513	-2734.971	103.4584	1.150594	0.9142009	0.2549654	0.693633	0.306367	1.580566
1062	-2647.111	-2750.518	103.4065	1.803887	1.245527	0.2904193	0.807179	0.192821	0.4443528
1068	-2640.249	-2743.666	103.417	1.743236	1.41333	0.2555043	0.79855	0.20145	0.5654926
1074	-2625.341	-2729.063	103.722	1.571765	0.9844348	0.3453087	0.717408	0.282592	0.6575887
1080	-2631.777	-2735.047	103.2701	1.506494	1.544293	0.3453087	0.828341	0.171659	0.7346566
1086	-2631.207	-2734.54	103.3333	1.390146	1.33698	0.3453087	0.703699	0.296301	0.9879564
1092	-2631.068	-2734.322	103.254	1.311988	1.524239	0.2585731	0.756513	0.243487	1.188763
1098	-2627.209	-2730.912	103.7025	1.314679	1.087451	0.2585731	0.750384	0.249616	1.10711
1104	-2625.114	-2728.775	103.6615	1.291226	1.087451	0.2585731	0.714319	0.285681	1.164637
1110	-2619.677	-2723.034	103.357	1.43821	1.087451	0.3539058	0.747034	0.252966	1.108881
1116	-2624.094	-2727.453	103.359	1.356089	1.060236	0.4019591	0.716827	0.283173	1.117628
1122	-2633.01	-2737.607	104.5978	1.344441	0.54642	0.2253714	0.660027	0.339973	0.9156417
1128	-2637.025	-2741.484	104.459	1.344441	0.57684	0.2253714	0.676717	0.323283	1.011797
1134	-2631.198	-2734.26	103.0628	1.112751	1.05788	0.3872721	0.833038	0.166962	1.573971
1140	-2638.952	-2741.824	102.8718	1.309786	1.735826	0.3781426	0.743474	0.256526	1.161811
1146	-2624.636	-2728.063	103.4272	1.211835	1.097989	0.3378058	0.733435	0.266565	1.264995
1152	-2630.716	-2734.742	104.0259	1.530158	0.8544395	0.2506613	0.731964	0.268036	0.8129024
1158	-2630.717	-2735.264	104.5475	1.418453	0.5732228	0.2424656	0.655343	0.344657	0.7797169
1164	-2627.886	-2732.499	104.6126	1.489678	0.5512374	0.2056639	0.635748	0.364252	0.7797169
1170	-2629.57	-2734.04	104.4705	1.557864	0.5431674	0.2546203	0.802911	0.197089	0.7056225
1176	-2626.448	-2730.497	104.0487	1.535327	0.8787275	0.2297413	0.808892	0.191108	0.8142128
1182	-2623.023	-2726.361	103.3383	1.511206	1.276978	0.3691848	0.779795	0.220205	0.8484826
1188	-2622.148	-2725.534	103.3867	1.152118	1.289285	0.3043814	0.818395	0.181605	1.270953
1194	-2633.62	-2736.365	102.7452	1.376416	1.876723	0.4465513	0.767731	0.232269	1.014643
1200	-2624.7	-2727.776	103.0756	1.587889	1.575559	0.3781364	0.806256	0.193744	0.7691876
1206	-2624.033	-2727.207	103.1739	1.601695	1.575559	0.3369181	0.707918	0.292082	0.7294885
1212	-2620.577	-2724.221	103.6438	1.732906	1.086359	0.2821802	0.751549	0.248451	0.5323833
1218	-2630.891	-2735.05	104.1584	1.57855	0.7633215	0.2743883	0.761611	0.238389	0.5540894
1224	-2639.861	-2743.631	103.7699	1.590629	1.090789	0.2743883	0.68067	0.31933	0.6399578
1230	-2631.395	-2735.028	103.633	1.547412	1.090789	0.3302695	0.684301	0.315699	0.7330581
1236	-2624.506	-2728.536	104.0301	1.574517	0.7288243	0.3302695	0.684301	0.315699	0.6769534
1242	-2626.353	-2730.418	104.0649	1.273755	0.7288243	0.295543	0.681542	0.318458	1.085417
1248	-2625.422	-2729.731	104.3088	1.42238	0.6216631	0.250246	0.806299	0.193701	0.9505131
1254	-2631.745	-2735.769	104.0242	1.420906	0.7734225	0.250246	0.728428	0.271572	1.038742
1260	-2635.274	-2738.761	103.487	1.355351	0.9868839	0.2771658	0.688383	0.311617	1.3008
1266	-2624.084	-2727.795	103.7108	1.172013	0.977479	0.2771658	0.772548	0.227452	1.275506
1272	-2631.899	-2735.724	103.8257	1.290197	0.8638609	0.3147174	0.775174	0.224826	1.102336
1278	-2631.138	-2735.032	103.8938	1.324706	0.9733589	0.23384	0.755069	0.244931	1.084595
1284	-2635.825	-2739.542	103.7175	1.276714	0.9733589	0.3343686	0.818181	0.181819	1.066516
1290	-2627.298	-2730.69	103.3919	1.331118	1.358212	0.3343686	0.797374	0.202626	0.9950281
1296	-2627.382	-2731.011	103.6291	1.43595	1.077012	0.3343686	0.783919	0.216081	0.8893898
1302	-2629.303	-2733.098	103.7954	1.494968	1.134458	0.2786949	0.80215	0.19785	0.6796905
1308	-2636.816	-2740.756	103.9402	1.409697	0.9792578	0.2786949	0.779359	0.220641	0.8155887
1314	-2628.195	-2731.694	103.4989	1.361863	1.020522	0.4011831	0.885841	0.114159	1.018195
1320	-2625.006	-2728.178	103.1714	1.591542	1.614919	0.3414162	0.872113	0.127887	0.687627
1326	-2631.329	-2735.262	103.9324	1.468766	0.8422784	0.3414162	0.73097	0.26903	0.7497979
1332	-2641.908	-2744.998	103.0902	1.196027	1.041536	0.4120603	0.795926	0.204074	1.46769
1338	-2643.97	-2747.621	103.6515	1.409233	0.865365	0.343964	0.781029	0.218971	1.092557
1344	-2637.372	-2740.585	103.2135	1.232735	1.53761	0.2563534	0.720407	0.279593	1.285963
1350	-2629.989	-2733.413	103.4246	1.627432	1.128088	0.4040154	0.772982	0.227018	0.6243513
1356	-2632.567	-2735.799	103.2328	1.608014	1.397154	0.4040154	0.705644	0.294356	0.5803031
1362	-2623.215	-2726.541	103.3256	1.621191	1.397154	0.3103657	0.829365	0.170635	0.7596064
1368	-2628.28	-2731.277	102.997	1.733408	1.397154	0.4589274	0.659478	0.340522	0.6110338
1374	-2624.792	-2728.248	103.4565	1.431254	1.098217	0.3781006	0.708822	0.291178	0.9615409
1380	-2628.68	-2732.155	103.4752	1.53669	1.266205	0.3004807	0.759416	0.240584	0.8435703
1386	-2622.433	-2726.105	103.6716	1.643603	1.034006	0.3004807	0.73434	0.26566	0.7114766
1392	-2628.396	-2731.262	102.8668	1.41599	1.197208	0.5642978	0.784162	0.215838	1.145238
1398	-2632.154	-2735.301	103.1465	1.121464	1.197208	0.2987584	0.731693	0.268307	1.551719
1404	-2626.238	-2729.725	103.4864	1.724494	0.9750644	0.4101055	0.815534	0.184466	0.5434356
1410	-2636.143	-2739.446	103.3025	1.055516	1.224314	0.2918463	0.809174	0.190826	1.479173
1416	-2625.881	-2728.966	103.0848	1.172161	1.224314	0.3736037	0.809174	0.190826	1.420003
1422	-2629.205	-2732.52	103.3152	1.16667	1.212862	0.2598957	0.745192	0.254808	1.452267
1428	-2624.596	-2727.84	103.2435	1.240077	1.212862	0.29767	0.745192	0.254808	1.37962
1434	-2628.424	-2731.88	103.4565	1.397018	1.212862	0.3045067	0.750412	0.249588	1.050382
1440	-2628.645	-2732.034	103.3887	1.486976	1.245935	0.3359338	0.790941	0.209059	0.9282842
1446	-2631.62	-2735.238	103.6178	1.583007	1.023569	0.3359338	0.790872	0.209128	0.7799127
1452	-2632.034	-2734.995	102.9614	1.634134	1.822456	0.3359338	0.802872	0.197128	0.7560804
1458	-2630	-2733.323	103.3229	1.468233	1.409961	0.3359338	0.866256	0.133744	0.8744936
1464	-2630.919	-2734.456	103.5376	1.425061	1.344899	0.2957444	0.741679	0.258321	0.8386195
1470	-2631.581	-2734.586	103.0053	1.417461	1.781684	0.2824349	0.820381	0.179619	1.107544
1476	-2629.445	-2732.559	103.1135	1.262809	1.588166	0.3144078	0.820381	0.179619	1.197288
1482	-2628.635	-2731.906	103.2707	1.090154	1.070931	0.3828262	0.757442	0.242558	1.432358
1488	-2631.262	-2734.562	103.2996	1.236182	1.138155	0.2362142	0.715991	0.284009	1.508482
1494	-2629.711	-2732.918	103.207	1.13127	1.138155	0.372911	0.755522	0.244478	1.417017
1500	-2628.212	-2731.342	103.1302	1.142588	1.138155	0.389606	0.721793	0.278207	1.441789
1506	-2632.848	-2736.144	103.2961	1.172576	1.138155	0.2980072	0.742444	0.257556	1.441789
1512	-2629.395	-2733.736	104.3409	1.14347	0.5293115	0.2591562	0.730925	0.269075	1.28077
1518	-2631.328	-2735.484	104.1554	1.177475	0.5654782	0.1978093	0.58966	0.41034	1.488501
1524	-2634.807	-2739.435	104.6275	1.149972	0.5094279	0.1978093	0.555407	0.444593	1.204418
1530	-2631.664	-2735.568	103.9039	1.162077	0.8276433	0.2742903	0.712916	0.287084	1.263856
1536	-2627.188	-2730.919	103.7301	1.147977	0.9228783	0.2326342	0.755015	0.244985	1.416064
1542	-2626.101	-2729.659	103.5578	1.147949	1.450306	0.2326342	0.78866	0.21134	1.174452
1548	-2625.857	-2729.274	103.4174	1.428389	1.399164	0.2430671	0.78866	0.21134	1.057432
1554	-2635.182	-2739.194	104.0124	1.610593	0.8231522	0.2857805	0.635747	0.364253	0.6084201
1560	-2623.642	-2727.467	103.8249	1.681603	0.8231522	0.3350408	0.731058	0.268942	0.619444
1566	-2627.996	-2732.086	104.0892	1.74988	0.8231522	0.2105795	0.757839	0.242161	0.5366989
1572	-2626.69	-2730.183	103.4933	1.77086	1.432602	0.2105795	0.688162	0.311838	0.5814373
1578	-2638.073	-2741.547	103.4745	1.631445	1.139998	0.3707461	0.631664	0.368336	0.6263149
1584	-2632.603	-2735.669	103.0656	1.599104	1.090975	0.6074012	0.825915	0.174085	0.7754347
1590	-2638.973	-2741.915	102.942	1.396278	1.676087	0.4503434	0.693158	0.306842	0.9168865
1596	-2638.016	-2741.168	103.1516	1.583737	1.789827	0.3049444	0.845347	0.154653	0.672943
1602	-2633.153	-2737.233	104.0792	1.4769	0.7451011	0.2952168	0.754248	0.245752	0.8367443
1608	-2638.205	-2742.035	103.83	1.558551	0.8843796	0.315271	0.692746	0.307254	0.7830824
1614	-2635.054	-2738.523	103.4694	1.406463	1.011609	0.4524248	0.795471	0.204529	0.9135523
1620	-2630.908	-2734.355	103.447	1.612124	1.252888	0.3229928	0.696694	0.303306	0.7223666
1626	-2630.481	-2733.873	103.3924	1.599088	1.252888	0.3648683	0.803898	0.196102	0.6849656
1632	-2628.918	-2732.475	103.5566	1.563248	1.252888	0.3018574	0.828272	0.171728	0.7010147
1638	-2626.522	-2730.038	103.5155	1.478225	1.252888	0.3392188	0.799412	0.200588	0.7679609
1644	-2623.349	-2727.037	103.6881	1.569036	0.9687847	0.3392188	0.824933	0.175067	0.7679609
1650	-2618.367	-2721.75	103.383	1.494719	1.381116	0.3219576	0.845872	0.154128	0.8341341
1656	-2628.548	-2731.859	103.3119	1.370662	1.184422	0.407445	0.841961	0.158039	1.031645
1662	-2631.284	-2734.828	103.544	1.329331	0.8876732	0.4639508	0.756215	0.243785	1.028371
1668	-2637.31	-2740.239	102.9299	1.432537	1.338483	0.5253293	0.770856	0.229144	1.017673
1674	-2635.626	-2738.882	103.2561	1.418571	1.338483	0.4065753	0.780386	0.219614	0.907854
1680	-2634.141	-2737.616	103.4759	1.349042	1.338483	0.3061263	0.855654	0.144346	0.9715642
1686	-2637.056	-2740.294	103.2372	1.349042	1.316702	0.3526289	0.719042	0.280958	1.119541
1692	-2642.844	-2746.379	103.5351	1.49108	1.349989	0.27456	0.851585	0.148415	0.8176318
1698	-2626.188	-2729.169	102.9805	1.541571	1.349989	0.5343968	0.845691	0.154309	0.8150215
1704	-2630.517	-2733.761	103.2437	1.725693	1.417182	0.3288621	0.833274	0.166726	0.6112058
1710	-2621.903	-2725.146	103.2434	1.611965	1.417182	0.3271554	0.814607	0.185393	0.812283
1716	-2625.09	-2728.573	103.4838	1.606038	1.288241	0.2868166	0.790079	0.209921	0.7582886
1722	-2625.539	-2728.974	103.4347	1.306873	1.25059	0.3088189	0.77784	0.22216	1.115278
1728	-2627.682	-2730.999	103.3176	1.394778	1.25059	0.3360868	0.77784	0.22216	1.086446
1734	-2632.834	-2736.305	103.4712	1.455565	1.369953	0.2594892	0.842115	0.157885	0.9571767
1740	-2636.345	-2739.349	103.0041	1.582756	1.845248	0.323131	0.819398	0.180602	0.7880276
1746	-2625.469	-2728.782	103.3124	1.63575	1.430626	0.323131	0.841647	0.158353	0.6656733
1752	-2630.853	-2733.868	103.015	1.816276	1.621532	0.323131	0.813822	0.186178	0.6166994
1758	-2627.368	-2730.437	103.0687	1.767867	1.621532	0.323131	0.819292	0.180708	0.6018378
1764	-2636.254	-2739.279	103.0244	1.712617	1.514477	0.4067531	0.68509	0.31491	0.6125789
1770	-2635.694	-2739.906	104.2116	1.48839	0.6395268	0.3245528	0.791429	0.208571	0.7374758
1776	-2640.604	-2744.641	104.0369	1.648809	0.9188924	0.2083905	0.788298	0.211702	0.6867079
1782	-2641.322	-2744.343	103.0218	1.858399	1.508278	0.3475628	0.824174	0.175826	0.467399
1788	-2638.948	-2742.138	103.1895	1.858414	1.345958	0.3282652	0.698321	0.301679	0.4942726
1794	-2633.088	-2736.277	103.1896	1.858414	1.345958	0.3282652	0.739556	0.260444	0.5007434
1800	-2628.897	-2732.199	103.3017	1.794909	1.286125	0.3282652	0.790761	0.209239	0.5007434
1806	-2634.46	-2737.658	103.1973	1.887208	1.286125	0.3282652	0.807616	0.192384	0.5818409
1812	-2634.528	-2737.62	103.0919	1.760498	1.581641	0.3359184	0.68771	0.31229	0.5348789
1818	-2625.579	-2728.528	102.9485	1.713972	1.770144	0.365328	0.784108	0.215892	0.5409883
1824	-2633.233	-2735.78	102.5474	1.606135	2.162231	0.5072557	0.808225	0.191775	0.6053117
1830	-2631.53	-2735.107	103.5775	1.68623	1.059455	0.3350133	0.82654	0.17346	0.6053117
1836	-2626.985	-2730.326	103.3412	1.68623	1.328965	0.3350133	0.715783	0.284217	0.6053117
1842	-2632.842	-2736.047	103.2051	1.840475	1.328965	0.3350133	0.85737	0.14263	0.5263454
1848	-2628.154	-2731.188	103.0337	1.586141	1.676848	0.3890233	0.844109	0.155891	0.6935034
1854	-2629.379	-2732.84	103.4616	1.54876	1.003887	0.4553786	0.758566	0.241434	0.7467383
1860	-2623.358	-2727.298	103.9397	1.489347	1.003887	0.2318407	0.804107	0.195893	0.8373211
1866	-2620.459	-2723.859	103.3999	1.534783	1.654997	0.2318407	0.845183	0.154817	0.7888264
1872	-2620.19	-2723.827	103.6368	1.413153	1.179285	0.2711521	0.686437	0.313563	0.9636747
1878	-2624.138	-2727.468	103.3302	1.35316	1.179285	0.395495	0.677847	0.322153	1.057225
1884	-2632.23	-2735.416	103.1864	1.24049	1.174936	0.4122857	0.83145	0.16855	1.258442
1890	-2632.41	-2735.963	103.5527	1.132325	1.140054	0.2623866	0.824608	0.175392	1.339218
1896	-2627.289	-2730.176	102.8877	1.435568	1.47418	0.4080448	0.770928	0.229072	1.146433
1902	-2636.735	-2739.526	102.7917	1.179619	1.184311	0.447779	0.761024	0.238976	1.555499
1908	-2626.55	-2729.766	103.2166	1.166904	1.184311	0.3654317	0.729444	0.270556	1.361313
1914	-2634.151	-2737.045	102.8939	1.149312	1.288206	0.3654317	0.852277	0.147723	1.553092
1920	-2629.556	-2732.632	103.0753	1.138359	1.48866	0.3230891	0.805049	0.194951	1.373269
1926	-2627.886	-2730.665	102.7785	1.14308	1.590573	0.3230891	0.791416	0.208584	1.539945
1932	-2626.056	-2729.15	103.0939	1.240373	1.590573	0.3087801	0.805062	0.194938	1.242366
1938	-2629.383	-2732.907	103.5247	1.191972	1.510965	0.2487291	0.817268	0.182732	1.085665
1944	-2623.042	-2725.82	102.7788	1.391691	1.709347	0.4375309	0.817268	0.182732	1.085665
1950	-2626.74	-2730.5	103.7603	1.536441	1.0126	0.304308	0.76047	0.23953	0.7592197
1956	-2627.911	-2731.783	103.8721	1.519988	0.9440503	0.3120166	0.753377	0.246623	0.6892934
1962	-2623.842	-2727.627	103.7849	1.385271	0.9440503	0.2660035	0.791408	0.208592	1.079525
1968	-2627.713	-2731.206	103.4927	1.266886	0.9440503	0.4067948	0.755155	0.244845	1.172941
1974	-2623.34	-2727.04	103.7	1.394411	0.9205249	0.4198334	0.785722	0.214278	0.8367888
1980	-2629.103	-2732.32	103.217	1.280352	1.307496	0.4891993	0.708303	0.291697	0.9665026
1986	-2625.034	-2728.231	103.1974	1.188221	1.307496	0.3521076	0.708303	0.291697	1.298139
1992	-2617.742	-2721	103.2577	1.456767	1.405806	0.3544636	0.694446	0.305554	0.9202357
1998	-2624.099	-2727.299	103.2007	1.458017	1.796193	0.2639878	0.694446	0.305554	0.9088642
2004	-2629.911	-2733.321	103.4106	1.315322	1.246218	0.3595516	0.723144	0.276856	1.029996
2010	-2631.059	-2734.562	103.5033	1.194747	1.060031	0.2851113	0.786147	0.213853	1.343507
2016	-2632.305	-2736.139	103.8341	1.262484	1.022342	0.2849666	0.778009	0.221991	1.0297
2022	-2630.245	-2733.657	103.4128	1.2618	1.238385	0.2940896	0.794914	0.205086	1.213043
2028	-2631.648	-2734.782	103.1339	1.264203	1.849362	0.2805099	0.833116	0.166884	1.095122
2034	-2620.966	-2724.485	103.5194	1.36199	1.149662	0.3224297	0.776044	0.223956	1.038207
2040	-2626.751	-2729.837	103.0862	1.459097	1.263722	0.4025802	0.686965	0.313035	1.105385
2046	-2624.409	-2728.173	103.7634	1.445309	1.02871	0.2944348	0.731918	0.268082	0.8815866
2052	-2621.712	-2725.206	103.4942	1.63436	1.036871	0.398865	0.757822	0.242178	0.6671251
2058	-2627.638	-2731.16	103.5221	1.845554	1.036871	0.2990729	0.736053	0.263947	0.6015996
2064	-2623.232	-2727.023	103.7905	1.547425	0.9919433	0.2990729	0.707902	0.292098	0.7467489
2070	-2623.468	-2727.081	103.6127	1.361012	1.067647	0.3614746	0.734781	0.265219	0.9367943
2076	-2630.082	-2733.815	103.7333	1.332568	1.263393	0.2228969	0.68669	0.31331	1.003393
2082	-2634.867	-2738.23	103.3633	1.522282	1.27345	0.4094821	0.706224	0.293776	0.6862611
2088	-2632.279	-2735.496	103.2166	1.724281	1.260412	0.4021432	0.762342	0.237658	0.6216132
2094	-2626.759	-2729.483	102.7239	1.114521	1.826991	0.3527435	0.767066	0.232934	1.43606
2100	-2634.102	-2738.612	104.5099	1.471705	0.5946063	0.2122374	0.690311	0.309689	0.8278153
2106	-2632.163	-2736.64	104.4774	1.539735	0.6005581	0.2103108	0.634544	0.365456	0.7765976
2112	-2640.319	-2744.883	104.5648	1.477976	0.5283593	0.2185076	0.726803	0.273197	0.8549139
2118	-2632.908	-2736.739	103.8313	1.419188	1.107892	0.2632606	0.776842	0.223158	0.8323305
2124	-2634.621	-2738.977	104.355	1.466701	0.6138835	0.2632606	0.719737	0.280263	0.8205069
2130	-2627.81	-2732.053	104.2435	1.391513	0.7621556	0.2254185	0.671821	0.328179	0.9273893
2136	-2631.775	-2735.714	103.9392	1.499482	0.7351853	0.3785231	0.671821	0.328179	0.7695736
2142	-2637.574	-2740.413	102.8387	1.295477	1.814168	0.3494601	0.844665	0.155335	1.2101
2148	-2635.905	-2739.337	103.4321	1.328855	1.271306	0.2946177	0.78058	0.21942	1.111825
2154	-2620.564	-2724.486	103.9224	1.490897	0.8899295	0.2933407	0.759729	0.240271	0.8097057
2160	-2628.335	-2732.382	104.0474	1.426143	0.8323481	0.2933407	0.6213	0.3787	0.8150634
2166	-2624.435	-2728.37	103.9351	1.542735	0.9712455	0.2714566	0.74985	0.25015	0.6548905
2172	-2625.721	-2729.472	103.751	1.514115	0.9712455	0.3320958	0.717056	0.282944	0.7749214
2178	-2625.188	-2728.749	103.5615	1.520798	1.195341	0.3320958	0.803115	0.196885	0.7322995
2184	-2623.215	-2726.519	103.3036	1.75738	1.195341	0.3727502	0.785422	0.214578	0.6041096
2190	-2632.768	-2736.772	104.0043	1.858955	0.6740516	0.2716218	0.801664	0.198336	0.5057512
2196	-2628.79	-2732.94	104.1499	1.704821	0.6740516	0.2716218	0.755903	0.244097	0.5685922
2202	-2626.663	-2730.551	103.8874	1.717768	0.8264349	0.2997837	0.755903	0.244097	0.5278644
2208	-2631.034	-2735.262	104.2285	1.710135	0.6376969	0.2512601	0.676158	0.323842	0.6228763
2214	-2642.949	-2746.614	103.6642	1.84046	0.8263681	0.3456589	0.863431	0.136569	0.4991121
2220	-2639.346	-2743.117	103.7703	1.625387	0.9216186	0.3069313	0.772417	0.227583	0.7418135
2226	-2638.019	-2741.814	103.7947	1.667602	0.9216186	0.3069313	0.861055	0.138945	0.6137514
2232	-2633.742	-2737.101	103.3588	1.55678	1.406497	0.2576828	0.802905	0.197095	0.9437638
2238	-2633.097	-2736.301	103.2037	1.662509	1.607946	0.2576828	0.821976	0.178024	0.8311222
2244	-2629.005	-2732.361	103.3557	1.737839	1.414189	0.277985	0.76486	0.23514	0.599654
2250	-2634.761	-2738.011	103.2498	1.601978	1.54477	0.2969734	0.74752	0.25248	0.7821583
2256	-2636.706	-2739.848	103.1418	1.571531	1.347307	0.4370524	0.792126	0.207874	0.7821583
2262	-2639.804	-2742.98	103.1764	1.432374	1.232122	0.4637894	0.669454	0.330546	0.9612667
2268	-2633.078	-2736.223	103.145	1.452581	1.232122	0.4637894	0.870106	0.129894	0.9728439
2274	-2638.377	-2741.766	103.3888	1.414155	1.144484	0.3693487	0.685892	0.314108	1.022007
2280	-2641.718	-2744.799	103.0814	1.486511	1.655537	0.3654296	0.785842	0.214158	0.8549795
2286	-2638.981	-2741.883	102.9021	1.340236	1.655537	0.3654296	0.785842	0.214158	1.178074
2292	-2621.824	-2725.034	103.2106	1.694298	1.301405	0.4100403	0.81955	0.18045	0.5829675
2298	-2627.792	-2730.924	103.132	1.772933	1.301405	0.4100403	0.788868	0.211132	0.5829675
2304	-2633.428	-2736.34	102.9118	1.763919	1.953876	0.30514	0.801245	0.198755	0.559461
2310	-2626.552	-2730.017	103.4658	1.825596	1.177832	0.2835039	0.736091	0.263909	0.4798061
2316	-2626.387	-2729.548	103.1604	1.914362	1.174709	0.3831908	0.74624	0.25376	0.4657001
2322	-2627.538	-2730.745	103.2069	1.906692	1.125304	0.3831908	0.741433	0.258567	0.4389705
2328	-2618.523	-2721.416	102.8926	2.117924	1.125304	0.3831908	0.816048	0.183952	0.2997423
2334	-2619.674	-2722.468	102.7943	2.08352	1.593575	0.2954962	0.836995	0.163005	0.3465854
2340	-2627.455	-2729.657	102.202	2.08352	2.078933	0.419719	0.813147	0.186853	0.3194726
2346	-2622.816	-2725.526	102.71	1.968798	1.652682	0.3724364	0.770732	0.229268	0.3577387
2352	-2633.134	-2736.209	103.075	1.835516	1.115494	0.505407	0.770732	0.229268	0.4897068
2358	-2634.423	-2736.911	102.488	1.949973	1.723826	0.505407	0.793798	0.206202	0.5311465
2364	-2626.886	-2730.07	103.1838	1.939935	1.081806	0.3712787	0.667322	0.332678	0.3436503
2370	-2621.274	-2724.469	103.1955	1.834599	1.25643	0.3712787	0.667322	0.332678	0.5161973
2376	-2623.092	-2726.122	103.0298	1.871387	1.598944	0.3090775	0.696943	0.303057	0.522918
2382	-2625.439	-2728.697	103.2574	1.926607	1.454301	0.2352258	0.785837	0.214163	0.4445687
2388	-2627.838	-2731.659	103.8209	1.82061	0.9423525	0.2352258	0.711891	0.288109	0.4907017
2394	-2630.215	-2734.519	104.3041	1.686217	0.6430029	0.2352258	0.730696	0.269304	0.5725077
2400	-2630.297	-2733.961	103.6649	1.495076	1.009433	0.3874113	0.714628	0.285372	0.7004199
2406	-2618.995	-2722.659	103.6635	1.608503	1.041744	0.3248759	0.741223	0.258777	0.6760788
2412	-2624.172	-2727.952	103.7794	1.678762	0.8929814	0.3248759	0.704914	0.295086	0.5980696
2418	-2625.618	-2728.821	103.2033	1.771375	1.437726	0.3248759	0.71497	0.28503	0.5717285
2424	-2621.683	-2724.888	103.2045	1.794797	1.255803	0.3775212	0.817819	0.182181	0.6045514
2430	-2618.709	-2721.92	103.2103	1.752403	1.255803	0.4024461	0.798669	0.201331	0.5611888
2436	-2636.328	-2739.327	102.9988	1.704556	1.586413	0.4024461	0.751721	0.248279	0.5831043
2442	-2630.088	-2733.388	103.3006	1.459985	1.1203	0.4882975	0.790878	0.209122	0.8557435
2448	-2626.411	-2729.834	103.4233	1.474447	0.7869459	0.4882975	0.803026	0.196974	1.075002
2454	-2631.267	-2734.664	103.3971	1.732914	1.206202	0.3338293	0.768038	0.231962	0.6125574
2460	-2629.529	-2732.865	103.3361	1.46758	1.542618	0.2487532	0.723017	0.276983	0.9788687
2466	-2639.886	-2743.668	103.7818	1.444505	1.117068	0.2224966	0.821499	0.178501	0.9720324
2472	-2633.862	-2737.197	103.3348	1.485592	1.982636	0.183768	0.869664	0.130336	0.8499002
2478	-2620.787	-2723.746	102.959	1.476628	2.213258	0.3155219	0.796461	0.203539	0.7201868
2484	-2616.641	-2719.545	102.9039	1.513629	2.213258	0.3155219	0.792308	0.207692	0.7486007
2490	-2620.822	-2723.764	102.9419	1.560881	2.213258	0.2791497	0.829871	0.170129	0.7486007
2496	-2626.422	-2729.765	103.3432	1.655694	1.435811	0.3029747	0.796296	0.203704	0.6467729
2502	-2636.994	-2739.371	102.3764	1.344441	2.088748	0.516981	0.688548	0.311452	1.159124
2508	-2621.96	-2724.529	102.5689	1.352507	2.088748	0.4154986	0.817381	0.182619	1.137783
2514	-2618.172	-2721.335	103.1627	1.228794	1.119859	0.4361056	0.813342	0.186658	1.292065
2520	-2618.068	-2721.373	103.3051	1.203036	1.119859	0.3146449	0.822841	0.177159	1.394638
2526	-2625.624	-2728.564	102.9398	1.090953	1.783219	0.285201	0.82736	0.17264	1.426103
2532	-2624.532	-2727.43	102.8976	1.126617	1.743442	0.2917682	0.826226	0.173774	1.438835
2538	-2624.639	-2727.466	102.8274	1.178045	1.861532	0.2686154	0.826226	0.173774	1.438835
2544	-2625.52	-2728.465	102.945	1.205376	1.861532	0.3461314	0.808073	0.191927	1.176677
2550	-2622.147	-2725.272	103.1255	1.505282	1.523184	0.3461314	0.806427	0.193573	0.9347438
2556	-2628.904	-2732.033	103.129	1.4886	1.523184	0.3702205	0.819872	0.180128	0.894084
2562	-2623.821	-2726.751	102.9304	1.681748	1.617753	0.4388273	0.783337	0.216663	0.5886293
2568	-2626.637	-2729.106	102.469	1.681748	2.606352	0.3814516	0.768847	0.231153	0.6111852
2574	-2626.278	-2728.881	102.6027	1.568997	2.606352	0.3519072	0.828551	0.171449	0.6954807
2580	-2635.06	-2738.09	103.0297	1.543385	1.380066	0.487162	0.776081	0.223919	0.8177867
2586	-2630.388	-2733.446	103.0578	1.329667	1.167138	0.5500901	0.735693	0.264307	1.094285
2592	-2633.98	-2736.857	102.8765	1.111739	1.167138	0.5500901	0.692177	0.307823	1.426407
2598	-2629.486	-2732.716	103.2301	1.12498	1.167138	0.3688707	0.769257	0.230743	1.390105
2604	-2623.97	-2727.402	103.4316	1.72116	1.258677	0.3122678	0.809686	0.190314	0.5353349
2610	-2631.227	-2734.764	103.5373	1.768126	1.23139	0.2549103	0.728792	0.271208	0.5800117
2616	-2621.482	-2724.492	103.0093	1.712834	1.579268	0.3908036	0.728792	0.271208	0.6103261
2622	-2626.257	-2729.276	103.0195	1.693981	1.487757	0.423196	0.78044	0.21956	0.6426891
2628	-2627.896	-2730.987	103.0918	1.645042	1.487757	0.3912683	0.80477	0.19523	0.714109
2634	-2629.885	-2733.739	103.8537	1.653278	0.8971072	0.276776	0.707706	0.292294	0.7205457
2640	-2624.949	-2727.776	102.8264	1.637604	1.766545	0.4181547	0.80504	0.19496	0.7590353
2646	-2632.609	-2734.949	102.3399	1.664604	2.379376	0.4788441	0.829221	0.170779	0.7590353
2652	-2629.933	-2733.424	103.4912	1.387571	1.44672	0.2655452	0.788975	0.211025	0.9289091
2658	-2624.9	-2728.477	103.5767	1.430196	1.157145	0.3367502	0.715433	0.284567	0.8653032
2664	-2622.033	-2725.589	103.5561	1.490302	1.157145	0.3440175	0.754869	0.245131	0.7960562
2670	-2624.47	-2728.074	103.6039	1.440486	1.157145	0.3440175	0.811142	0.188858	0.7987325
2676	-2627.734	-2731.291	103.557	1.425019	1.097034	0.3320603	0.754099	0.245901	0.9646063
2682	-2629.326	-2732.624	103.2982	1.537799	1.473394	0.3320603	0.716648	0.283352	0.7660304
2688	-2629.398	-2732.706	103.3086	1.428819	1.473394	0.3648668	0.799097	0.200903	0.8062237
2694	-2621.362	-2724.838	103.4759	1.469496	1.473394	0.2723894	0.775695	0.224305	0.8062237
2700	-2617.798	-2721.534	103.7364	1.543549	1.012717	0.2723894	0.779302	0.220698	0.8789634
2706	-2620.036	-2724.165	104.1292	1.546517	0.7055329	0.2925367	0.709638	0.290362	0.7514417
2712	-2626.475	-2730.056	103.5816	1.46202	1.10375	0.3798037	0.744777	0.255223	0.7649304
2718	-2623.684	-2726.863	103.1786	1.517613	1.666827	0.3336257	0.778124	0.221876	0.7649304
2724	-2619.828	-2722.824	102.9953	1.609873	1.666827	0.4089155	0.736374	0.263626	0.6610274
2730	-2627.504	-2730.355	102.8511	1.45999	1.666827	0.4915091	0.817247	0.182753	0.8744477
2736	-2624.881	-2727.804	102.9225	1.569406	1.666827	0.4133063	0.760304	0.239696	0.8232067
2742	-2625.132	-2728.382	103.2507	1.632985	1.59544	0.2609084	0.72224	0.27776	0.8094369
2748	-2617.039	-2720.107	103.0685	1.618494	1.59544	0.3807375	0.771116	0.228884	0.7025614
2754	-2627.105	-2730.775	103.6699	1.494348	1.014565	0.3807375	0.775415	0.224585	0.7071702
2760	-2619.042	-2722.164	103.1223	1.490351	1.404255	0.3807375	0.755305	0.244695	0.9725783
2766	-2618.009	-2721.487	103.4779	1.381338	1.124214	0.3799051	0.746636	0.253364	0.9624513
2772	-2623.606	-2726.894	103.2872	1.391212	1.362074	0.3799051	0.794848	0.205152	0.93999
2778	-2616.551	-2719.978	103.4271	1.463482	1.195997	0.3749275	0.901755	0.0982453	0.868055
2784	-2615.763	-2719.342	103.5789	1.446018	1.195997	0.2608195	0.813052	0.186948	1.000666
2790	-2625.345	-2728.369	103.0245	1.365321	1.68078	0.3874648	0.8594	0.1406	0.9832813
2796	-2625.426	-2728.649	103.2228	1.522964	1.371689	0.4163273	0.69231	0.30769	0.7629086
2802	-2625.181	-2728.323	103.1429	2.126275	0.9900401	0.322957	0.82328	0.17672	0.3016424
2808	-2622.098	-2725.591	103.4935	2.115651	0.6181228	0.322957	0.757494	0.242506	0.2414488
2814	-2625.725	-2728.867	103.1424	2.196899	0.9668283	0.2563833	0.735716	0.264284	0.2367689
2820	-2623.022	-2726.043	103.0215	2.243493	0.9873717	0.2832885	0.775018	0.224982	0.2430615
2826	-2632.438	-2735.295	102.857	2.243493	0.9873717	0.3452459	0.793865	0.206135	0.2321204
2832	-2634.325	-2737.179	102.8538	2.247677	1.05934	0.326388	0.655606	0.344394	0.246256
2838	-2634.565	-2737.428	102.8624	2.247677	1.22936	0.2547225	0.80137	0.19863	0.2422205
2844	-2630.596	-2733.681	103.0853	2.180492	0.9300785	0.3256379	0.797909	0.202091	0.2632559
2850	-2634.507	-2738.81	104.3033	1.486486	0.649275	0.2768114	0.770483	0.229517	0.7497095
2856	-2632.893	-2736.887	103.9937	1.563467	0.8941233	0.2614456	0.832384	0.167616	0.7060964
2862	-2635.903	-2740.166	104.2633	1.563467	0.594265	0.3072136	0.758801	0.241199	0.6994193
2868	-2628.889	-2732.708	103.8189	1.646414	0.8894632	0.3072136	0.817074	0.182926	0.6817797
2874	-2619.486	-2723.317	103.8306	1.714638	0.8894632	0.2935401	0.695634	0.304366	0.554059
2880	-2628.85	-2731.42	102.5696	2.026953	1.671302	0.4060957	0.789073	0.210927	0.3534323
2886	-2633.206	-2735.88	102.6743	1.997856	1.509348	0.4313723	0.716268	0.283732	0.3649916
2892	-2623.909	-2726.479	102.5694	1.997224	1.925057	0.3545674	0.80614	0.19386	0.3971014
2898	-2626.637	-2729.202	102.5643	2.012336	1.925057	0.332976	0.800032	0.199968	0.3455107
2904	-2629.77	-2732.391	102.6207	2.067776	1.797332	0.3263829	0.88047	0.11953	0.3679771
2910	-2628.679	-2731.111	102.4324	2.015537	2.155456	0.3263829	0.76573	0.23427	0.3348604
2916	-2621.179	-2724.618	103.4387	1.928763	0.9384119	0.3414126	0.794233	0.205767	0.3999783
2922	-2633.127	-2736.187	103.0604	2.048424	1.124176	0.3414126	0.794233	0.205767	0.3084356
2928	-2635.704	-2737.855	102.1514	1.963636	2.135015	0.5217446	0.74855	0.25145	0.3587217
2934	-2635.521	-2737.936	102.4147	1.972695	2.135015	0.3864202	0.728951	0.271049	0.4125077
2940	-2638.035	-2741.691	103.656	1.497308	1.171555	0.2863471	0.712684	0.287316	0.8100312
2946	-2631.227	-2734.654	103.4264	1.447934	1.387346	0.2599939	0.744864	0.255136	0.9955721
2952	-2630.246	-2734.465	104.2189	1.339753	0.7182016	0.2252268	0.721268	0.278732	1.060272
2958	-2625.371	-2729.432	104.0611	1.283363	0.7182016	0.3222875	0.71648	0.28352	1.034731
2964	-2618.68	-2722.178	103.4984	1.249922	1.050818	0.3222875	0.727989	0.272011	1.239542
2970	-2624.913	-2728.973	104.06	1.231437	0.9550334	0.221992	0.734392	0.265608	1.06465
2976	-2625.37	-2728.984	103.6135	1.246926	0.9292742	0.3047358	0.734392	0.265608	1.281093
2982	-2626.672	-2730.372	103.7004	1.274147	0.9292742	0.4006706	0.765595	0.234405	0.9986229
2988	-2626.328	-2730.175	103.8468	1.37278	0.9292742	0.2942797	0.828099	0.171901	0.9795742
2994	-2628.03	-2731.427	103.3973	1.383375	1.126756	0.4269185	0.767753	0.232247	0.9478747
3000	-2625.764	-2729.262	103.4982	1.448426	1.326592	0.2846145	0.757142	0.242858	0.9057369
3006	-2619.221	-2722.773	103.5521	1.472808	1.249237	0.2691793	0.841305	0.158695	0.9313916
3012	-2623.098	-2726.537	103.4391	1.495326	1.433348	0.2753004	0.848125	0.151875	0.849005
3018	-2621.834	-2724.397	102.5635	1.526293	1.799621	0.5896722	0.771704	0.228296	0.8508824
3024	-2631.711	-2734.45	102.7394	1.508824	1.793998	0.5232656	0.839704	0.160296	0.7826078
3030	-2635.903	-2738.568	102.6651	1.432915	2.052857	0.496895	0.839704	0.160296	0.8305197
3036	-2624.963	-2728.839	103.8759	1.432915	1.007679	0.2359926	0.794033	0.205967	0.9563657
3042	-2623.7	-2726.869	103.1693	1.404867	1.781479	0.2842036	0.794033	0.205967	0.9563657
3048	-2624.848	-2728.624	103.776	1.519764	1.078676	0.283598	0.676967	0.323033	0.738165
3054	-2617.327	-2720.889	103.5622	1.485745	1.074126	0.3495047	0.691953	0.308047	0.8748925
3060	-2622.145	-2725.585	103.4397	1.495707	1.284846	0.348794	0.802557	0.197443	0.7836613
3066	-2625.117	-2728.509	103.3927	1.520188	1.284846	0.348794	0.663293	0.336707	0.8137853
3072	-2626.104	-2729.181	103.0762	1.650409	1.467383	0.4051076	0.770026	0.229974	0.7117071
3078	-2622.652	-2725.802	103.1503	1.592972	1.467383	0.3995677	0.803477	0.196523	0.7014419
3084	-2631.68	-2734.684	103.0033	1.623538	1.644431	0.3991377	0.799233	0.200767	0.684882
3090	-2634.094	-2737.117	103.0224	1.61341	1.605754	0.4084206	0.785352	0.214648	0.684882
3096	-2634.777	-2738.015	103.2381	1.74195	1.129118	0.4084206	0.781361	0.218639	0.7418421
3102	-2628.281	-2731.997	103.7157	1.596941	0.8433931	0.4084206	0.722907	0.277093	0.6685466
3108	-2630.675	-2734.195	103.5197	1.570396	1.071622	0.3850064	0.723349	0.276651	0.7244123
3114	-2630.309	-2733.618	103.3091	1.627797	1.263697	0.3594848	0.722171	0.277829	0.7749656
3120	-2624.494	-2727.92	103.4261	1.526387	1.263697	0.3594848	0.746729	0.253271	0.7524601
3126	-2627.232	-2730.582	103.3496	1.511047	1.263697	0.3594848	0.808891	0.191109	0.872189
3132	-2620.487	-2723.926	103.439	1.380725	1.263697	0.358435	0.790044	0.209956	0.9209377
3138	-2619.145	-2722.523	103.378	1.570629	1.263697	0.304096	0.754218	0.245782	0.909861
3144	-2623.773	-2727.124	103.352	1.608434	1.356075	0.304096	0.677618	0.322382	0.8052656
3150	-2626.503	-2730.403	103.9	1.571742	0.8435844	0.304096	0.677618	0.322382	0.7657715
3156	-2616.62	-2720.408	103.7885	1.179036	0.8804119	0.304096	0.651572	0.348428	1.237199
3162	-2618.007	-2721.51	103.5035	1.337706	1.246969	0.304096	0.798833	0.201167	1.035103
3168	-2622.816	-2726.375	103.559	1.197449	1.246969	0.304096	0.712951	0.287049	1.114383
3174	-2631.851	-2735.91	104.0593	1.217467	0.664134	0.2765276	0.689865	0.310135	1.253353
3180	-2631.301	-2734.746	103.4448	1.218547	1.088435	0.3319034	0.702521	0.297479	1.262812
3186	-2624.853	-2728.36	103.5068	1.245743	0.9537018	0.3522817	0.796356	0.203644	1.262812
3192	-2625.722	-2729.659	103.9365	1.287302	0.9537018	0.2480668	0.692946	0.307054	1.062996
3198	-2628.354	-2731.967	103.613	1.337681	0.9537018	0.2651371	0.80226	0.19774	1.264336
3204	-2628.286	-2731.547	103.2605	1.367309	1.428876	0.3699229	0.771327	0.228673	0.9598325
3210	-2640.117	-2744.231	104.1135	1.438077	0.8233039	0.2486498	0.621074	0.378926	0.8687093
3216	-2632.932	-2736.663	103.7317	1.335944	1.107119	0.2493435	0.727406	0.272594	1.065445
3222	-2627.122	-2730.917	103.7946	1.225543	0.8053421	0.2951859	0.685043	0.314957	1.281549
3228	-2630.416	-2733.931	103.5151	1.177014	0.9997903	0.2950353	0.63205	0.36795	1.376085
3234	-2617.541	-2720.983	103.4419	1.611838	1.201223	0.3416553	0.748742	0.251258	0.7366775
3240	-2617.871	-2721.238	103.3678	1.623161	1.457206	0.3061546	0.71455	0.28545	0.6086029
3246	-2622.947	-2726.46	103.5132	1.695478	1.123648	0.3415477	0.763623	0.236377	0.514302
3252	-2621.688	-2725.415	103.7276	1.737352	1.123648	0.2342809	0.789004	0.210996	0.4688909
3258	-2623.867	-2727.252	103.3858	1.740839	1.459647	0.2525892	0.771647	0.228353	0.5882532
3264	-2625.605	-2728.636	103.0311	1.771998	1.573531	0.3609969	0.828996	0.171004	0.5477783
3270	-2623.405	-2726.114	102.7089	1.833987	1.651339	0.4641681	0.810606	0.189394	0.5924092
3276	-2624.458	-2726.921	102.463	1.718687	1.915036	0.5837071	0.790904	0.209096	0.5924092
3282	-2625.822	-2728.941	103.1189	1.348079	1.408701	0.4104252	0.771346	0.228654	1.056072
3288	-2623.648	-2726.513	102.8649	1.199124	1.6304	0.4104252	0.771346	0.228654	1.268467
3294	-2628.524	-2731.732	103.2079	1.199124	1.015955	0.4104252	0.825583	0.174417	1.396463
3300	-2628.729	-2731.646	102.9163	1.241095	1.233512	0.4658266	0.730556	0.269444	1.356967
3306	-2632.216	-2735.926	103.7101	1.229247	1.034713	0.3105849	0.736229	0.263771	1.109644
3312	-2638.575	-2741.871	103.2955	1.110167	1.465874	0.2237695	0.637939	0.362061	1.428978
3318	-2630.253	-2733.483	103.2307	1.296772	1.465874	0.2682008	0.79505	0.20495	1.237406
3324	-2632.089	-2735.995	103.9056	1.338111	0.9324918	0.2682008	0.67104	0.32896	1.015454
3330	-2644.615	-2748.172	103.5567	1.233093	1.069204	0.2547796	0.764242	0.235758	1.323601
3336	-2639.322	-2742.552	103.2293	1.115904	1.069204	0.3655079	0.764242	0.235758	1.472163
3342	-2627.755	-2731.11	103.3545	1.499207	1.350343	0.3401958	0.821045	0.178955	0.8444569
3348	-2630.985	-2734.65	103.6655	1.503506	1.140613	0.3000468	0.7854	0.2146	0.782715
3354	-2627.501	-2730.395	102.8935	0.897259	1.098559	0.2675453	0.789641	0.210359	1.999276
3360	-2641.018	-2744.327	103.3096	1.53793	1.278062	0.3753417	0.839358	0.160642	0.834498
3366	-2632.019	-2735.338	103.319	1.436584	1.319308	0.3753417	0.765663	0.234337	0.9029922
3372	-2655.835	-2758.108	102.2733	1.050241	1.467009	0.3791463	0.78129	0.21871	1.940187
3378	-2647.831	-2750.592	102.7604	1.055402	1.854041	0.2654891	0.857318	0.142682	1.589757
3384	-2638.914	-2742.56	103.6459	1.4734	0.9462804	0.3868853	0.812309	0.187691	0.8504217
3390	-2637.358	-2741.035	103.6763	1.05271	0.5716711	0.2622995	0.633323	0.366677	1.788697
3396	-2638.034	-2741.933	103.8985	1.078577	0.6305263	0.2622995	0.658345	0.341655	1.550463
3402	-2638.746	-2742.86	104.1133	0.9724561	0.6837575	0.1966919	0.760493	0.239507	1.550463
3408	-2641.683	-2745.616	103.9326	0.9260339	0.8759177	0.1966919	0.697175	0.302825	1.546971
3414	-2633.759	-2736.107	102.3477	1.089911	2.006949	0.4019542	0.843092	0.156908	1.580437
3420	-2634.448	-2737.262	102.8135	1.035981	1.320771	0.4326366	0.861561	0.138439	1.580437
3426	-2633.233	-2735.252	102.0193	0.9938108	1.511629	0.3038148	0.793904	0.206096	2.229211
3432	-2633.557	-2736.124	102.5672	1.229766	1.3251	0.4934899	0.790698	0.209302	1.538354
3438	-2628.045	-2730.961	102.9156	1.23304	1.308002	0.4598221	0.665618	0.334382	1.32272
3444	-2630.068	-2733.289	103.2217	1.232401	1.082838	0.4008141	0.723288	0.276712	1.32272
3450	-2628.459	-2731.861	103.4024	1.434044	1.082838	0.4008141	0.726118	0.273882	0.983272
3456	-2633.018	-2736.702	103.6845	1.382412	0.8551799	0.3704003	0.658052	0.341948	1.045782
3462	-2618.627	-2722.389	103.7619	1.277576	1.032222	0.2808981	0.815275	0.184725	1.08398
3468	-2627.716	-2730.943	103.2274	1.509553	1.366561	0.3731752	0.793197	0.206803	0.8862206
3474	-2626.187	-2729.122	102.9347	1.143617	1.267001	0.3790748	0.741207	0.258793	1.519689
3480	-2629.443	-2732.564	103.1207	1.090162	1.267001	0.3193271	0.786937	0.213063	1.514962
3486	-2635.724	-2739.576	103.8516	1.174399	0.7590237	0.308132	0.694638	0.305362	1.297619
3492	-2632.813	-2736.703	103.8897	1.143691	0.9415751	0.2868129	0.730147	0.269853	1.159255
3498	-2627.854	-2731.794	103.9396	1.398073	0.9415751	0.3014537	0.730147	0.269853	0.811595
3504	-2629.234	-2732.818	103.5836	1.294336	0.9415751	0.4113918	0.843111	0.156889	1.060136
3510	-2630.846	-2734.08	103.2344	1.236168	1.479533	0.3327364	0.755262	0.244738	1.148039
3516	-2630.155	-2733.444	103.2892	1.423049	1.479533	0.3327364	0.761708	0.238292	0.9122535
3522	-2635.503	-2739.039	103.5363	1.383145	1.445824	0.2917634	0.807162	0.192838	0.8057216
3528	-2645.142	-2748.914	103.7715	1.505907	0.8981514	0.4081124	0.750406	0.249594	0.6115784
3534	-2629.287	-2732.92	103.6326	1.240603	1.013739	0.3327364	0.57954	0.42046	1.143252
3540	-2639.197	-2742.238	103.0418	1.288795	1.316674	0.412436	0.815888	0.184112	1.238344
3546	-2629.257	-2732.017	102.7607	1.205204	1.466786	0.5594625	0.70017	0.29983	1.237337
3552	-2631.359	-2734.271	102.9122	1.387878	1.466786	0.5403999	0.598125	0.401875	0.9560587
3558	-2623.55	-2726.463	102.9128	1.572894	1.466786	0.5403999	0.795786	0.204214	0.7247923
3564	-2622.778	-2726.297	103.5189	1.574808	1.218934	0.3095365	0.72764	0.27236	0.7603567
3570	-2624.422	-2727.473	103.0513	1.365371	1.362715	0.4898699	0.833618	0.166382	1.002289
3576	-2626.987	-2730.935	103.9484	1.355095	0.7813474	0.3477013	0.713459	0.286541	0.9411563
3582	-2623.246	-2726.654	103.4079	1.330105	1.465182	0.280345	0.848031	0.151969	1.021541
3588	-2623.312	-2726.624	103.3124	1.332772	1.465182	0.2940141	0.722112	0.277888	1.078904
3594	-2629.932	-2733.277	103.3447	1.449318	1.168496	0.402532	0.717727	0.282273	0.9423818
3600	-2624.471	-2727.733	103.2622	1.201804	1.229782	0.3403655	0.830749	0.169251	1.307427
3606	-2630.803	-2733.783	102.9798	0.9776012	1.229782	0.3203867	0.748197	0.251803	1.719607
3612	-2631.682	-2734.814	103.1325	1.238203	1.3137	0.3449359	0.725607	0.274393	1.318422
3618	-2625.801	-2728.699	102.898	1.24572	1.616544	0.3449359	0.814202	0.185798	1.318422
3624	-2623.327	-2726.157	102.8298	2.176792	0.8896188	0.462548	0.768741	0.231259	0.2453423
3630	-2625.332	-2728.648	103.3162	1.383415	1.067729	0.355078	0.773322	0.226678	1.207289
3636	-2627.351	-2730.956	103.6049	1.329903	1.067729	0.355078	0.767061	0.232939	0.9909371
3642	-2628.577	-2732.348	103.7708	1.245899	0.8178124	0.3616728	0.770614	0.229386	1.147604
3648	-2624.044	-2727.402	103.3583	1.248575	1.245061	0.3561826	0.778069	0.221931	1.147604
3654	-2629.419	-2732.796	103.3775	1.373947	1.033202	0.4793247	0.73998	0.26002	0.9736407
3660	-2624.569	-2728.529	103.9597	1.360053	0.8521744	0.2916822	0.851522	0.148478	0.9693524
3666	-2633.245	-2737.263	104.0177	1.337711	0.8007648	0.2916822	0.627325	0.372675	0.9933552
3672	-2636.995	-2740.694	103.6993	1.542241	0.8007648	0.4111061	0.825629	0.174371	0.8408849
3678	-2629.857	-2733.34	103.4828	1.41885	1.099556	0.4057626	0.813385	0.186615	0.8860436
3684	-2628.484	-2732.195	103.7112	1.468074	1.117126	0.3131383	0.818756	0.181244	0.7556497
3690	-2625.663	-2728.667	103.0038	1.525764	1.631025	0.3778386	0.875077	0.124923	0.8901005
3696	-2624.951	-2728.874	103.9234	1.396371	0.893423	0.2491941	0.779243	0.220757	1.029521
3702	-2626.128	-2729.52	103.3928	1.248575	1.315289	0.3149402	0.739678	0.260322	1.144555
3708	-2628.849	-2731.851	103.0012	1.162301	1.315289	0.3239596	0.773503	0.226497	1.512941
3714	-2626.181	-2729.175	102.9943	1.163355	1.495643	0.3239596	0.745553	0.254447	1.41151
3720	-2622.79	-2725.598	102.8078	1.157446	1.495643	0.3456366	0.799519	0.200481	1.521795
3726	-2625.914	-2729.05	103.1366	1.150817	1.260912	0.3641348	0.799519	0.200481	1.387252
3732	-2626.816	-2729.832	103.0158	1.104776	1.260912	0.4591024	0.849529	0.150471	1.376999
3738	-2633.534	-2736.21	102.6756	0.9934113	1.674924	0.3890282	0.849529	0.150471	1.581848
3744	-2628.671	-2731.478	102.8069	0.957246	1.674924	0.2940633	0.807116	0.192884	1.660568
3750	-2632.425	-2735.539	103.114	1.057246	1.020463	0.300779	0.785188	0.214812	1.735607
3756	-2626.454	-2729.228	102.7742	0.863207	1.126526	0.300779	0.789743	0.210257	2.030767
3762	-2625.89	-2728.796	102.9066	0.993932	1.126526	0.300779	0.836194	0.163806	1.853558
3768	-2625.495	-2728.931	103.4358	1.021821	0.8416668	0.2748041	0.65726	0.34274	1.710821
3774	-2629.888	-2733.264	103.3754	1.105746	0.8416668	0.2925904	0.779934	0.220066	1.663534
3780	-2627.226	-2731.139	103.9129	1.274944	0.8330589	0.3634025	0.673694	0.326306	0.9645932
3786	-2630.527	-2734.282	103.7548	1.197018	0.839627	0.3634025	0.82057	0.17943	1.179373
3792	-2637.458	-2741.757	104.2989	1.402497	0.677442	0.1728631	0.806398	0.193602	1.122687
3798	-2627.765	-2732.039	104.2734	1.290962	0.6059743	0.2702331	0.771658	0.228342	1.086563
3804	-2628.521	-2732.163	103.6419	1.384381	0.9038625	0.2870959	0.691806	0.308194	1.199646
3810	-2627.959	-2731.058	103.0994	1.404569	1.408908	0.4292913	0.752319	0.247681	0.9851316
3816	-2635.689	-2738.935	103.2464	1.454603	1.337774	0.392153	0.769509	0.230491	0.9101277
3822	-2631.542	-2734.29	102.7478	1.334576	1.947993	0.392153	0.752266	0.247734	1.106915
3828	-2626.115	-2729.083	102.9686	1.284771	1.947993	0.3517103	0.850024	0.149976	1.022906
3834	-2620.011	-2723.062	103.0512	1.213647	1.63519	0.4064297	0.749163	0.250837	1.098093
3840	-2619.043	-2721.968	102.9257	1.105861	1.734206	0.3287527	0.773663	0.226337	1.372366
3846	-2625.122	-2728.43	103.3077	1.252481	1.358819	0.3287527	0.773663	0.226337	1.15828
3852	-2629.219	-2732.328	103.1097	1.542963	1.666211	0.3616462	0.712827	0.287173	0.7420528
3858	-2626.718	-2729.698	102.9794	1.574161	1.832186	0.3616462	0.812443	0.187557	0.7277334
3864	-2622.767	-2726.205	103.4387	1.513998	1.242907	0.3616462	0.761807	0.238193	0.7711481
3870	-2633.915	-2737.987	104.0722	1.342526	0.6627464	0.293778	0.688898	0.311102	1.098708
3876	-2631.357	-2734.564	103.2071	1.081857	1.265966	0.3421956	0.833539	0.166461	1.418436
3882	-2625.055	-2728.613	103.5577	1.244609	1.13829	0.2059988	0.805144	0.194856	1.369398
3888	-2622.348	-2725.685	103.3372	1.348416	1.453195	0.3277433	0.755887	0.244113	0.9731924
3894	-2625.588	-2728.549	102.9607	1.222197	1.624658	0.4448779	0.823606	0.176394	1.114645
3900	-2624.404	-2727.566	103.1623	1.206614	1.028439	0.4344826	0.799211	0.200789	1.381747
3906	-2627.156	-2730.726	103.5699	1.363918	1.043809	0.3460388	0.772847	0.227153	1.033411
3912	-2627.581	-2731.065	103.4841	1.35293	1.101657	0.3986664	0.772847	0.227153	0.9688304
3918	-2620.77	-2724.477	103.7075	1.351735	1.101657	0.3310939	0.759294	0.240706	0.8777265
3924	-2638.495	-2741.196	102.701	1.516414	1.743502	0.4597833	0.795545	0.204455	0.9798317
3930	-2629.701	-2732.815	103.1132	1.423459	1.743502	0.342895	0.795545	0.204455	0.8783804
3936	-2627.654	-2731.212	103.558	1.661095	1.074594	0.342895	0.721624	0.278376	0.6392084
3942	-2620.799	-2723.938	103.1397	1.760233	1.497524	0.342895	0.764389	0.235611	0.488489
3948	-2624.731	-2728.254	103.5228	1.719451	1.067955	0.3376169	0.756266	0.243734	0.625873
3954	-2629.427	-2733.06	103.6338	1.597193	1.067955	0.3376169	0.788635	0.211365	0.6518189
3960	-2631.044	-2734.855	103.811	1.630156	1.088951	0.2415092	0.744096	0.255904	0.6518189
3966	-2633.245	-2736.738	103.4933	1.455762	1.341855	0.2685675	0.769579	0.230421	0.9327948
3972	-2630.703	-2734.477	103.7738	1.198679	1.019529	0.3094504	0.780567	0.219433	1.095266
3978	-2632.193	-2735.948	103.7545	1.257247	1.003978	0.3553173	0.804271	0.195729	0.9753596
3984	-2621.118	-2724.784	103.6664	1.363548	1.038867	0.3092644	0.779399	0.220601	1.023363
3990	-2631.929	-2735.639	103.7107	1.369538	0.8646573	0.3782639	0.731732	0.268268	1.006997
3996	-2626.058	-2730.447	104.3888	1.259178	0.5754128	0.2570335	0.663809	0.336191	1.081655
4002	-2634.537	-2737.985	103.448	1.364647	1.458413	0.3106063	0.773082	0.226918	0.8720112
4008	-2629.731	-2733.405	103.6747	1.518948	1.041142	0.3275596	0.665765	0.334235	0.7912663
4014	-2645.851	-2749.319	103.468	1.597338	1.180611	0.3618181	0.787386	0.212614	0.6750007
4020	-2632.9	-2736.123	103.2232	1.154316	1.162526	0.3272327	0.752826	0.247174	1.443991
4026	-2627.672	-2730.957	103.2848	1.161099	1.087817	0.3272327	0.708756	0.291244	1.443991
4032	-2634.037	-2737.011	102.9749	1.416291	2.196638	0.278636	0.853959	0.146041	0.9037559
4038	-2624.736	-2727.727	102.9909	1.306665	1.751649	0.2963004	0.815835	0.184165	1.205852
4044	-2627.838	-2730.479	102.6409	1.28297	1.751649	0.4319316	0.849479	0.150521	1.28408
4050	-2624.515	-2727.501	102.987	1.153631	1.784414	0.3273081	0.802007	0.197993	1.260727
4056	-2629.265	-2732.788	103.5229	1.170303	1.227111	0.2731523	0.787892	0.212108	1.248082
4062	-2625.787	-2729.258	103.4714	1.300521	1.10743	0.3323731	0.725953	0.274047	1.154231
4068	-2632.073	-2735.607	103.5344	1.240323	1.001104	0.3816893	0.785245	0.214755	1.151357
4074	-2638.98	-2742.206	103.2261	1.07344	1.384537	0.3028536	0.73696	0.26304	1.403851
4080	-2638.041	-2741.644	103.6032	1.126185	0.7623478	0.3580633	0.646474	0.353526	1.442296
4086	-2639.179	-2742.235	103.0557	1.006606	1.101108	0.3580633	0.785619	0.214381	1.669024
4092	-2631.05	-2734.701	103.6516	1.180142	0.9542718	0.2424407	0.739371	0.260629	1.406016
4098	-2635.049	-2738.164	103.1155	1.229952	0.9877327	0.4911575	0.657034	0.342966	1.354128
4104	-2632.396	-2735.783	103.3874	1.227709	1.088042	0.3572513	0.750939	0.249061	1.25841
4110	-2643.353	-2747.145	103.792	1.228715	0.7631829	0.3580225	0.675818	0.324182	1.207232
4116	-2629.44	-2733.034	103.594	1.200767	0.8351696	0.3580225	0.750803	0.249197	1.323782
4122	-2633.269	-2737.316	104.0466	1.359961	0.7724843	0.2953955	0.785387	0.214613	0.96668
4128	-2631.084	-2734.929	103.8452	1.480626	0.964981	0.2953955	0.806126	0.193874	0.8138672
4134	-2618.846	-2722.833	103.987	1.432418	0.861223	0.2953955	0.724383	0.275617	0.8361507
4140	-2621.4	-2725.796	104.3958	1.316298	0.5908526	0.2673126	0.724383	0.275617	0.971306
4146	-2621.809	-2725.593	103.7844	1.316298	0.8626766	0.3499381	0.742904	0.257096	1.04594
4152	-2622.501	-2726.336	103.8342	1.327056	0.8626766	0.343382	0.813059	0.186941	1.000227
4158	-2622.843	-2726.272	103.4287	1.295457	1.105383	0.343382	0.699373	0.300627	1.17692
4164	-2620.203	-2724.067	103.8647	1.430842	0.9434996	0.2752051	0.712164	0.287836	0.9323683
4170	-2621.865	-2726.004	104.139	1.57622	0.691736	0.2752051	0.645232	0.354768	0.7806646
4176	-2616.644	-2720.792	104.1479	1.548999	0.7070894	0.2868914	0.710282	0.289718	0.7365433
4182	-2620.073	-2723.812	103.7385	1.785071	0.9293902	0.2868914	0.741895	0.258105	0.5032572
4188	-2617.28	-2720.655	103.3749	1.739962	1.415245	0.2601152	0.719289	0.280711	0.6550115
4194	-2619.424	-2722.631	103.2073	1.844604	1.554256	0.2601152	0.733014	0.266986	0.4979877
4200	-2619.148	-2722.569	103.4212	1.82805	1.227974	0.2832223	0.733014	0.266986	0.4979877
4206	-2621.143	-2724.818	103.6751	1.86963	0.9163115	0.2838872	0.703007	0.296993	0.4979877
4212	-2628.187	-2732.066	103.8796	1.761112	0.9163115	0.2437559	0.761793	0.238207	0.5542854
4218	-2627.978	-2731.492	103.5138	1.718253	1.252529	0.2769815	0.802451	0.197549	0.5797383
4224	-2623.118	-2726.577	103.4593	1.751687	1.116733	0.3410176	0.778005	0.221995	0.5545835
4230	-2624.874	-2728.115	103.241	1.87016	1.360304	0.2951007	0.815582	0.184418	0.4791698
4236	-2622.37	-2725.74	103.3697	1.96826	1.047916	0.2941963	0.785205	0.214795	0.3598084
4242	-2624.3	-2727.606	103.3058	1.942213	1.047916	0.3364861	0.712021	0.287979	0.3671717
4248	-2628.196	-2731.514	103.3177	1.880646	1.144031	0.3364861	0.704814	0.295186	0.4622502
4254	-2622.183	-2725.832	103.6486	1.836947	0.8902175	0.3214329	0.691721	0.308279	0.487649
4260	-2621.719	-2724.881	103.1611	1.737966	1.506053	0.3386992	0.761187	0.238813	0.5456432
4266	-2624.448	-2727.787	103.3393	1.727127	1.284626	0.3386992	0.770569	0.229431	0.5690013
4272	-2635.668	-2738.844	103.1757	1.192538	1.270712	0.4048974	0.818536	0.181464	1.250451
4278	-2640.417	-2743.81	103.393	1.289988	1.083886	0.3623066	0.689612	0.310388	1.195542
4284	-2626.878	-2730.39	103.5121	1.808164	1.178733	0.2703565	0.826756	0.173244	0.5420898
4290	-2635.778	-2739.28	103.5021	1.775309	1.230094	0.2703565	0.826756	0.173244	0.5285647
4296	-2627.434	-2730.504	103.0698	1.775486	1.230094	0.4773009	0.799332	0.200668	0.5772692
4302	-2627.373	-2730.944	103.5717	1.582198	1.106694	0.3576301	0.762107	0.237893	0.6482115
4308	-2632.61	-2736.224	103.6137	1.555444	1.07134	0.3576301	0.721897	0.278103	0.6841917
4314	-2625.472	-2728.641	103.169	1.560245	1.397023	0.3576301	0.788944	0.211056	0.9040676
4320	-2626.702	-2730.585	103.8828	1.412246	0.7875302	0.3576301	0.736153	0.263847	0.9198105
4326	-2637.642	-2741.35	103.7079	1.492559	0.9341635	0.3407339	0.710071	0.289929	0.8816086
4332	-2626.352	-2729.952	103.6001	1.502771	1.322231	0.2392599	0.75512	0.24488	0.8626508
4338	-2635.581	-2739.226	103.6447	1.441696	1.240177	0.2546767	0.755529	0.244471	0.912937
4344	-2629.609	-2733.257	103.6482	1.402673	1.240177	0.2546767	0.68285	0.31715	0.9512079
4350	-2622.954	-2726.033	103.079	1.25443	1.240177	0.40147	0.673834	0.326166	1.305547
4356	-2630.47	-2734.06	103.5905	1.214801	0.804116	0.40147	0.717696	0.282304	1.273894
4362	-2628.058	-2731.086	103.0273	1.375949	1.541352	0.3594412	0.816717	0.183283	1.117077
4368	-2627.172	-2730.535	103.3638	1.442829	1.541352	0.241858	0.770749	0.229251	0.995309
4374	-2626.87	-2730.143	103.2729	1.418796	1.541352	0.2995031	0.762773	0.237227	0.9660243
4380	-2625.571	-2729.55	103.9791	1.431517	0.83037	0.2995031	0.771627	0.228373	0.8770746
4386	-2620.363	-2724.193	103.8296	1.676092	0.83037	0.3324799	0.799029	0.200971	0.6143955
4392	-2627.176	-2730.43	103.2548	1.714366	1.429697	0.3324799	0.666944	0.333056	0.5479362
4398	-2631.793	-2735.117	103.3246	1.628958	1.429697	0.3324799	0.873772	0.126228	0.6064118
4404	-2624.364	-2727.284	102.9204	1.368902	1.694032	0.3834316	0.735469	0.264531	1.080037
4410	-2620.37	-2723.195	102.8244	1.435199	1.766863	0.3834316	0.813246	0.186754	1.063008
4416	-2628.411	-2731.592	103.1817	1.358912	1.460394	0.3834316	0.886541	0.113459	0.996939
4422	-2627.73	-2730.63	102.9001	1.355584	2.379225	0.2589867	0.85677	0.14323	0.996939
4428	-2626.2	-2729.335	103.1349	1.422478	1.876862	0.2363717	0.808879	0.191121	1.035597
4434	-2632.021	-2734.983	102.9619	1.388444	1.497483	0.2775171	0.751259	0.248741	1.344035
4440	-2618.645	-2721.88	103.235	1.278741	1.444617	0.3082866	0.769973	0.230027	1.18096
4446	-2629.3	-2732.479	103.1782	1.26704	1.391527	0.3584269	0.738895	0.261105	1.18096
4452	-2634.13	-2737.6	103.4704	1.389523	1.297147	0.3370897	0.726187	0.273813	0.895584
4458	-2619.537	-2723.151	103.6135	1.488229	1.076605	0.3370897	0.731741	0.268259	0.8392862
4464	-2632.328	-2736.131	103.8026	1.525977	0.9702723	0.3370897	0.731741	0.268259	0.651719
4470	-2632.033	-2735.489	103.4561	1.618899	1.236459	0.3370897	0.681214	0.318786	0.6632858
4476	-2619.748	-2723.051	103.3025	1.614954	1.474421	0.3388334	0.786505	0.213495	0.5684045
4482	-2627.87	-2731.597	103.7273	1.677218	1.08689	0.2695234	0.778481	0.221519	0.5504727
4488	-2626.694	-2730.471	103.7768	1.794299	1.069782	0.2147467	0.689273	0.310727	0.5183676
4494	-2623.211	-2727.083	103.8719	1.663512	1.069782	0.2147467	0.802453	0.197547	0.6471524
4500	-2625.156	-2728.946	103.7903	1.660269	1.069782	0.2510639	0.757556	0.242444	0.612269
4506	-2634.815	-2739.15	104.3346	1.498186	0.7091039	0.2207484	0.73827	0.26173	0.7849693
4512	-2626.961	-2731.035	104.0738	1.475221	0.8955659	0.2207484	0.782804	0.217196	0.8657193
4518	-2625.575	-2729.59	104.0147	1.436011	0.8955659	0.2705083	0.86723	0.13277	0.8249229
4524	-2631.693	-2735.825	104.1323	1.369807	0.7906308	0.2817152	0.689364	0.310636	0.8739595
4530	-2632.881	-2737.1	104.2189	1.259629	0.6620945	0.2810136	0.707768	0.292232	1.068713
4536	-2630.427	-2734.572	104.1447	1.43177	0.6620945	0.264981	0.741297	0.258703	1.012572
4542	-2634.996	-2738.781	103.7848	1.39439	1.043184	0.264981	0.825558	0.174442	0.9761021
4548	-2637.785	-2741.366	103.5814	1.225325	1.043184	0.3879304	0.827034	0.172966	1.073509
4554	-2629.269	-2732.224	102.9546	1.20988	1.08708	0.4856988	0.869755	0.130245	1.427091
4560	-2625.156	-2728.436	103.2802	1.230791	1.08708	0.3634533	0.77048	0.22952	1.333442
4566	-2622.981	-2726.675	103.6941	1.282926	0.8659908	0.3319703	0.771956	0.228044	1.189494
4572	-2641.577	-2745.057	103.4798	1.319429	1.126365	0.3435218	0.836682	0.163318	1.092247
4578	-2622.794	-2726.433	103.6389	1.375452	1.157483	0.2158841	0.717548	0.282452	1.1555
4584	-2628.348	-2732.225	103.8768	1.479168	1.094956	0.237652	0.857356	0.142644	0.7979679
4590	-2627.27	-2731.037	103.7673	1.527704	0.9150818	0.309497	0.768249	0.231751	0.8756319
4596	-2636.982	-2740.124	103.1424	1.582382	1.674144	0.309497	0.761215	0.238785	0.7931637
4602	-2624.722	-2727.722	102.9997	0.9765168	0.9540842	0.2971254	0.724519	0.275481	1.921906
4608	-2625.355	-2728.279	102.924	1.096433	0.813069	0.3952423	0.698748	0.301252	1.85501
4614	-2630.15	-2733.614	103.4649	0.9581726	0.813069	0.2530421	0.698748	0.301252	1.796483
4620	-2631.987	-2736.025	104.0378	1.325529	0.7639212	0.280329	0.777246	0.222754	1.055506
4626	-2621.942	-2725.883	103.9417	1.245908	0.8482583	0.280329	0.777246	0.222754	1.126288
4632	-2622.099	-2725.653	103.5541	1.330851	0.9578985	0.3011164	0.796918	0.203082	1.242985
4638	-2632.403	-2736.495	104.0914	1.246037	0.9469506	0.1714667	0.715921	0.284079	1.168969
4644	-2630.607	-2735.188	104.5813	1.14513	0.5750814	0.1714667	0.693183	0.306817	1.230595
4650	-2625.135	-2729.704	104.5688	1.248377	0.5870446	0.1714667	0.701187	0.298813	1.136547
4656	-2624.37	-2728.804	104.4339	1.293623	0.5438341	0.2098756	0.688655	0.311345	1.169276
4662	-2622.135	-2725.943	103.8084	1.475612	0.8970434	0.298368	0.706587	0.293413	0.9382014
4668	-2630.922	-2734.566	103.6437	1.38342	0.9968487	0.298368	0.702104	0.297896	1.089297
4674	-2630.356	-2734.296	103.9405	1.260499	0.8369755	0.3083266	0.753186	0.246814	1.064977
4680	-2626.107	-2729.675	103.5681	1.42646	1.343596	0.2282505	0.820615	0.179385	0.9941063
4686	-2620.371	-2723.679	103.3079	1.355094	1.509227	0.2394003	0.772822	0.227178	1.157593
4692	-2622.05	-2725.704	103.6532	1.272833	0.9436066	0.3337659	0.682834	0.317166	1.157593
4698	-2620.588	-2723.948	103.36	1.356953	1.2114	0.347147	0.819666	0.180334	1.091295
4704	-2626.222	-2729.621	103.3987	1.580278	1.214702	0.3844552	0.755332	0.244668	0.6951901
4710	-2622.66	-2725.753	103.0931	1.483036	1.510798	0.3721329	0.793906	0.206094	0.9451618
4716	-2626.879	-2730.137	103.2583	1.510686	1.510798	0.3213226	0.854062	0.145938	0.8490787
4722	-2631.293	-2734.661	103.3677	1.459664	1.510798	0.3213226	0.767862	0.232138	0.7727885
4728	-2631.57	-2735.684	104.1136	1.496132	0.8150992	0.2484531	0.738609	0.261391	0.8091677
4734	-2631.344	-2735.19	103.8461	1.561173	0.9475773	0.2890742	0.837095	0.162905	0.7462414
4740	-2640.768	-2742.994	102.2264	0.8691002	1.163375	0.2444588	0.802482	0.197518	2.448441
4746	-2639.519	-2742.169	102.6503	0.9444791	1.168887	0.2444588	0.766031	0.233969	2.12567
4752	-2631.244	-2734.826	103.5822	1.623605	1.338579	0.245844	0.805989	0.194011	0.6679469
4758	-2635.111	-2738.632	103.5211	1.669871	0.9950161	0.3878911	0.688258	0.311742	0.6679469
4764	-2624.8	-2728.687	103.8866	1.580964	0.9950161	0.2642489	0.732591	0.267409	0.6637728
4770	-2619.991	-2723.545	103.5545	1.480557	1.275563	0.3152638	0.780416	0.219584	0.757047
4776	-2620.264	-2723.813	103.5498	1.487145	1.210488	0.3212784	0.738068	0.261932	0.8118968
4782	-2625.309	-2729.075	103.7659	1.408151	0.9925124	0.3212784	0.81915	0.18085	0.8918426
4788	-2629.127	-2732.572	103.4456	1.272922	1.320916	0.3212784	0.81915	0.18085	1.056673
4794	-2634.516	-2737.309	102.7926	1.354539	1.871174	0.4764423	0.845783	0.154217	0.9383832
4800	-2624.199	-2728.069	103.87	1.329944	0.9335947	0.2896244	0.790257	0.209743	1.005794
4806	-2628.19	-2732.303	104.1132	1.362564	0.7551486	0.2896244	0.685291	0.314709	0.9303116
4812	-2627.91	-2731.94	104.0302	1.381507	0.7551486	0.3381122	0.766179	0.233821	0.8791198
4818	-2629.972	-2733.124	103.1512	1.276952	1.622848	0.3381122	0.771085	0.228915	1.082943
4824	-2621.535	-2725.094	103.5586	1.333016	1.0892	0.306682	0.782591	0.217409	1.113815
4830	-2622.726	-2726.285	103.5585	1.189429	1.0892	0.2942981	0.734241	0.265759	1.262836
4836	-2627.224	-2730.885	103.6608	1.253105	1.180226	0.2883399	0.801405	0.198595	1.056145
4842	-2634.372	-2738.116	103.7443	1.435493	1.063855	0.2154015	0.755802	0.244198	1.085487
4848	-2621.936	-2725.486	103.5496	1.355061	1.063855	0.3206085	0.69675	0.30325	1.094952
4854	-2628.244	-2731.316	103.0715	1.30236	1.632027	0.3409975	0.83241	0.16759	1.121127
4860	-2628.472	-2731.392	102.9195	1.508486	1.632027	0.4373893	0.803181	0.196819	0.875658
4866	-2621.394	-2725.161	103.7667	1.352881	0.9659758	0.340881	0.750849	0.249151	0.934502
4872	-2624.329	-2728.294	103.9657	1.422781	0.8126309	0.2777255	0.705528	0.294472	0.9798464
4878	-2623.883	-2727.878	103.995	1.467905	0.7157405	0.313237	0.705528	0.294472	0.9383423
4884	-2625.674	-2728.556	102.8822	1.568657	1.411018	0.575796	0.734136	0.265864	0.7599506
4890	-2629.585	-2732.707	103.1221	1.296365	1.300757	0.4630859	0.689621	0.310379	1.09218
4896	-2629.287	-2732.662	103.3752	1.357795	1.201682	0.2788444	0.814929	0.185071	1.221381
4902	-2630.052	-2733.263	103.2111	1.614517	1.001141	0.5313466	0.813573	0.186427	0.8296448
4908	-2630.067	-2733.326	103.2589	1.698998	1.29661	0.3670112	0.733175	0.266825	0.6713144
4914	-2619.849	-2723.329	103.4797	1.477275	1.29661	0.2889291	0.733175	0.266825	0.9098812
4920	-2632.705	-2736.306	103.6018	1.392818	0.9168356	0.3468134	0.743329	0.256671	1.09619
4926	-2625.112	-2729.015	103.9026	1.340242	0.67548	0.3064085	0.71543	0.28457	1.209397
4932	-2620.265	-2724.349	104.0842	1.505364	0.639425	0.3499089	0.719707	0.280293	0.8159631
4938	-2620.028	-2723.545	103.5166	1.478404	1.159069	0.3499089	0.79065	0.20935	0.8437433
4944	-2616.29	-2719.74	103.4508	1.476304	1.159069	0.3499089	0.752788	0.247212	0.9220053
4950	-2627.308	-2731.139	103.8309	1.390699	0.8428558	0.3162139	0.701249	0.298751	1.02152
4956	-2632.909	-2736.701	103.7918	1.420516	0.9334753	0.3428281	0.750722	0.249278	0.8633276
4962	-2634.835	-2738.299	103.4644	1.554125	1.265312	0.318566	0.811339	0.188661	0.7821282
4968	-2630.146	-2734.279	104.1337	1.614844	0.770573	0.2649901	0.797594	0.202406	0.5679195
4974	-2631.465	-2734.37	102.9046	1.570365	1.952564	0.3691481	0.825755	0.174245	0.7105589
4980	-2620.516	-2723.899	103.3835	1.483556	1.536038	0.2872064	0.798926	0.201074	0.801364
4986	-2628.821	-2732.327	103.5057	1.630493	1.016535	0.3654606	0.794225	0.205775	0.7928345
4992	-2629.642	-2732.579	102.9376	1.500995	1.545962	0.4942218	0.801033	0.198967	0.8157622
4998	-2627.159	-2730.047	102.8873	1.578671	1.666847	0.4520294	0.825483	0.174517	0.7624121
5004	-2622.363	-2725.544	103.1812	1.613502	1.379727	0.3912619	0.755057	0.244943	0.7522292
5010	-2626.767	-2730.546	103.7792	1.580812	0.9726872	0.3250088	0.694708	0.305292	0.6347085
5016	-2622.617	-2726.217	103.6	1.601678	0.9916945	0.3790705	0.781787	0.218213	0.6871801
5022	-2627.086	-2730.68	103.5936	1.654811	0.9916945	0.375457	0.68293	0.31707	0.5977182
5028	-2642.853	-2745.882	103.0283	1.779915	1.487071	0.3909777	0.73058	0.26942	0.5274732
5034	-2639.754	-2742.53	102.7758	1.205774	1.332606	0.5125857	0.833798	0.166202	1.369011
5040	-2647.597	-2750.778	103.181	1.825425	1.201614	0.4050272	0.796407	0.203593	0.4533562
5046	-2639.121	-2742.195	103.0737	1.845695	1.34135	0.3891795	0.771337	0.228663	0.4477182
5052	-2636.13	-2738.855	102.725	1.929595	1.436345	0.4964525	0.837191	0.162809	0.4609375
5058	-2643.586	-2746.59	103.0042	1.842544	1.06951	0.569688	0.832758	0.167242	0.556409
5064	-2634.543	-2737.463	102.9193	1.816476	1.735729	0.3401441	0.784004	0.215996	0.5521946
5070	-2625.912	-2728.959	103.047	1.811751	1.333558	0.4234494	0.820075	0.179925	0.5632034
5076	-2621.627	-2725.031	103.4031	1.737791	1.333558	0.2916262	0.795012	0.204988	0.4820293
5082	-2625.688	-2728.996	103.3084	1.729743	1.719514	0.2179111	0.751559	0.248441	0.5879004
5088	-2633.926	-2738.066	104.1407	1.662346	0.8563814	0.2065874	0.831448	0.168552	0.5829301
5094	-2617.744	-2721.691	103.9466	1.741905	0.7338102	0.311551	0.690885	0.309115	0.5363255
5100	-2625.157	-2729.375	104.2182	1.464944	0.7439757	0.279739	0.641672	0.358328	0.7111999
5106	-2627.065	-2730.519	103.4546	1.568658	1.229959	0.3517535	0.712536	0.287464	0.7111999
5112	-2620.149	-2723.326	103.1772	1.245442	1.508434	0.327377	0.784809	0.215191	1.181653
5118	-2627.2	-2730.585	103.3853	1.305441	1.508434	0.2471496	0.781163	0.218837	1.114885
5124	-2628.482	-2731.619	103.1371	1.472051	1.694598	0.3291655	0.774086	0.225914	0.8660126
5130	-2624.41	-2727.889	103.4796	1.261085	1.095444	0.2996849	0.720735	0.279265	1.253526
5136	-2630.981	-2734.336	103.3546	1.238058	1.457572	0.2996849	0.740203	0.259797	1.120142
5142	-2632.098	-2734.839	102.7411	1.186116	1.485642	0.2904854	0.760135	0.239865	1.645534
5148	-2628.592	-2731.902	103.3106	1.098253	1.259282	0.2860363	0.815457	0.184543	1.428407
5154	-2635.597	-2739.221	103.6239	1.128635	1.037235	0.2860363	0.786423	0.213577	1.315671
5160	-2627.268	-2731.035	103.7676	1.403168	0.9581636	0.265161	0.772696	0.227304	1.067178
5166	-2623.239	-2726.928	103.6887	1.248109	1.068556	0.265161	0.772696	0.227304	1.179528
5172	-2632.886	-2736.155	103.2695	1.328565	1.314219	0.4211358	0.688987	0.311013	0.9809109
5178	-2642.068	-2745.005	102.9368	1.038023	1.089216	0.4211358	0.651205	0.348795	1.650943
5184	-2631.997	-2735.717	103.7202	1.262624	0.9840251	0.32086	0.843813	0.156187	1.094707
5190	-2624.77	-2728.607	103.8371	1.386345	0.9840251	0.2850687	0.791228	0.208772	0.9393284
5196	-2626.387	-2729.813	103.4257	1.42287	1.13346	0.2832756	0.833834	0.166166	1.164882
5202	-2615.052	-2718.655	103.6032	1.436808	1.13346	0.2832756	0.754039	0.245961	0.9855142
5208	-2622.098	-2725.331	103.2332	1.368158	1.612231	0.308137	0.81816	0.18184	0.9868533
5214	-2624.3	-2727.8	103.5002	1.491158	0.9371308	0.3937442	0.750635	0.249365	0.9868533
5220	-2621.983	-2726.069	104.086	1.249936	0.8309856	0.2641679	0.745432	0.254568	1.044062
5226	-2625.861	-2730.121	104.2599	1.424133	0.6566162	0.260306	0.69022	0.30978	0.9211206
5232	-2628.586	-2732.406	103.8193	1.535048	0.9803811	0.3005424	0.801175	0.198825	0.7341806
5238	-2622.855	-2726.65	103.7953	1.610262	0.9803811	0.3005424	0.706532	0.293468	0.6397206
5244	-2630.26	-2732.913	102.653	0.9983211	1.320561	0.4243636	0.798846	0.201154	1.73343
5250	-2633.997	-2736.967	102.9699	1.029508	1.547453	0.2687726	0.781868	0.218132	1.599035
5256	-2629.49	-2732.148	102.6578	1.055634	1.547453	0.3350243	0.762023	0.237977	1.693828
5262	-2624.673	-2727.702	103.0289	1.168628	1.664748	0.2584704	0.719377	0.280623	1.408837
5268	-2628.438	-2731.49	103.0518	1.344415	1.664748	0.2734859	0.674023	0.325977	1.217734
5274	-2626.007	-2729.483	103.4762	1.262696	0.9409987	0.2641662	0.78882	0.21118	1.444775
5280	-2626.412	-2729.926	103.5144	1.212168	0.8718593	0.2641662	0.78882	0.21118	1.510317
5286	-2626.864	-2729.461	102.5968	1.149481	1.505159	0.4133304	0.890197	0.109803	1.578325
5292	-2640.721	-2743.557	102.8354	1.157552	1.144507	0.4316426	0.793829	0.206171	1.586989
5298	-2636.166	-2738.898	102.7318	1.248276	1.601546	0.40307	0.799399	0.200601	1.363622
5304	-2628.979	-2732.493	103.5142	1.198045	1.003694	0.3199331	0.87178	0.12822	1.31147
5310	-2622.341	-2725.902	103.5607	1.214274	0.9906975	0.3104609	0.788858	0.211142	1.288478
5316	-2631.077	-2734.45	103.3732	1.236145	1.151228	0.3104609	0.786244	0.213756	1.299035
5322	-2634.479	-2737.744	103.2655	1.446357	1.478337	0.3104609	0.878484	0.121516	0.9666691
5328	-2624.818	-2727.845	103.0262	1.45244	1.478337	0.4339917	0.808074	0.191926	0.9480492
5334	-2627.821	-2730.878	103.0571	1.473585	1.722261	0.3400325	0.825006	0.174994	0.9079553
5340	-2627.285	-2731.002	103.7173	1.473734	0.8615754	0.3977122	0.810865	0.189135	0.8486025
5346	-2625.342	-2729.122	103.7794	1.473234	0.9676951	0.293361	0.829659	0.170341	0.9039982
5352	-2635.671	-2738.633	102.9619	1.666243	1.917554	0.3178679	0.81285	0.18715	0.6694461
5358	-2628.496	-2731.917	103.4218	1.666243	1.183442	0.3583455	0.811242	0.188758	0.6370849
5364	-2623.602	-2727.144	103.5413	1.595007	1.150705	0.3401279	0.749201	0.250799	0.6775864
5370	-2631.775	-2734.933	103.158	1.758736	1.289644	0.4153589	0.784817	0.215183	0.4883528
5376	-2626.618	-2729.905	103.2866	1.758736	1.289644	0.349792	0.784817	0.215183	0.5321885
5382	-2637.581	-2741.852	104.2711	1.492782	0.6491271	0.2865798	0.705961	0.294039	0.7532484
5388	-2625.572	-2729.321	103.7485	1.609322	0.9940211	0.2865798	0.743263	0.256737	0.7581418
5394	-2640.472	-2744.225	103.7525	1.275706	1.029967	0.3174314	0.760593	0.239407	1.015357
5400	-2627.934	-2731.557	103.6224	1.295831	1.029967	0.276828	0.760593	0.239407	1.202611
5406	-2636.225	-2739.474	103.2491	1.202105	1.258633	0.3898713	0.741244	0.258756	1.213594
5412	-2638.34	-2740.62	102.28	1.110518	1.720604	0.5291157	0.887326	0.112674	1.582754
5418	-2626.402	-2729.518	103.1158	1.061921	1.158938	0.3131246	0.709205	0.290795	1.618226
5424	-2628.818	-2732.027	103.2096	1.086676	1.158938	0.237122	0.681217	0.318783	1.667876
5430	-2638.432	-2741.887	103.4558	1.136472	1.158938	0.2261955	0.824912	0.175088	1.472615
5436	-2620.892	-2724.561	103.67	1.156069	1.021722	0.2900582	0.819115	0.180885	1.260132
5442	-2626.604	-2729.946	103.3425	1.214763	1.021722	0.2958895	0.819115	0.180885	1.461889
5448	-2628.271	-2731.526	103.2549	1.179712	1.671006	0.2479559	0.794736	0.205264	1.236664
5454	-2622.974	-2726.473	103.4985	1.195706	1.095894	0.2479559	0.738852	0.261148	1.393369
5460	-2618.936	-2721.886	102.9509	1.075304	1.108318	0.3094725	0.738852	0.261148	1.764443
5466	-2617.27	-2720.812	103.5423	1.340174	1.108318	0.2896676	0.731346	0.268654	1.141755
5472	-2623.409	-2726.693	103.284	1.095891	1.02627	0.3076122	0.710161	0.289839	1.570561
5478	-2627.447	-2731.086	103.6385	1.197404	1.02627	0.2809529	0.745335	0.254665	1.266418
5484	-2620.704	-2724.409	103.7045	1.364264	1.020972	0.3571828	0.745335	0.254665	0.8915271
5490	-2623.629	-2727.369	103.7401	1.277673	1.020972	0.298257	0.804223	0.195777	1.075975
5496	-2631.111	-2734.644	103.5329	1.458024	1.020972	0.4084583	0.756349	0.243651	0.8635765
5502	-2623.784	-2727.149	103.3651	1.487031	1.270418	0.3691786	0.885771	0.114229	0.8519808
5508	-2625.933	-2729.353	103.4197	1.589646	1.150965	0.3691786	0.805976	0.194024	0.7826647
5514	-2627.684	-2731.261	103.5774	1.488944	1.150965	0.3048986	0.805976	0.194024	0.8853699
5520	-2624.272	-2727.523	103.2512	1.541576	1.301021	0.4505377	0.784015	0.215985	0.6762526
5526	-2622.014	-2725.764	103.7492	1.461551	0.7435567	0.4602153	0.696563	0.303437	0.8540287
5532	-2623.97	-2727.643	103.6734	1.449609	0.7435567	0.5122164	0.788026	0.211974	0.8540287
5538	-2627.329	-2731.165	103.8364	1.521612	0.7435567	0.4464484	0.684569	0.315431	0.6748217
5544	-2621.396	-2724.786	103.3906	1.397335	1.544005	0.2767842	0.692827	0.307173	0.9193524
5550	-2624.434	-2727.701	103.2673	1.344837	1.153527	0.5230968	0.750344	0.249656	0.9255491
5556	-2627.92	-2730.961	103.0408	1.291875	1.770547	0.3798821	0.750772	0.249228	0.996518
5562	-2622.274	-2725.971	103.6971	1.397653	1.014014	0.3069169	0.794237	0.205763	0.9884642
5568	-2621.059	-2724.437	103.3785	1.348192	1.3264	0.3069169	0.787626	0.212374	1.075385
5574	-2628.09	-2731.316	103.2265	1.254146	1.184455	0.3697565	0.697631	0.302369	1.275847
5580	-2630.803	-2734.271	103.4678	1.310401	1.212335	0.314328	0.838423	0.161577	1.10024
5586	-2636.625	-2739.292	102.6679	1.324305	1.665071	0.4555172	0.762072	0.237928	1.240003
5592	-2630.842	-2733.459	102.6173	1.361731	1.779066	0.4555172	0.762072	0.237928	1.187287
5598	-2627.738	-2730.886	103.1478	1.440987	1.490847	0.3678016	0.751773	0.248227	0.9566135
5604	-2628.46	-2732.239	103.779	1.188655	0.8955704	0.3199147	0.727122	0.272878	1.19243
5610	-2622.322	-2725.725	103.4027	1.343063	1.078838	0.3678016	0.798624	0.201376	1.134869
5616	-2630.41	-2733.212	102.8025	1.250192	1.46602	0.3917877	0.819186	0.180814	1.400539
5622	-2629.31	-2732.512	103.2019	1.155433	1.293657	0.3917877	0.777744	0.222256	1.264779
5628	-2626.978	-2729.817	102.839	1.324356	1.293657	0.4755693	0.705282	0.294718	1.29825
5634	-2635.552	-2738.246	102.6941	1.3405	2.239967	0.3488601	0.803054	0.196946	1.079577
5640	-2638.439	-2741.312	102.873	0.9970767	1.552521	0.3602192	0.814365	0.185635	1.539157
5646	-2630.968	-2734.753	103.7852	1.162881	0.8808967	0.276417	0.705009	0.294991	1.307093
5652	-2628.354	-2731.382	103.028	1.286513	1.709012	0.3438557	0.814887	0.185113	1.122262
5658	-2626.78	-2730.053	103.2727	1.078303	1.235859	0.3438557	0.831375	0.168625	1.387246
5664	-2617.385	-2720.576	103.1909	1.2099	1.426387	0.3447357	0.815853	0.184147	1.220702
5670	-2615.706	-2718.636	102.9299	1.300142	1.426387	0.3050896	0.777562	0.222438	1.42858
5676	-2622.984	-2726.646	103.6623	1.536626	1.084023	0.307497	0.751616	0.248384	0.7896968
5682	-2625.042	-2728.505	103.4632	1.612898	1.360907	0.2759488	0.701708	0.298292	0.7298248
5688	-2622.919	-2726.943	104.0242	1.421797	0.8328902	0.308769	0.748266	0.251734	0.8032964
5694	-2619.516	-2723.158	103.6421	1.465676	1.042616	0.3223466	0.748266	0.251734	0.9081767
5700	-2623.283	-2726.681	103.3973	1.511696	1.434714	0.3340638	0.839973	0.160027	0.6887886
5706	-2628.008	-2731.189	103.1809	1.587058	1.285729	0.4500333	0.693035	0.306965	0.7413308
5712	-2627.267	-2730.672	103.4046	1.458511	1.14378	0.4500333	0.609906	0.390094	0.7814227
5718	-2621.453	-2725.161	103.7075	1.56532	1.14378	0.2716703	0.705139	0.294861	0.7256041
5724	-2626.877	-2730.807	103.9304	1.524925	0.8989666	0.269196	0.787941	0.212059	0.8185257
5730	-2625.86	-2729.6	103.7391	1.593585	0.8989666	0.3361285	0.711048	0.288952	0.7744657
5736	-2633.769	-2737.599	103.8301	1.593585	0.8989666	0.2951953	0.6974	0.3026	0.7764398
5742	-2640.506	-2743.445	102.939	1.618042	1.869502	0.2951953	0.737467	0.262533	0.8858152
5748	-2640.827	-2744.661	103.8335	1.477147	1.097473	0.2370806	0.737467	0.262533	0.8543851
5754	-2621.951	-2725.475	103.5231	1.328608	1.292624	0.3046435	0.843488	0.156512	0.9857519
5760	-2629.854	-2733.071	103.2173	1.354551	1.288521	0.3119719	0.817266	0.182734	1.22941
5766	-2631.941	-2734.411	102.4696	1.208606	2.139484	0.3628994	0.768369	0.231631	1.400785
5772	-2628.037	-2730.72	102.683	1.108939	1.366947	0.4039602	0.768369	0.231631	1.63436
5778	-2624.657	-2727.551	102.894	1.155236	1.366947	0.2849542	0.737363	0.262637	1.632463
5784	-2627.166	-2730.275	103.1091	1.206581	1.415424	0.3713108	0.738897	0.261103	1.252805
5790	-2625.22	-2727.898	102.6783	1.240171	1.563261	0.4177254	0.835939	0.164061	1.411143
5796	-2621.772	-2724.535	102.7635	1.140395	1.563261	0.4177254	0.751671	0.248329	1.422437
5802	-2623.819	-2727.342	103.523	0.9489562	0.8010344	0.2380926	0.703352	0.296648	1.799739
5808	-2623.35	-2726.781	103.4314	1.11167	0.8010344	0.2599697	0.685662	0.314338	1.70989
5814	-2631.228	-2734.089	102.8614	1.24374	1.271601	0.3339469	0.75901	0.24099	1.566547
5820	-2625.748	-2728.969	103.2207	1.144875	1.271601	0.30953	0.684382	0.315618	1.411348
5826	-2622.998	-2726.279	103.2813	1.301069	1.271601	0.2680205	0.718191	0.281809	1.318524
5832	-2628.627	-2731.891	103.264	1.338603	1.271601	0.2957115	0.718191	0.281809	1.246918
5838	-2622.014	-2725.486	103.4714	1.287162	1.271601	0.2789875	0.754334	0.245666	1.14734
5844	-2621.775	-2725.084	103.3092	1.285784	1.040163	0.2857429	0.691765	0.308235	1.437724
5850	-2634.436	-2737.944	103.5072	1.317288	1.040163	0.2516381	0.691765	0.308235	1.324713
5856	-2631.345	-2734.865	103.5204	1.21613	1.158414	0.301657	0.691765	0.308235	1.204603
5862	-2632.41	-2735.604	103.1938	1.323184	1.558102	0.305646	0.772393	0.227607	1.10952
5868	-2638.862	-2742.091	103.2294	1.466861	1.558102	0.3364486	0.839465	0.160535	0.8555294
5874	-2630.13	-2733.342	103.2114	1.342488	1.499277	0.3217428	0.805897	0.194103	1.081192
5880	-2627.612	-2730.709	103.097	1.300349	1.885948	0.3217428	0.870382	0.129618	0.9813865
5886	-2624.257	-2726.87	102.6125	1.182551	1.838241	0.3188979	0.839683	0.160317	1.518974
5892	-2624.576	-2727.125	102.5489	1.105708	1.838241	0.3188979	0.776119	0.223881	1.621986
5898	-2623.756	-2726.75	102.9941	1.146895	1.296998	0.3607381	0.787372	0.212628	1.481983
5904	-2626.183	-2729.169	102.9853	1.21224	1.611688	0.3607381	0.707004	0.292996	1.249979
5910	-2624.36	-2727.546	103.1853	1.267345	1.611688	0.3147261	0.760586	0.239414	1.114908
5916	-2623.096	-2725.918	102.8219	1.211135	1.869178	0.3784433	0.760586	0.239414	1.216245
5922	-2622.17	-2725.068	102.8974	1.531478	1.869178	0.3784433	0.825207	0.174793	0.8230267
5928	-2629.477	-2733.288	103.8111	1.419806	0.8726974	0.2549003	0.745429	0.254571	1.120012
5934	-2627.814	-2730.928	103.1132	1.502735	1.517781	0.3707045	0.782996	0.217004	0.8993372
5940	-2630.158	-2733.553	103.3955	1.333041	1.416251	0.3063736	0.750743	0.249257	1.006755
5946	-2637.655	-2741.9	104.2455	1.490022	0.5928302	0.3275198	0.686819	0.313181	0.773779
5952	-2631.139	-2735.183	104.0438	1.601531	0.6734631	0.3275198	0.697136	0.302864	0.7404219
5958	-2635.276	-2739.134	103.858	1.566624	1.024457	0.2689309	0.745251	0.254749	0.6675595
5964	-2629.056	-2732.629	103.573	1.529422	1.022031	0.331702	0.796372	0.203628	0.9134564
5970	-2638.067	-2742.721	104.6547	1.527937	0.5721022	0.1841089	0.6772	0.3228	0.7083225
5976	-2635.516	-2739.107	103.5914	1.681257	1.352254	0.215055	0.717358	0.282642	0.6810443
5982	-2638.44	-2741.907	103.4671	1.534811	1.41457	0.2988307	0.793401	0.206599	0.6919391
5988	-2634.148	-2737.642	103.4939	1.534811	1.4193	0.2848881	0.856406	0.143594	0.6967703
5994	-2636.918	-2739.924	103.0064	1.580253	1.797412	0.349229	0.723023	0.276977	0.7507391
6000	-2622.635	-2725.897	103.2619	1.68558	1.384571	0.3460732	0.807804	0.192196	0.6363519
6006	-2625.131	-2728.544	103.4131	1.547943	1.384571	0.3271703	0.83453	0.16547	0.6916762
6012	-2621.622	-2725.639	104.0164	1.455244	0.9581574	0.262351	0.706151	0.293849	0.7313603
6018	-2631.042	-2734.742	103.7008	1.53468	0.8210125	0.4446919	0.850218	0.149782	0.7313603
6024	-2629.152	-2732.177	103.0259	1.481401	1.33943	0.3908187	0.800178	0.199822	1.104316
6030	-2623.98	-2727.224	103.2447	1.273033	1.338415	0.3529612	0.800178	0.199822	1.164268
6036	-2632.272	-2735.187	102.9147	1.389719	1.338415	0.4796511	0.779361	0.220639	1.141933
6042	-2625.251	-2728.839	103.5877	1.438846	1.494292	0.2132008	0.779361	0.220639	0.8813877
6048	-2624.336	-2727.67	103.3334	1.765818	1.356434	0.2774462	0.723717	0.276283	0.6906971
6054	-2618.557	-2722.194	103.6373	1.654038	1.092463	0.3022269	0.740703	0.259297	0.6423233
6060	-2629.431	-2733.039	103.6086	1.481846	0.8677642	0.4665232	0.806423	0.193577	0.8079376
6066	-2638.058	-2741.806	103.7483	1.500963	0.8677642	0.3312197	0.622339	0.377661	0.9303534
6072	-2622.471	-2726.156	103.6846	1.820521	0.9734024	0.275097	0.706331	0.293669	0.4734207
6078	-2625.178	-2727.991	102.8129	1.94986	1.567785	0.3830773	0.772057	0.227943	0.4564173
6084	-2637.566	-2741.014	103.4478	1.528306	1.412519	0.2984363	0.846515	0.153485	0.7389663
6090	-2635.401	-2738.847	103.4456	1.535964	1.079255	0.4477842	0.833908	0.166092	0.6963428
6096	-2632.505	-2736.151	103.6461	1.400898	1.079255	0.3075017	0.849911	0.150089	0.9714318
6102	-2630.271	-2733.5	103.2293	1.788573	1.4175	0.3147688	0.803064	0.196936	0.4554184
6108	-2633.363	-2736.57	103.2074	1.751116	1.538549	0.3021315	0.810287	0.189713	0.4650131
6114	-2619.53	-2722.723	103.1927	1.768412	1.538549	0.3021315	0.802311	0.197689	0.5013462
6120	-2627.203	-2730.828	103.6243	1.768412	1.019971	0.3021315	0.753563	0.246437	0.5370516
6126	-2623.887	-2727.682	103.7945	1.671671	0.9383179	0.3021315	0.652602	0.347398	0.5818559
6132	-2627.352	-2731.137	103.7844	1.665777	0.9383179	0.3021315	0.652602	0.347398	0.6279836
6138	-2624.302	-2728.106	103.8035	1.64756	0.9383179	0.3071413	0.721058	0.278942	0.5938968
6144	-2623.849	-2727.559	103.7095	1.428638	1.019119	0.3607708	0.719574	0.280426	0.7996989
6150	-2628.261	-2731.478	103.2169	1.5807	1.44601	0.3548582	0.777082	0.222918	0.7805547
6156	-2627.773	-2731.095	103.3213	1.542322	1.44601	0.3548582	0.816337	0.183663	0.6747302
6162	-2622.708	-2726.007	103.2994	1.405203	1.44601	0.3548582	0.816337	0.183663	0.8960616
6168	-2622.631	-2726.344	103.7134	1.340189	0.9139824	0.3548582	0.693392	0.306608	1.027289
6174	-2623.563	-2727.22	103.6573	1.346484	1.173265	0.2911073	0.823	0.177	0.9667899
6180	-2621.321	-2725.408	104.0878	1.39994	0.978627	0.2049465	0.836265	0.163735	0.8885107
6186	-2618.001	-2721.873	103.8722	1.385528	0.8769471	0.3368797	0.73194	0.26806	0.8961012
6192	-2621.578	-2725.181	103.6032	1.383059	1.047497	0.3368797	0.807767	0.192233	0.9975256
6198	-2622.481	-2726.211	103.7306	1.505605	1.047497	0.3024136	0.764614	0.235386	0.8021667
6204	-2620.422	-2724.009	103.5868	1.503715	1.047497	0.3696062	0.749837	0.250163	0.8021667
6210	-2619.95	-2723.713	103.7634	1.510227	0.8900114	0.3590689	0.751423	0.248577	0.8021667
6216	-2616.746	-2720.347	103.6011	1.566341	1.236108	0.2811822	0.71156	0.28844	0.7271726
6222	-2620.759	-2724.504	103.7449	1.65304	1.236108	0.2038969	0.715887	0.284113	0.6862609
6228	-2626.994	-2730.572	103.5772	1.711573	1.305257	0.2038969	0.79394	0.20606	0.7687503
6234	-2623.439	-2727.068	103.6294	1.711573	1.305257	0.2193832	0.797858	0.202142	0.5755592
6240	-2627.556	-2731.35	103.7938	1.550022	1.218587	0.2193832	0.797858	0.202142	0.7277916
6246	-2621.394	-2725.137	103.7422	1.628056	1.005616	0.2893699	0.721998	0.278002	0.7098005
6252	-2623.248	-2726.795	103.5471	1.753837	1.141033	0.2893699	0.693289	0.306711	0.5744696
6258	-2623.356	-2727.359	104.0028	1.824483	0.827351	0.2138761	0.720563	0.279437	0.5014142
6264	-2620.509	-2724.22	103.7105	1.845781	0.8259523	0.3219213	0.764872	0.235128	0.4841069
6270	-2621.734	-2724.909	103.1753	1.746714	1.217585	0.4452771	0.818776	0.181224	0.5202945
6276	-2633.522	-2736.896	103.3733	1.733032	1.383375	0.2897735	0.807537	0.192463	0.5074552
6282	-2622.59	-2726.404	103.8143	1.72321	0.9089092	0.2897735	0.679872	0.320128	0.5229501
6288	-2632.529	-2736.153	103.6244	1.917816	0.9089092	0.2857381	0.711713	0.288287	0.4472304
6294	-2623.783	-2727.655	103.8723	1.659213	0.9089092	0.2857381	0.82086	0.17914	0.5970647
6300	-2638.737	-2742.86	104.1232	1.486259	0.7032529	0.2545986	0.694132	0.305868	0.9503895
6306	-2641.203	-2745.165	103.9615	1.460624	0.7032529	0.3519888	0.690368	0.309632	0.9082244
6312	-2622.512	-2726.311	103.7985	1.604851	0.7841435	0.3945958	0.738138	0.261862	0.6780387
6318	-2623.056	-2726.289	103.2332	1.518411	1.339266	0.3945958	0.886262	0.113738	0.8443222
6324	-2628.782	-2731.847	103.0645	1.097491	1.288642	0.2784796	0.830434	0.169566	1.607971
6330	-2631.1	-2734.257	103.1572	1.107192	1.016957	0.4270528	0.792759	0.207241	1.481225
6336	-2629.088	-2732.36	103.2714	1.068461	0.9751288	0.3774674	0.640282	0.359718	1.527494
6342	-2629.266	-2732.157	102.8907	1.239784	1.230816	0.3557066	0.732329	0.267671	1.539072
6348	-2625.938	-2728.49	102.5523	1.065358	1.783008	0.2989951	0.776891	0.223109	1.705966
6354	-2631.264	-2734.306	103.0418	1.147502	1.198451	0.2989951	0.745689	0.254311	1.608096
6360	-2632.623	-2735.538	102.9153	1.136401	1.43605	0.3485632	0.693521	0.306479	1.485773
6366	-2638.483	-2741.926	103.443	1.155045	1.136414	0.3485632	0.791858	0.208142	1.250579
6372	-2631.733	-2734.973	103.24	1.171021	1.183501	0.3740131	0.733254	0.266746	1.326066
6378	-2627.194	-2730.186	102.9923	1.088083	1.183501	0.3740131	0.746503	0.253497	1.578541
6384	-2638.145	-2740.623	102.4787	1.232871	1.538773	0.4385959	0.744826	0.255174	1.551643
6390	-2629.011	-2732.595	103.5844	1.253204	0.8553184	0.3388968	0.739492	0.260508	1.303386
6396	-2626.383	-2730.698	104.3151	1.237919	0.66748	0.2626162	0.685667	0.314333	1.034242
6402	-2644.013	-2748.433	104.4201	1.267197	0.5508037	0.2927103	0.669268	0.330732	0.9949334
6408	-2635.665	-2739.291	103.6258	1.404995	1.123309	0.2927103	0.65213	0.34787	0.981431
6414	-2639.124	-2743.492	104.3685	1.311624	0.5734549	0.2150451	0.719702	0.280298	1.158049
6420	-2631.912	-2735.065	103.1526	1.193592	1.476312	0.3071817	0.849071	0.150929	1.303475
6426	-2626.38	-2730.174	103.7944	1.099048	0.8133899	0.2834922	0.687857	0.312143	1.397381
6432	-2623.494	-2726.635	103.1403	1.102826	1.424572	0.3324991	0.806339	0.193661	1.371744
6438	-2632.025	-2734.876	102.8515	1.105321	1.424572	0.4301645	0.808049	0.191951	1.442618
6444	-2628.221	-2731.983	103.7613	1.391573	0.9713423	0.3045596	0.712692	0.287308	0.9785398
6450	-2630.427	-2733.21	102.7829	1.498313	1.850163	0.4192453	0.837633	0.162367	0.9179051
6456	-2630.121	-2733.772	103.6513	1.530073	1.124295	0.310926	0.776116	0.223884	0.7501809
6462	-2625.49	-2729.115	103.6246	1.630038	1.124295	0.3030092	0.731814	0.268186	0.6541482
6468	-2633.416	-2736.814	103.3981	1.588611	1.447288	0.3030092	0.802678	0.197322	0.6541482
6474	-2627.171	-2730.982	103.8109	1.573967	1.08874	0.2362437	0.742097	0.257903	0.7713793
6480	-2633.113	-2737.367	104.2539	1.482625	0.7460791	0.2377701	0.710579	0.289421	0.7885382
6486	-2633.178	-2737.158	103.9808	1.403866	0.8275081	0.2377701	0.73042	0.26958	1.067
6492	-2628.123	-2731.569	103.4455	1.52277	1.438958	0.2393047	0.787549	0.212451	0.9120359
6498	-2632.436	-2736.021	103.5854	1.49945	1.127806	0.2393047	0.787549	0.212451	1.056372
6504	-2627.891	-2731.467	103.5767	1.490899	1.173927	0.317428	0.772765	0.227235	0.8247332
6510	-2634.183	-2736.87	102.6876	1.556665	2.159169	0.3819298	0.867692	0.132308	0.833449
6516	-2639.504	-2742.6	103.096	1.340539	1.346484	0.3596859	0.819739	0.180261	1.216643
6522	-2629.432	-2732.762	103.3299	1.436688	1.346484	0.3563581	0.833829	0.166171	0.9096864
6528	-2632.396	-2735.97	103.5738	1.312372	1.243864	0.2729309	0.792771	0.207229	1.065745
6534	-2631.874	-2734.29	102.4161	1.197274	2.26943	0.3333272	0.792771	0.207229	1.44457
6540	-2637.511	-2740.448	102.9372	1.292276	1.400557	0.3617269	0.793524	0.206476	1.348157
6546	-2634.304	-2736.891	102.5861	1.23556	1.842203	0.3280795	0.872522	0.127478	1.481808
6552	-2623.428	-2726.671	103.2425	1.134258	1.238151	0.3280795	0.785771	0.214229	1.392273
6558	-2632.499	-2735.511	103.0122	1.074094	1.737422	0.3335281	0.867858	0.132142	1.318806
6564	-2634.005	-2736.504	102.499	1.097049	2.314788	0.3335281	0.765797	0.234203	1.439204
6570	-2627.828	-2731.62	103.792	1.234699	0.9075656	0.2956132	0.789561	0.210439	1.178399
6576	-2632.574	-2735.477	102.903	1.42079	1.657385	0.4810802	0.824225	0.175775	0.8874662
6582	-2625.345	-2729.036	103.691	1.360007	1.166005	0.2742036	0.840162	0.159838	0.9669656
6588	-2626.053	-2729.873	103.82	1.428839	1.009735	0.2936721	0.709843	0.290157	0.858511
6594	-2635.24	-2738.894	103.6539	1.404458	1.026916	0.2904411	0.722015	0.277985	1.049556
6600	-2637.878	-2741.611	103.7329	1.382996	1.026916	0.3006051	0.72713	0.27287	0.9687296
6606	-2631.929	-2734.997	103.0684	1.28454	1.380578	0.4738037	0.838756	0.161244	1.076468
6612	-2627.549	-2730.869	103.3203	1.303956	1.172364	0.3300777	0.796415	0.203585	1.234948
6618	-2621.251	-2724.113	102.8612	1.122267	1.30226	0.3776277	0.796415	0.203585	1.570356
6624	-2634.489	-2737.605	103.1156	1.027352	0.9588507	0.3776277	0.673624	0.326376	1.682431
6630	-2632.28	-2735.915	103.6353	1.323452	0.9588507	0.3560908	0.760606	0.239394	1.070394
6636	-2626.658	-2729.753	103.0956	1.349761	1.294055	0.4220082	0.796546	0.203454	1.13975
6642	-2623.743	-2727.014	103.2711	1.220815	0.9085533	0.4128858	0.829328	0.170672	1.412843
6648	-2622.439	-2725.662	103.2234	1.336036	1.626498	0.3198113	0.757045	0.242955	0.9925708
6654	-2627.814	-2730.642	102.8278	1.153954	1.165623	0.3863234	0.753855	0.246145	1.643717
6660	-2635.958	-2738.613	102.6551	1.150793	1.428001	0.3275312	0.779934	0.220066	1.702482
6666	-2624.974	-2727.915	102.9408	1.119888	1.178804	0.3159966	0.75827	0.24173	1.684862
6672	-2635.902	-2739.588	103.6859	1.182867	0.8143507	0.3068765	0.718696	0.281304	1.372711
6678	-2622.305	-2725.285	102.9794	0.9969658	1.064756	0.3068765	0.778256	0.221744	1.831416
6684	-2629.732	-2732.875	103.1431	0.9345293	0.992025	0.2939679	0.733417	0.266583	1.831416
6690	-2639.227	-2742.146	102.9191	1.239189	1.723923	0.2939679	0.829249	0.170751	1.340049
6696	-2623.033	-2726.415	103.3823	1.266815	1.253687	0.3488127	0.826506	0.173494	1.117097
6702	-2629.814	-2733.394	103.5793	1.195592	0.9676159	0.3253267	0.710583	0.289417	1.280416
6708	-2625.554	-2728.576	103.0222	1.047457	1.210469	0.4145284	0.689406	0.310594	1.510729
6714	-2625.833	-2728.797	102.9649	1.159272	1.227998	0.4145284	0.742711	0.257289	1.458237
6720	-2628.753	-2732.418	103.6644	1.161197	0.8518801	0.2611404	0.768751	0.231249	1.458237
6726	-2617.564	-2721.575	104.0109	1.308235	0.7814737	0.299394	0.674329	0.325671	1.033885
6732	-2620.908	-2724.886	103.9774	1.455713	0.7709228	0.3496637	0.71105	0.28895	0.7981511
6738	-2623.92	-2727.433	103.5128	1.627188	0.9848256	0.3826688	0.723903	0.276097	0.7834114
6744	-2629.474	-2733.236	103.7623	1.473256	0.9848256	0.3223375	0.754073	0.245927	0.8246285
6750	-2623.289	-2726.102	102.8131	1.548704	1.559932	0.570338	0.777486	0.222514	0.7403899
6756	-2618.678	-2721.978	103.2998	1.561125	1.296961	0.415534	0.757332	0.242668	0.6746414
6762	-2626.429	-2730.241	103.8118	1.472003	0.8669964	0.3503288	0.721962	0.278038	0.8446835
6768	-2620.353	-2723.919	103.5661	1.549717	1.102176	0.3503288	0.703334	0.296666	0.7497787
6774	-2627.696	-2731.227	103.5312	1.526757	1.303935	0.2767995	0.725106	0.274894	0.8175932
6780	-2624.099	-2727.737	103.6373	1.503493	1.244797	0.2347699	0.795538	0.204462	0.9066626
6786	-2625.283	-2729.077	103.7936	1.48561	0.8800308	0.3331121	0.707096	0.292904	0.8769977
6792	-2633.16	-2736.181	103.0204	1.276442	1.502986	0.3961929	0.809337	0.190663	1.171
6798	-2635.104	-2738.313	103.2095	1.246983	1.41756	0.3200429	0.779444	0.220556	1.224849
6804	-2625.545	-2729.172	103.6272	1.476103	1.08512	0.3587896	0.786554	0.213446	0.7656148
6810	-2637.906	-2741.32	103.4144	1.599247	0.9907611	0.4816319	0.657001	0.342999	0.6879349
6816	-2635.089	-2738.204	103.1151	1.498888	1.934576	0.320313	0.761478	0.238522	0.6661474
6822	-2637.043	-2740.072	103.0291	1.716805	1.619062	0.3503835	0.81286	0.18714	0.6786035
6828	-2633.469	-2736.861	103.3924	1.684705	1.177835	0.3662897	0.727857	0.272143	0.6359882
6834	-2634.827	-2738.508	103.681	1.576692	1.118511	0.3053738	0.740513	0.259487	0.6472809
6840	-2632.585	-2735.499	102.9145	1.363861	2.132414	0.3310357	0.841885	0.158115	0.9336446
6846	-2631.656	-2734.507	102.851	1.352431	1.889357	0.281294	0.777998	0.222002	1.242153
6852	-2633.689	-2736.77	103.0803	1.337301	1.561764	0.281294	0.727848	0.272152	1.243794
6858	-2629.34	-2732.366	103.0258	1.217839	1.561764	0.3513935	0.727848	0.272152	1.257032
6864	-2622.748	-2726.07	103.3224	1.219703	1.334404	0.3513935	0.694138	0.305862	1.148494
6870	-2625.97	-2729.013	103.0431	1.058929	1.24281	0.3513935	0.806131	0.193869	1.559235
6876	-2622.905	-2725.789	102.8843	1.21768	1.24281	0.3513935	0.806131	0.193869	1.559235
6882	-2624.24	-2726.971	102.7304	1.030429	1.700112	0.3513935	0.801017	0.198983	1.558154
6888	-2626.229	-2729.191	102.9617	1.148724	1.538386	0.3453231	0.721934	0.278066	1.387968
6894	-2627.473	-2730.301	102.8283	1.088303	1.826335	0.3453231	0.878013	0.121987	1.387968
6900	-2625.936	-2728.395	102.4587	1.012862	1.826335	0.3453231	0.878013	0.121987	1.716832
6906	-2625.712	-2727.657	101.9444	1.008519	1.826335	0.4982998	0.787545	0.212455	1.878005
6912	-2631.09	-2734.154	103.0634	1.141711	1.05371	0.3551378	0.712791	0.287209	1.602913
6918	-2641.239	-2744.064	102.8247	1.238859	1.447755	0.5124624	0.761084	0.238916	1.229554
6924	-2630.873	-2734.583	103.7103	1.177255	0.6814164	0.3765037	0.769673	0.230327	1.370312
6930	-2626.716	-2730.314	103.5979	1.152471	0.9451411	0.3765037	0.768603	0.231397	1.230546
6936	-2630.242	-2733.971	103.7289	1.310125	0.7816983	0.3307487	0.768603	0.231397	1.221969
6942	-2626.099	-2729.923	103.8242	1.183976	0.7816983	0.4047197	0.744085	0.255915	1.116882
6948	-2622.015	-2725.521	103.5053	1.091351	0.8585953	0.4047197	0.702534	0.297466	1.386075
6954	-2629.821	-2732.449	102.6283	1.827763	1.460431	0.6141024	0.705034	0.294966	0.5359727
6960	-2623.87	-2726.742	102.8719	1.827763	1.460431	0.4594642	0.789839	0.210161	0.5403988
6966	-2627.6	-2730.561	102.9608	1.734163	1.460431	0.4594642	0.79168	0.20832	0.5649271
6972	-2629.221	-2732.022	102.8012	1.572148	1.704142	0.4824171	0.740668	0.259332	0.7836327
6978	-2623.353	-2726.699	103.3457	1.579252	1.334885	0.341921	0.790046	0.209954	0.7614317
6984	-2627.84	-2731.41	103.5701	1.597279	1.216333	0.2956669	0.816802	0.183198	0.6976146
6990	-2628.6	-2731.96	103.3602	1.617589	1.431656	0.2956669	0.836591	0.163409	0.7234398
6996	-2633.583	-2736.764	103.1811	1.615346	1.589068	0.2956669	0.811591	0.188409	0.8180318
7002	-2626.926	-2730.493	103.5671	1.438173	1.205107	0.3053254	0.692654	0.307346	0.8992308
7008	-2633.922	-2737.297	103.3748	1.370554	1.205107	0.3498928	0.820035	0.179965	1.064451
7014	-2624.802	-2728.051	103.2495	1.285984	1.402699	0.3498928	0.743429	0.256571	1.108971
7020	-2626.342	-2729.561	103.2198	1.395542	1.258215	0.392421	0.735671	0.264329	1.062926
7026	-2634.462	-2737.956	103.4944	1.420334	1.16952	0.392421	0.747678	0.252322	0.8246386
7032	-2635.774	-2739.144	103.3705	1.406703	1.26347	0.3320455	0.692997	0.307003	1.022806
7038	-2635.055	-2738.426	103.371	1.344048	1.26347	0.3673538	0.808696	0.191304	1.010756
7044	-2630.852	-2734.586	103.7344	1.787086	0.9158726	0.2937261	0.715992	0.284008	0.4904301
7050	-2626.307	-2730.015	103.7076	1.79473	0.9158726	0.2937261	0.688329	0.311671	0.604884
7056	-2630.072	-2733.517	103.4446	1.826914	0.9158726	0.4125755	0.679725	0.320275	0.4979846
7062	-2622.438	-2726.02	103.5826	1.914201	0.9158726	0.3042778	0.767785	0.232215	0.5121889
7068	-2622.672	-2726.452	103.7806	1.651002	1.098307	0.2480768	0.747437	0.252563	0.6121626
7074	-2638.108	-2741.333	103.2256	1.746188	1.526205	0.2919926	0.686706	0.313294	0.6121626
7080	-2635.073	-2738.289	103.2162	1.689816	1.166863	0.4782414	0.764181	0.235819	0.5435577
7086	-2632.33	-2735.474	103.1444	1.693866	1.226921	0.4782414	0.827701	0.172299	0.6038004
7092	-2634.451	-2737.798	103.3471	1.681091	1.180185	0.3800328	0.744868	0.255132	0.6762522
7098	-2630.068	-2733.486	103.4186	1.666919	1.180185	0.3705997	0.750771	0.249229	0.5821946
7104	-2625.908	-2729.615	103.707	1.235029	0.9385153	0.3645015	0.683185	0.316815	1.089458
7110	-2616.784	-2720.771	103.9876	1.300318	0.8093475	0.2892832	0.771206	0.228794	1.055081
7116	-2622.661	-2726.557	103.896	1.395015	0.8093475	0.2989715	0.678889	0.321111	1.03013
7122	-2618.795	-2722.686	103.891	1.320057	0.8093475	0.3654389	0.797337	0.202663	0.9646286
7128	-2624.73	-2728.533	103.8029	1.333501	0.8605026	0.3546222	0.763268	0.236732	1.003864
7134	-2630.888	-2734.968	104.0803	1.256804	0.7541713	0.3085659	0.810412	0.189588	1.028114
7140	-2626.307	-2730.171	103.8647	1.313123	0.7541713	0.351425	0.785049	0.214951	1.090026
7146	-2631.607	-2735.473	103.866	1.29779	0.7541713	0.3520362	0.722304	0.277696	1.101733
7152	-2632.915	-2736.014	103.0989	1.079636	1.334644	0.3241716	0.620608	0.379392	1.48963
7158	-2623.919	-2727.122	103.2028	1.190149	1.334644	0.3241716	0.838801	0.161199	1.323155
7164	-2632.599	-2736.064	103.4645	1.266977	1.218199	0.3241716	0.705691	0.294309	1.118115
7170	-2631.706	-2735.177	103.471	1.294319	1.159142	0.2832542	0.815771	0.184229	1.216672
7176	-2627.151	-2730.517	103.3655	1.133919	1.061514	0.3087101	0.762782	0.237218	1.453882
7182	-2632.621	-2736.062	103.4402	1.288269	1.061514	0.3483213	0.833173	0.166827	1.199789
7188	-2632.603	-2736.027	103.4241	1.337708	1.505187	0.2647701	0.703123	0.296877	1.006977
7194	-2635.341	-2738.377	103.0362	1.38371	1.505187	0.3064238	0.852648	0.147352	1.226304
7200	-2628.743	-2732.403	103.6594	1.493456	1.022492	0.2879058	0.658186	0.341814	0.965981
7206	-2624.819	-2728.121	103.3016	1.347806	1.481367	0.3271646	0.772991	0.227009	0.9899627
7212	-2621.754	-2724.788	103.0337	1.267737	1.70514	0.3408523	0.735537	0.264463	1.142008
7218	-2623.899	-2727.263	103.3643	1.158351	1.70514	0.2279434	0.826856	0.173144	1.188151
7224	-2631.119	-2734.227	103.1081	1.270831	1.719597	0.2052916	0.799215	0.200785	1.352156
7230	-2628.086	-2731.93	103.8437	1.533579	0.9357047	0.2738854	0.782671	0.217329	0.8523376
7236	-2620.926	-2724.627	103.7005	1.477077	0.9746509	0.2738854	0.689708	0.310292	1.023555
7242	-2624.629	-2728.329	103.7005	1.603746	1.084961	0.2738854	0.798189	0.201811	0.7522953
7248	-2624.823	-2728.203	103.3795	1.585096	1.084961	0.4446515	0.752008	0.247992	0.7253811
7254	-2626.674	-2730.584	103.91	1.585096	0.9063246	0.2668009	0.772805	0.227195	0.761542
7260	-2625.99	-2729.459	103.4688	1.572801	1.0188	0.4332169	0.722322	0.277678	0.7370885
7266	-2631.124	-2734.836	103.7121	1.599863	0.8019876	0.4332169	0.590671	0.409329	0.6731861
7272	-2624.343	-2728.55	104.2064	1.547909	0.7274564	0.2837597	0.767268	0.232732	0.5732577
7278	-2622.745	-2725.989	103.2443	1.738239	1.398394	0.3327265	0.802266	0.197734	0.5900018
7284	-2628.153	-2731.13	102.9769	1.816997	1.679737	0.3327265	0.818301	0.181699	0.4897912
7290	-2621.505	-2725.08	103.5751	1.745046	1.24303	0.2478287	0.818301	0.181699	0.5541988
7296	-2632.935	-2736.194	103.2585	1.715707	1.672949	0.2484896	0.782615	0.217385	0.6214098
7302	-2628.351	-2732.071	103.7197	1.730115	0.9352199	0.3158971	0.733663	0.266337	0.5113119
7308	-2633.047	-2736.517	103.4698	1.865965	0.9352199	0.3691441	0.733851	0.266149	0.5143254
7314	-2635.474	-2739.294	103.8193	1.183809	0.7447281	0.304852	0.791807	0.208193	1.336355
7320	-2629.664	-2733.1	103.4361	1.079776	0.7447281	0.304852	0.80509	0.19491	1.700466
7326	-2633.029	-2735.885	102.8558	1.033439	1.022239	0.4276388	0.843778	0.156222	1.748615
7332	-2631.588	-2734.881	103.2926	1.709948	1.345113	0.3493592	0.755833	0.244167	0.519119
7338	-2638.319	-2741.783	103.4644	1.90852	0.9842873	0.3272587	0.66584	0.33416	0.4759987
7344	-2642.691	-2745.959	103.268	1.225669	1.11692	0.3395812	0.847888	0.152112	1.365068
7350	-2630.098	-2733.278	103.1799	1.158295	1.099881	0.4902105	0.772184	0.227816	1.273547
7356	-2626.766	-2729.251	102.4847	1.138844	1.656895	0.4902105	0.865326	0.134674	1.488685
7362	-2629.652	-2733.009	103.357	1.39542	1.181439	0.3993387	0.802964	0.197036	0.9802797
7368	-2628.779	-2732.257	103.4776	1.339028	1.181439	0.2996007	0.773716	0.226284	1.120621
7374	-2622.234	-2725.544	103.3099	1.516873	1.534179	0.2509931	0.82878	0.17122	0.9552121
7380	-2627.061	-2730.428	103.3666	1.481707	1.534179	0.2386794	0.798423	0.201577	0.9667623
7386	-2626.569	-2729.995	103.4255	1.314616	1.005043	0.3363194	0.798773	0.201227	1.258076
7392	-2618.089	-2721.605	103.516	1.333536	1.132084	0.3256514	0.785025	0.214975	1.076735
7398	-2626.555	-2730.264	103.7095	1.36336	0.9390835	0.3533376	0.788324	0.211676	0.9848548
7404	-2630.446	-2733.689	103.2434	1.295795	1.263049	0.3533376	0.788324	0.211676	1.198537
7410	-2630.578	-2734.287	103.7084	1.201274	0.9038158	0.3533376	0.802526	0.197474	1.172321
7416	-2636.504	-2740.104	103.6002	1.289201	0.9038158	0.406437	0.780038	0.219962	1.09561
7422	-2641.271	-2744.634	103.3623	1.315361	0.9038158	0.4348651	0.843561	0.156439	1.234803
7428	-2624.984	-2728.174	103.1904	1.161717	1.116617	0.2689917	0.773904	0.226096	1.595671
7434	-2636.214	-2739.942	103.729	1.160915	0.9856866	0.2646827	0.729032	0.270968	1.288345
7440	-2633.424	-2737.049	103.6247	1.127371	0.9856866	0.2646827	0.69598	0.30402	1.398161
7446	-2634.741	-2738.123	103.3821	1.154545	1.01769	0.3669286	0.813139	0.186861	1.360541
7452	-2625.119	-2728.685	103.5662	1.545408	1.173642	0.3115087	0.812364	0.187636	0.7847046
7458	-2631.415	-2734.572	103.1569	1.567063	1.317287	0.4967119	0.800851	0.199149	0.6249603
7464	-2629.409	-2732.155	102.7467	1.587804	1.647233	0.4967119	0.694385	0.305615	0.8520669
7470	-2618.951	-2722.762	103.8108	1.619655	0.9603194	0.2893157	0.73921	0.26079	0.68485
7476	-2617.997	-2721.061	103.0638	1.640396	1.845856	0.2893157	0.862185	0.137815	0.7293307
7482	-2621.16	-2724.38	103.2199	1.684646	1.44034	0.3529126	0.77478	0.22522	0.5985353
7488	-2624.566	-2728.12	103.5538	1.566857	1.172221	0.3461695	0.771197	0.228803	0.6436679
7494	-2635.271	-2738.291	103.0202	1.632714	1.875132	0.3134761	0.675846	0.324154	0.6904188
7500	-2631.542	-2735.435	103.8921	1.424404	0.9422976	0.3204671	0.797098	0.202902	0.7807413
7506	-2625.319	-2728.652	103.3338	1.531649	1.504187	0.2825061	0.763453	0.236547	0.8472563
7512	-2628.641	-2732.092	103.4514	1.465669	1.504187	0.2825061	0.813896	0.186104	0.7802294
7518	-2628.291	-2731.754	103.4632	1.448423	1.504187	0.2523966	0.774443	0.225557	0.8819901
7524	-2633.606	-2736.842	103.2357	1.502271	1.504187	0.3611739	0.844878	0.155122	0.7850307
7530	-2641.068	-2743.71	102.6423	1.181174	1.784116	0.3132628	0.765072	0.234928	1.532788
7536	-2629.694	-2733.539	103.8456	1.307748	0.943445	0.2729238	0.788975	0.211025	1.079632
7542	-2634.415	-2737.207	102.7927	1.870979	1.744922	0.3729031	0.853644	0.146356	0.5395456
7548	-2636.893	-2740.127	103.2332	1.880706	1.280597	0.3177165	0.83249	0.16751	0.4305627
7554	-2627.69	-2730.63	102.9402	1.950268	1.401837	0.3746325	0.731174	0.268826	0.4156365
7560	-2633.677	-2737.011	103.3335	1.488714	1.314658	0.3760685	0.769659	0.230341	0.8267739
7566	-2639.925	-2743.352	103.4274	1.544051	1.314658	0.3413762	0.792545	0.207455	0.7166499
7572	-2633.487	-2736.672	103.1846	1.850725	1.237284	0.3746325	0.794115	0.205885	0.4531447
7578	-2629.487	-2733.082	103.5947	1.695758	1.076891	0.3236909	0.764487	0.235513	0.4780088
7584	-2629.478	-2732.837	103.3595	1.741712	1.387861	0.2899676	0.82841	0.17159	0.5261827
7590	-2625.514	-2729.105	103.5917	1.732669	0.9439682	0.3511588	0.749983	0.250017	0.6546668
7596	-2630.56	-2734.343	103.7828	1.705932	0.8909396	0.3198	0.799634	0.200366	0.5013363
7602	-2631.475	-2734.435	102.9595	1.6869	1.42916	0.4951194	0.745801	0.254199	0.6040426
7608	-2632.976	-2736.794	103.818	1.702196	0.864951	0.3177163	0.687947	0.312053	0.5308655
7614	-2621.222	-2725.011	103.7886	1.782866	0.8386007	0.304584	0.716502	0.283498	0.432132
7620	-2629.098	-2733.087	103.9891	1.711207	0.8097842	0.266231	0.638603	0.361397	0.5608039
7626	-2625.718	-2728.99	103.2727	1.711207	1.157746	0.4269713	0.785587	0.214413	0.6197449
7632	-2617.477	-2720.78	103.3037	1.687861	1.157746	0.4269713	0.735798	0.264202	0.598253
7638	-2629.911	-2733.304	103.3932	1.795344	1.157746	0.3283813	0.643789	0.356211	0.6013856
7644	-2626.863	-2730.423	103.5592	1.643266	0.9649002	0.4085329	0.643789	0.356211	0.6213048
7650	-2619.096	-2722.623	103.5271	1.664212	0.9649002	0.3973377	0.814537	0.185463	0.6902948
7656	-2632.991	-2736.615	103.6237	1.700376	0.9649002	0.3593497	0.739256	0.260744	0.4751034
7662	-2626.244	-2729.872	103.6276	1.667156	1.256175	0.2549209	0.783727	0.216273	0.4755505
7668	-2625.088	-2728.749	103.661	1.695886	0.9619135	0.3429325	0.739237	0.260763	0.5573735
7674	-2620.017	-2723.545	103.5283	1.739287	1.174297	0.2950103	0.747973	0.252027	0.5115764
7680	-2618.271	-2721.5	103.2289	1.759144	1.490677	0.3055301	0.807439	0.192561	0.506483
7686	-2629.913	-2732.737	102.8246	1.823091	1.490677	0.4781331	0.817266	0.182734	0.510875
7692	-2626.753	-2730.391	103.6382	1.670208	1.039828	0.3321132	0.782065	0.217935	0.4996505
7698	-2623.494	-2727.009	103.5151	1.686959	1.110443	0.3479292	0.819059	0.180941	0.5543129
7704	-2627.86	-2730.828	102.968	1.697022	1.526103	0.433094	0.779525	0.220475	0.6474903
7710	-2639.458	-2742.81	103.3519	1.284994	0.9157995	0.4026866	0.897816	0.102184	1.307406
7716	-2633.915	-2737.486	103.5714	1.33557	0.9594125	0.4026866	0.653384	0.346616	1.030405
7722	-2623.989	-2727.372	103.3831	1.466867	1.146809	0.3877883	0.760279	0.239721	0.9340219
7728	-2627.189	-2730.793	103.6035	1.493425	1.068253	0.3562815	0.760279	0.239721	0.8035594
7734	-2626.755	-2729.514	102.7591	2.484999	0.7872386	0.301246	0.838037	0.161963	0.1735733
7740	-2631.002	-2734.372	103.3701	1.650604	1.265598	0.3617867	0.771509	0.228491	0.6113132
7746	-2626.186	-2729.896	103.7099	1.669373	1.134985	0.2262604	0.790734	0.209266	0.7573303
7752	-2629.923	-2733.987	104.0639	1.496487	0.94091	0.2262604	0.758728	0.241272	0.768853
7758	-2624.866	-2728.311	103.4452	1.560308	1.224279	0.3660642	0.789292	0.210708	0.6990625
7764	-2635.834	-2739.421	103.5871	2.248709	0.627458	0.2222602	0.722996	0.277004	0.2365463
7770	-2632.742	-2736.372	103.6304	2.198145	0.627458	0.2411284	0.722996	0.277004	0.258232
7776	-2629.541	-2732.507	102.9662	2.35178	0.6818977	0.3416101	0.678427	0.321573	0.1822525
7782	-2628.865	-2731.387	102.5219	2.434437	0.9960258	0.3430491	0.726268	0.273732	0.1828095
7788	-2625.879	-2728.641	102.7624	2.417436	0.8987284	0.2837096	0.804667	0.195333	0.1792701
7794	-2634.715	-2737.76	103.0453	1.612755	1.579811	0.3899464	0.827125	0.172875	0.7380297
7800	-2636.899	-2740.341	103.4424	1.543644	1.256055	0.3232885	0.73737	0.26263	0.8216566
7806	-2633.311	-2737.218	103.9069	1.384675	0.924996	0.2878835	0.782394	0.217606	0.9244493
7812	-2641.995	-2744.894	102.899	1.372915	1.049524	0.6520252	0.736305	0.263695	1.162718
7818	-2646.896	-2750.068	103.1715	1.447256	1.049524	0.6520252	0.75155	0.24845	0.8063277
7824	-2635.962	-2739.14	103.1782	1.729858	1.301925	0.4101751	0.7642	0.2358	0.5683548
7830	-2628.917	-2732.857	103.9404	1.268219	0.9123438	0.2429061	0.713586	0.286414	1.129517
7836	-2634.073	-2737.531	103.4587	1.318523	0.9123438	0.5042714	0.778674	0.221326	1.029554
7842	-2630.963	-2733.519	102.5558	1.185064	1.653325	0.3526293	0.80876	0.19124	1.593994
7848	-2622.007	-2725.205	103.198	1.05369	1.177359	0.2886184	0.77282	0.22718	1.593994
7854	-2625.02	-2728.042	103.0225	1.201944	1.036508	0.3597367	0.78141	0.21859	1.593994
7860	-2634.399	-2738.673	104.2746	1.478681	0.6428281	0.2757465	0.789737	0.210263	0.8161211
7866	-2635.433	-2739.762	104.3288	1.43878	0.7641504	0.1949646	0.695864	0.304136	0.8751443
7872	-2634.164	-2738.119	103.9551	1.461185	0.7641504	0.3340503	0.820133	0.179867	0.8711626
7878	-2628.003	-2731.545	103.5424	1.48171	1.129261	0.3650393	0.783644	0.216356	0.8008273
7884	-2625.678	-2729.104	103.4261	1.53719	1.20635	0.3699471	0.740396	0.259604	0.7764263
7890	-2628.704	-2731.424	102.7203	1.37564	1.893421	0.4512593	0.789352	0.210648	1.021532
7896	-2626.151	-2729.694	103.5439	1.488312	1.397565	0.2741358	0.793437	0.206563	0.7597702
7902	-2618.952	-2722.545	103.5937	1.488312	1.139362	0.346183	0.827388	0.172612	0.7622335
7908	-2615.189	-2719.117	103.928	1.579182	0.6757999	0.3904155	0.679596	0.320404	0.7473032
7914	-2612.982	-2716.722	103.7405	1.621887	1.163808	0.2380593	0.821025	0.178975	0.6902978
7920	-2627.893	-2730.231	102.3382	1.930022	2.155869	0.4418414	0.804484	0.195516	0.4054534
7926	-2620.806	-2723.703	102.8969	1.857928	1.42522	0.4418414	0.893766	0.106234	0.4478669
7932	-2622.996	-2725.93	102.9337	1.770173	1.68832	0.3727597	0.79167	0.20833	0.5156973
7938	-2627.256	-2730.625	103.3688	1.830226	0.8728865	0.4768112	0.779776	0.220224	0.5458984
7944	-2627.198	-2730.535	103.3368	1.638115	1.047167	0.4768112	0.772071	0.227929	0.6715365
7950	-2636.398	-2739.173	102.775	1.451672	2.064166	0.3843333	0.786666	0.213334	0.9111029
7956	-2634.795	-2738.285	103.49	1.418806	1.640871	0.2088315	0.801814	0.198186	0.9111029
7962	-2631.115	-2734.468	103.3527	2.055234	1.182444	0.2009434	0.784313	0.215687	0.3075351
7968	-2633.347	-2736.267	102.9196	2.209662	1.182444	0.275752	0.724757	0.275243	0.2579295
7974	-2629.17	-2732.49	103.3196	1.658618	1.45328	0.2800813	0.695295	0.304705	0.7550933
7980	-2634.82	-2738.169	103.3485	1.960132	1.182444	0.2682048	0.788474	0.211526	0.4131777
7986	-2644.316	-2747.201	102.8845	1.909116	1.566989	0.3613579	0.782279	0.217721	0.4118544
7992	-2631.217	-2734.772	103.5554	1.520833	1.136816	0.3382252	0.85225	0.14775	0.7971964
7998	-2621.443	-2724.828	103.3847	1.424622	1.339493	0.3432537	0.690015	0.309985	0.8990203
8004	-2633.282	-2736.676	103.3943	1.483629	1.401695	0.3432537	0.767285	0.232715	0.7488783
8010	-2626.161	-2729.081	102.9199	1.532522	1.432103	0.5409051	0.741705	0.258295	0.8092033
8016	-2629.11	-2732.363	103.2532	1.682709	1.432103	0.3461963	0.753652	0.246348	0.5579566
8022	-2627.543	-2730.711	103.1686	1.676223	1.551749	0.3461963	0.77364	0.22636	0.5704265
8028	-2638.718	-2742.394	103.6755	1.725779	0.916214	0.3461963	0.859073	0.140927	0.4645744
8034	-2638.301	-2742.15	103.849	1.147646	0.7557118	0.2954603	0.828903	0.171097	1.348059
8040	-2634.107	-2737.899	103.7924	1.851389	0.7911108	0.2950154	0.793429	0.206571	0.4172742
8046	-2623.134	-2726.211	103.0765	1.76159	1.406921	0.407408	0.748433	0.251567	0.4860174
8052	-2626.562	-2730.444	103.8812	1.772803	0.869339	0.2602098	0.725123	0.274877	0.4827851
8058	-2621.328	-2725.064	103.7352	1.775817	0.869339	0.316307	0.79374	0.20626	0.5711687
8064	-2623.651	-2726.702	103.051	1.881134	1.445349	0.3451486	0.759156	0.240844	0.4674047
8070	-2625.733	-2729.049	103.3162	1.771336	1.163195	0.3830934	0.664604	0.335396	0.4924324
8076	-2632.566	-2736.245	103.6789	1.713737	1.015705	0.298389	0.854536	0.145464	0.593657
8082	-2625.81	-2729.444	103.6339	1.778271	0.9263165	0.3281916	0.751168	0.248832	0.6064353
8088	-2628.661	-2732.342	103.6806	1.765163	0.9263165	0.3134342	0.758205	0.241795	0.6046778
8094	-2631.166	-2735.046	103.8804	1.716515	0.9263165	0.2498172	0.716091	0.283909	0.6142382
8100	-2628.036	-2732.359	104.3226	1.816986	0.5279025	0.2464275	0.71472	0.28528	0.4781765
8106	-2636.436	-2740.286	103.8499	1.611888	0.9328189	0.3058124	0.724357	0.275643	0.5876857
8112	-2650.989	-2754.742	103.7534	1.659985	1.044745	0.2587477	0.684814	0.315186	0.6996311
8118	-2640.64	-2744.192	103.5523	1.697133	1.044745	0.3424448	0.763433	0.236567	0.6372345
8124	-2619.201	-2722.243	103.0418	1.664207	1.684507	0.3534469	0.782639	0.217361	0.6563516
8130	-2620.152	-2722.92	102.7687	1.618953	1.859798	0.4407333	0.85363	0.14637	0.7218037
8136	-2623.84	-2726.869	103.0288	1.805292	1.330465	0.4407333	0.79469	0.20531	0.4627129
8142	-2624.337	-2727.594	103.2569	1.806735	1.330465	0.3264439	0.721347	0.278653	0.5199435
8148	-2630.615	-2734.191	103.5757	1.719051	1.330465	0.2284453	0.797435	0.202565	0.5772666
8154	-2627.898	-2731.003	103.1048	1.652331	1.510246	0.361306	0.803649	0.196351	0.7508648
8160	-2627.632	-2730.86	103.2279	1.652331	1.578395	0.3153127	0.800217	0.199783	0.6132365
8166	-2624.027	-2727.272	103.2454	1.652331	1.578395	0.2929765	0.757182	0.242818	0.6872063
8172	-2622.019	-2725.725	103.706	1.670911	0.8260282	0.3948298	0.783399	0.216601	0.6285429
8178	-2628.252	-2732.087	103.8353	1.512416	0.8260282	0.3521171	0.656993	0.343007	0.81804
8184	-2631.065	-2734.998	103.933	1.447943	0.7975895	0.3521171	0.741471	0.258529	0.81804
8190	-2633.139	-2736.126	102.9879	1.179392	1.204989	0.2797051	0.799124	0.200876	1.653052
8196	-2648.541	-2751.92	103.3787	1.137622	1.076444	0.2518964	0.769396	0.230604	1.534563
8202	-2624.257	-2727.693	103.4356	1.585959	1.373182	0.281391	0.757977	0.242023	0.7768767
8208	-2631.949	-2735.06	103.1105	1.638999	1.373182	0.395976	0.751551	0.248449	0.809602
8214	-2622.978	-2727.072	104.0944	1.63962	0.8175389	0.2418584	0.701992	0.298008	0.6259649
8220	-2622.784	-2726.343	103.559	1.538049	1.265593	0.2538706	0.787834	0.212166	0.8789807
8226	-2636.025	-2739.079	103.0534	1.365328	1.736498	0.2517352	0.769943	0.230057	1.204801
8232	-2635.058	-2738.797	103.7394	1.233865	0.96337	0.2517352	0.769943	0.230057	1.265774
8238	-2631.581	-2735.242	103.6609	1.248646	0.96337	0.2960068	0.747215	0.252785	1.227607
8244	-2622.966	-2726.401	103.4353	1.198028	0.96337	0.2960068	0.698382	0.301618	1.448421
8250	-2621.933	-2725.484	103.5509	1.176416	0.9514888	0.2960068	0.698382	0.301618	1.385312
8256	-2624.029	-2727.5	103.4715	1.1187	1.018104	0.2991334	0.731105	0.268895	1.433663
8262	-2631.509	-2734.951	103.4421	1.132893	1.018104	0.3182789	0.731105	0.268895	1.41163
8268	-2629.072	-2731.826	102.7535	1.16853	1.408812	0.3536738	0.807978	0.192022	1.589317
8274	-2634.995	-2738.249	103.2539	1.121567	1.169806	0.2823436	0.821625	0.178375	1.518847
8280	-2626.224	-2729.197	102.9729	0.9604089	1.1166	0.360817	0.721768	0.278232	1.746124
8286	-2629.275	-2732.714	103.4393	1.122828	1.1166	0.360817	0.750179	0.249821	1.274115
8292	-2627.991	-2731.176	103.1845	1.144932	1.154223	0.4266417	0.799505	0.200495	1.331046
8298	-2627.307	-2730.511	103.2046	1.014751	1.05533	0.2692551	0.811291	0.188709	1.731339
8304	-2635.381	-2739.05	103.6691	1.192208	0.950903	0.3448523	0.807773	0.192227	1.186595
8310	-2630.438	-2733.889	103.4507	1.096023	1.093327	0.2938926	0.795641	0.204359	1.420951
8316	-2628.645	-2731.239	102.5934	1.116319	1.55722	0.2745148	0.804968	0.195032	1.789581
8322	-2637.561	-2739.849	102.2884	0.9301938	1.210838	0.3957695	0.783543	0.216457	2.124527
8328	-2641.761	-2745.027	103.2658	1.097918	0.9467579	0.3271972	0.746141	0.253859	1.608871
8334	-2629.842	-2732.866	103.0245	1.373634	1.413501	0.3843197	0.766107	0.233893	1.16144
8340	-2637.151	-2740.15	102.9987	1.090971	1.195036	0.3843197	0.774972	0.225028	1.549179
8346	-2635.427	-2738.735	103.3075	1.029252	1.19494	0.3118474	0.831893	0.168107	1.479392
8352	-2620.798	-2723.953	103.1557	1.152217	1.197617	0.3118474	0.825011	0.174989	1.49932
8358	-2629.206	-2732.225	103.0193	1.188093	1.197617	0.3818024	0.779815	0.220185	1.463114
8364	-2633.713	-2736.707	102.9941	1.13324	1.379349	0.3475954	0.698836	0.301164	1.463114
8370	-2638.201	-2741.688	103.4875	1.174732	1.02203	0.2954658	0.725545	0.274455	1.381409
8376	-2631.096	-2734.742	103.6458	1.192077	0.9539886	0.2747753	0.794889	0.205111	1.336217
8382	-2635.937	-2738.528	102.5907	1.108478	1.833294	0.365325	0.748656	0.251344	1.518639
8388	-2639.615	-2742.705	103.0899	1.124576	1.122866	0.365325	0.676692	0.323308	1.532908
8394	-2626.857	-2730.289	103.4323	1.304561	0.9200965	0.3702503	0.805333	0.194667	1.274274
8400	-2624.887	-2728.459	103.5716	1.354295	0.9200965	0.3702503	0.751188	0.248812	1.111324
8406	-2622.085	-2725.841	103.7555	1.498493	0.9200965	0.2973982	0.764381	0.235619	0.94622
8412	-2618.831	-2722.893	104.0618	1.479306	0.7839753	0.2973982	0.746606	0.253394	0.7879145
8418	-2628.108	-2731.881	103.7727	1.556768	0.9822685	0.2973982	0.703777	0.296223	0.7789243
8424	-2628.529	-2732.246	103.7165	1.700121	0.9822685	0.2933389	0.672311	0.327689	0.6484286
8430	-2629.696	-2733.409	103.713	1.580383	0.9119038	0.3830528	0.737247	0.262753	0.6540285
8436	-2632.096	-2735.83	103.7346	1.712615	0.9799035	0.2805142	0.748354	0.251646	0.6540285
8442	-2627.39	-2731.087	103.6972	1.767738	0.9799035	0.2860554	0.828345	0.171655	0.5677041
8448	-2621.954	-2725.085	103.1303	1.762801	1.39714	0.3789481	0.861414	0.138586	0.5677041
8454	-2623.249	-2726.764	103.5147	1.457846	1.39714	0.2765655	0.780564	0.219436	0.8324654
8460	-2630.299	-2733.533	103.2343	1.615397	1.212356	0.4034412	0.7792	0.2208	0.8324654
8466	-2630.411	-2733.75	103.3387	1.549905	1.425787	0.3333109	0.790497	0.209503	0.7370857
8472	-2639.928	-2743.068	103.1396	1.619136	1.461507	0.3828142	0.784613	0.215387	0.7370857
8478	-2641.335	-2744.879	103.5442	1.54692	1.028535	0.3828142	0.793266	0.206734	0.790482
8484	-2637.048	-2740.326	103.2771	1.15768	1.389296	0.1775056	0.837529	0.162471	1.555017
8490	-2626.992	-2730.09	103.0979	1.308359	1.555913	0.2659057	0.861066	0.138934	1.28803
8496	-2633.407	-2736.512	103.105	1.305025	1.098857	0.4393371	0.725229	0.274771	1.28803
8502	-2635.221	-2738.307	103.0862	1.300783	1.093754	0.4393371	0.667368	0.332632	1.310624
8508	-2627.012	-2731.347	104.3351	1.284036	0.5812844	0.2699816	0.679299	0.320701	1.069813
8514	-2623.394	-2727.192	103.7977	1.366297	1.02652	0.2974134	0.751104	0.248896	0.9261284
8520	-2627.887	-2731.98	104.093	1.267294	0.6100613	0.3070937	0.647537	0.352463	1.184904
8526	-2631.919	-2735.859	103.9401	1.10691	0.6100613	0.1898998	0.647694	0.352306	1.667296
8532	-2634.982	-2737.998	103.0157	1.208035	1.391889	0.3534464	0.721245	0.278755	1.371589
8538	-2626.242	-2729.291	103.0491	1.222813	1.232342	0.3534464	0.817829	0.182171	1.435145
8544	-2621.868	-2724.862	102.9943	1.102882	1.338865	0.3052961	0.752548	0.247452	1.579036
8550	-2647.078	-2750.604	103.5257	1.062721	1.15574	0.245147	0.714954	0.285046	1.438536
8556	-2625.651	-2729.067	103.4155	1.254531	1.15574	0.3047617	0.739996	0.260004	1.256586
8562	-2635.236	-2738.406	103.1706	1.114742	1.332388	0.4111175	0.747202	0.252798	1.267523
8568	-2627.714	-2731.537	103.8233	1.137963	0.8223486	0.3196402	0.74733	0.25267	1.267523
8574	-2631.288	-2734.839	103.5507	1.166839	0.8223486	0.3196402	0.818783	0.181217	1.460053
8580	-2626.389	-2730.344	103.9554	1.105386	0.7202325	0.3096127	0.714816	0.285184	1.305929
8586	-2626.133	-2729.149	103.0164	1.070876	1.435462	0.4495673	0.839874	0.160126	1.305929
8592	-2619.878	-2723.228	103.3502	1.189003	1.075671	0.3098585	0.800625	0.199375	1.411002
8598	-2622.834	-2725.974	103.1398	1.256162	1.455441	0.2794385	0.733913	0.266087	1.328824
8604	-2622.48	-2725.994	103.5136	1.271559	1.100847	0.3338036	0.709403	0.290597	1.145169
8610	-2614.28	-2717.786	103.5062	1.110294	1.094911	0.296162	0.753109	0.246891	1.361181
8616	-2628.306	-2731.509	103.2026	1.238338	0.8579824	0.4306442	0.811095	0.188905	1.469055
8622	-2629.383	-2732.855	103.4717	1.179568	0.8579824	0.4306442	0.710866	0.289134	1.304476
8628	-2626.071	-2729.617	103.5456	1.093007	0.9583085	0.2851997	0.710866	0.289134	1.467934
8634	-2625.299	-2727.69	102.3915	1.327869	2.285754	0.4131763	0.864973	0.135027	1.223425
8640	-2641.91	-2745.396	103.4856	1.467067	1.100091	0.2946123	0.775628	0.224372	1.07401
8646	-2630.857	-2734.189	103.3321	1.467067	1.503849	0.2946123	0.795521	0.204479	0.8914568
8652	-2630.779	-2734.406	103.6274	1.441394	1.199792	0.2525337	0.795521	0.204479	0.9744438
8658	-2633.439	-2736.933	103.4942	1.389105	1.072497	0.3631975	0.733765	0.266235	1.020933
8664	-2637.58	-2740.824	103.2434	1.170072	0.9699297	0.3305516	0.759661	0.240339	1.549616
8670	-2640.419	-2743.848	103.4289	1.156681	1.021261	0.3305516	0.676479	0.323521	1.379775
8676	-2627.542	-2731.203	103.661	1.284974	1.020956	0.3305516	0.784537	0.215463	1.074824
8682	-2622.046	-2725.424	103.3781	1.333532	1.242917	0.3258437	0.794367	0.205633	1.113613
8688	-2628.264	-2731.72	103.4561	1.359771	1.242917	0.3241333	0.854947	0.145053	1.018959
8694	-2620.024	-2723.323	103.2993	1.048964	1.239075	0.3387495	0.770341	0.229659	1.395743
8700	-2621.604	-2724.392	102.7886	1.059474	1.237477	0.3387495	0.679682	0.320318	1.763428
8706	-2622.105	-2724.438	102.3335	1.009663	1.760612	0.3495791	0.809718	0.190282	1.829204
8712	-2622.178	-2725.25	103.0718	1.150392	1.170902	0.3495791	0.772559	0.227441	1.519287
8718	-2623.927	-2727.149	103.2218	1.278369	1.462132	0.3495791	0.7099	0.2901	1.100554
8724	-2619.753	-2722.545	102.7924	1.286166	1.598883	0.397007	0.719251	0.280749	1.295585
8730	-2618.669	-2721.516	102.8471	1.459252	1.852995	0.3842474	0.809797	0.190203	0.9610476
8736	-2618.708	-2721.913	103.2048	1.52308	1.67056	0.3035451	0.838389	0.161611	0.8103786
8742	-2621.914	-2725.634	103.7203	1.581397	1.009261	0.3035451	0.826287	0.173713	0.7594171
8748	-2626.164	-2729.497	103.3334	1.682665	1.009261	0.4682453	0.709206	0.290794	0.6915716
8754	-2617.798	-2721.065	103.267	1.536865	1.557237	0.2903063	0.79472	0.20528	0.8526862
8760	-2622.325	-2725.874	103.5496	1.671805	1.370764	0.2306904	0.69328	0.30672	0.667101
8766	-2627.168	-2730.565	103.3975	1.567437	1.421981	0.2869434	0.848167	0.151833	0.784318
8772	-2631.447	-2735.258	103.8105	1.159671	0.7175676	0.3042843	0.704027	0.295973	1.390443
8778	-2630.863	-2734.366	103.5037	1.141819	1.140139	0.2448446	0.704027	0.295973	1.405974
8784	-2629.05	-2731.789	102.7391	1.02528	1.064378	0.3588268	0.743056	0.256944	1.899092
8790	-2624.08	-2726.922	102.8425	1.122233	1.484588	0.2921334	0.773267	0.226733	1.616173
8796	-2621.877	-2725.181	103.3042	1.246869	1.082277	0.3215277	0.773267	0.226733	1.37637
8802	-2627.938	-2731.389	103.4503	1.310983	1.255443	0.3166224	0.783337	0.216663	1.077143
8808	-2621.552	-2725.294	103.7423	1.338567	0.9795514	0.3166224	0.777506	0.222494	1.014812
8814	-2622.227	-2725.84	103.6131	1.41655	1.135247	0.2541119	0.745941	0.254059	1.065302
8820	-2632.348	-2736.011	103.6625	1.470437	1.162459	0.3081699	0.729789	0.270211	0.7794226
8826	-2631.504	-2734.977	103.4734	1.682946	1.033545	0.3807665	0.762357	0.237643	0.6881151
8832	-2628.603	-2732.085	103.4821	1.649186	1.109667	0.3769731	0.751882	0.248118	0.5985835
8838	-2629.947	-2733.401	103.4542	1.402254	1.162384	0.3769731	0.68745	0.31255	0.9351498
8844	-2633.016	-2736.543	103.5265	1.716095	1.433453	0.2173787	0.818188	0.181812	0.5863482
8850	-2635.879	-2739.937	104.058	1.728288	0.7692526	0.2528542	0.710367	0.289633	0.5419883
8856	-2634.406	-2738.108	103.7018	1.608117	1.13149	0.2867796	0.773859	0.226141	0.5947473
8862	-2632.833	-2736.635	103.8015	1.670857	1.13149	0.2161914	0.814653	0.185347	0.6504301
8868	-2634.765	-2738.95	104.1855	1.636387	0.8137363	0.2161914	0.734529	0.265471	0.5905037
8874	-2631.409	-2735.335	103.9267	1.802048	0.8396978	0.2444519	0.740407	0.259593	0.4935579
8880	-2625.787	-2729.549	103.7621	1.82509	0.9689754	0.2444519	0.744705	0.255295	0.4679498
8886	-2621.335	-2725.182	103.8467	1.864049	0.8486218	0.2444519	0.785955	0.214045	0.4392834
8892	-2623.775	-2727.434	103.6589	1.67656	0.95329	0.3458483	0.812485	0.187515	0.6331841
8898	-2625.476	-2728.474	102.9978	1.698891	1.763842	0.3458483	0.769435	0.230565	0.5874924
8904	-2619.786	-2723.201	103.415	1.633609	1.233579	0.3458483	0.817647	0.182353	0.683025
8910	-2620.548	-2724.397	103.849	1.484906	1.003622	0.2975945	0.705657	0.294343	0.7402857
8916	-2625.643	-2728.829	103.1858	1.583203	1.748341	0.2821928	0.836979	0.163021	0.7517796
8922	-2621.038	-2724.721	103.6828	1.465536	1.154321	0.2803138	0.824224	0.175776	0.8538634
8928	-2629.065	-2732.611	103.5463	1.564482	1.154321	0.3095851	0.843832	0.156168	0.8146312
8934	-2633.893	-2737.216	103.3229	1.932722	0.948588	0.3930108	0.804111	0.195889	0.4088097
8940	-2628.533	-2732.113	103.5792	1.926645	0.9341986	0.291013	0.798539	0.201461	0.4631282
8946	-2618.553	-2721.817	103.2638	1.887881	1.405502	0.2641052	0.706793	0.293207	0.4837844
8952	-2619.694	-2722.911	103.2166	1.923533	1.385602	0.2677172	0.725881	0.274119	0.4098739
8958	-2621.929	-2724.814	102.8852	1.877374	1.385602	0.4511423	0.802983	0.197017	0.4261726
8964	-2632.198	-2734.988	102.7902	1.988606	1.630572	0.3498445	0.78605	0.21395	0.4261726
8970	-2627.079	-2730.917	103.8372	1.857738	0.7125688	0.321599	0.770159	0.229841	0.4842472
8976	-2634.544	-2737.183	102.6388	1.866768	2.182938	0.321599	0.837959	0.162041	0.4378809
8982	-2625.002	-2727.898	102.896	1.752147	2.086607	0.2861326	0.77316	0.22684	0.5284848
8988	-2635.43	-2738.569	103.1388	1.70582	1.34457	0.4261932	0.846828	0.153172	0.5643508
8994	-2630.512	-2733.436	102.9241	1.671013	1.749017	0.3912863	0.812491	0.187509	0.6380895
9000	-2629.456	-2732.941	103.4854	1.624298	1.345718	0.2913137	0.772785	0.227215	0.6145934
9006	-2631.652	-2734.845	103.1932	1.633721	1.545463	0.350892	0.846211	0.153789	0.6111058
9012	-2628.175	-2730.887	102.7119	1.513392	2.198936	0.3928594	0.832237	0.167763	0.8021656
9018	-2632.783	-2736.218	103.4349	1.484585	1.269951	0.2873619	0.713333	0.286667	0.9771951
9024	-2632.07	-2735.077	103.0071	1.384552	2.107596	0.2705479	0.758764	0.241236	0.9771951
9030	-2632.31	-2735.078	102.7681	1.527081	2.297684	0.2976723	0.751461	0.248539	0.8997277
9036	-2630.532	-2733.415	102.8825	1.353745	1.780127	0.3656536	0.751461	0.248539	1.109858
9042	-2642.349	-2745.267	102.9186	1.353745	1.137264	0.5747706	0.834836	0.165164	1.187289
9048	-2639.668	-2742.827	103.1593	1.246038	1.443327	0.3901927	0.717469	0.282531	1.124588
9054	-2630.449	-2733.823	103.3745	1.358347	1.443327	0.3219056	0.842857	0.157143	0.945181
9060	-2626.76	-2730.178	103.4176	1.106704	1.182437	0.2892348	0.802636	0.197364	1.384115
9066	-2634.238	-2736.696	102.4582	1.008001	2.01713	0.3128665	0.780152	0.219848	1.689273
9072	-2629.011	-2732.571	103.5603	1.285911	0.9412488	0.3870022	0.791256	0.208744	1.132916
9078	-2626.354	-2729.98	103.6258	1.364134	0.9412488	0.3625565	0.792471	0.207529	1.045467
9084	-2638.133	-2741.651	103.518	1.474125	0.9771453	0.356933	0.633235	0.366765	1.018787
9090	-2635.208	-2738.707	103.4991	1.173735	1.128955	0.3040557	0.654126	0.345874	1.275637
9096	-2628.823	-2732.838	104.0156	1.306115	0.9333917	0.2239943	0.764962	0.235038	1.052046
9102	-2635.294	-2738.047	102.7527	1.588735	2.723958	0.2499977	0.78434	0.21566	0.718338
9108	-2624.586	-2728.244	103.6579	1.654563	1.126877	0.2723993	0.72449	0.27551	0.6803311
9114	-2622.483	-2726.027	103.5441	1.725239	1.195606	0.2723993	0.804617	0.195383	0.6427686
9120	-2625.093	-2728.235	103.1421	1.443752	1.66931	0.3485179	0.83128	0.16872	0.8644914
9126	-2631.775	-2734.906	103.1314	1.442861	1.66931	0.2633817	0.842378	0.157622	1.079601
9132	-2630.967	-2734.218	103.2506	1.321566	1.550565	0.2633817	0.802405	0.197595	1.156181
9138	-2633.026	-2736.106	103.0802	1.218081	1.441948	0.347183	0.735048	0.264952	1.291686
9144	-2624.965	-2728.543	103.5782	1.595364	0.9685859	0.3966142	0.787619	0.212381	0.7167443
9150	-2628.958	-2732.168	103.2101	1.426028	1.069195	0.4829226	0.74406	0.25594	1.047445
9156	-2624.431	-2727.752	103.3215	1.437916	1.034066	0.469623	0.739278	0.260722	0.9816191
9162	-2623.689	-2726.757	103.0681	1.396006	1.034066	0.6231233	0.754418	0.245582	1.037032
9168	-2624.739	-2727.968	103.2295	1.53442	1.095593	0.5010103	0.709734	0.290266	0.8537723
9174	-2615.763	-2719.382	103.6193	1.47236	1.095593	0.3228846	0.72911	0.27089	0.8675314
9180	-2616.706	-2720.614	103.9073	1.450408	0.8543709	0.3228846	0.78201	0.21799	0.8441632
9186	-2625.533	-2729.083	103.5505	1.328786	1.296195	0.3228846	0.757131	0.242869	0.9096958
9192	-2625.418	-2729.308	103.8892	1.455959	0.816118	0.3228846	0.725098	0.274902	0.9096958
9198	-2629.89	-2733.671	103.7812	1.777312	0.816118	0.3228846	0.691316	0.308684	0.5638667
9204	-2623.801	-2727.237	103.4356	1.57014	1.358362	0.3145487	0.818826	0.181174	0.6989253
9210	-2624.488	-2728.571	104.0833	1.414143	0.8568503	0.2628178	0.696426	0.303574	0.8440472
9216	-2619.839	-2723.554	103.7154	1.500122	1.107551	0.2628178	0.727156	0.272844	0.8761648
9222	-2623.087	-2726.201	103.1142	1.363189	1.566506	0.3311975	0.852529	0.147471	1.087763
9228	-2618.26	-2721.705	103.4453	1.485217	1.173164	0.3572728	0.796357	0.203643	0.887005
9234	-2615.723	-2719.159	103.4358	1.348667	1.365827	0.3501	0.776274	0.223726	0.887005
9240	-2613.827	-2717.239	103.4115	1.422819	1.320033	0.338256	0.787835	0.212165	0.9006212
9246	-2623.038	-2726.661	103.6232	1.50227	1.101528	0.2973276	0.652066	0.347934	0.8895401
9252	-2623.199	-2727.22	104.0207	1.472475	0.8914842	0.2973276	0.727384	0.272616	0.668023
9258	-2625.02	-2729.145	104.1248	1.400334	0.8122784	0.2922692	0.741897	0.258103	0.7803819
9264	-2630.076	-2734.053	103.9769	1.414937	0.8122784	0.2922692	0.709411	0.290589	0.9401863
9270	-2627.118	-2731.122	104.0047	1.348418	0.8930308	0.268824	0.70615	0.29385	0.9453287
9276	-2621.241	-2724.513	103.2718	1.418918	1.513033	0.319899	0.827948	0.172052	0.9396472
9282	-2619.388	-2722.986	103.5975	1.421957	1.248687	0.3036919	0.81016	0.18984	0.8431675
9288	-2620.769	-2723.964	103.1953	1.260489	1.248687	0.3301475	0.69061	0.30939	1.318981
9294	-2626.913	-2730.535	103.6215	1.145475	1.060931	0.2691168	0.792893	0.207107	1.318981
9300	-2615.94	-2719.38	103.4402	1.140228	1.060931	0.2691168	0.777168	0.222832	1.464676
9306	-2628.682	-2731.909	103.2269	1.05806	1.060931	0.4049581	0.777168	0.222832	1.464676
9312	-2621.886	-2725.561	103.6746	1.290783	1.060931	0.3101992	0.727831	0.272169	1.062812
9318	-2630.216	-2734.055	103.839	1.221742	0.8796069	0.2729078	0.746742	0.253258	1.222203
9324	-2620	-2723.784	103.7845	1.213081	0.8580011	0.2651235	0.780548	0.219452	1.310312
9330	-2626.151	-2730.079	103.9279	1.038462	0.8580011	0.2613921	0.729436	0.270564	1.342919
9336	-2632.207	-2735.562	103.3551	1.181586	0.8096906	0.5008134	0.717741	0.282259	1.342919
9342	-2627.945	-2731.367	103.4219	1.083946	0.8096906	0.3790904	0.663521	0.336479	1.535802
9348	-2628.449	-2732.182	103.7323	1.083193	0.8096906	0.2410386	0.84488	0.15512	1.541485
9354	-2645.665	-2748.087	102.422	1.010987	1.738485	0.4334823	0.855566	0.144434	1.661109
9360	-2633.872	-2736.51	102.638	1.142641	1.711367	0.3880376	0.795262	0.204738	1.482331
9366	-2630.8	-2733.966	103.166	1.05195	1.062875	0.3763409	0.751289	0.248711	1.555318
9372	-2624.129	-2727.392	103.2627	1.01398	0.9869979	0.2787884	0.745933	0.254067	1.721781
9378	-2622.744	-2726.299	103.5556	1.057052	0.9214386	0.3241343	0.687693	0.312307	1.448694
9384	-2625.838	-2729.004	103.1653	1.153479	1.360923	0.3241343	0.753851	0.246149	1.365568
9390	-2629.854	-2733.495	103.6411	1.183923	0.7912455	0.3241343	0.693845	0.306155	1.397758
9396	-2626.818	-2730.507	103.6895	1.229348	0.861436	0.3100437	0.744425	0.255575	1.283637
9402	-2626.718	-2730.237	103.5186	1.200796	1.094465	0.2682948	0.788379	0.211621	1.333359
9408	-2630.604	-2733.568	102.9644	1.191192	1.274789	0.4170658	0.700923	0.299077	1.400072
9414	-2625.937	-2729.473	103.5357	1.399012	1.192711	0.3096495	0.860682	0.139318	0.9758562
9420	-2625.647	-2729.364	103.7166	1.348274	1.192711	0.2559265	0.745411	0.254589	0.9758562
9426	-2631.048	-2734.47	103.4219	1.364101	1.477033	0.2635182	0.815898	0.184102	1.006678
9432	-2625.997	-2729.361	103.3648	1.416837	1.290481	0.3755364	0.785842	0.214158	0.8997406
9438	-2620.559	-2724.383	103.8247	1.432725	1.062558	0.266662	0.802779	0.197221	0.865239
9444	-2620.332	-2724.115	103.7834	1.406111	1.062558	0.2718572	0.735787	0.264213	0.9274413
9450	-2622.367	-2725.989	103.6226	1.500277	1.030217	0.3399818	0.858493	0.141507	0.8602559
9456	-2625.858	-2729.081	103.223	1.500277	1.626803	0.3170417	0.758926	0.241074	0.8151841
9462	-2638.092	-2741.404	103.3118	1.459436	1.58084	0.3163664	0.815614	0.184386	0.7962477
9468	-2623.998	-2727.318	103.3204	1.497044	1.337311	0.3940425	0.79121	0.20879	0.7603428
9474	-2629.333	-2733.064	103.7307	1.490773	1.228374	0.2051869	0.796579	0.203421	0.9253395
9480	-2623.123	-2727.195	104.0716	1.483378	0.7713872	0.2691164	0.762007	0.237993	0.8753806
9486	-2621.081	-2724.581	103.5	1.347895	1.088517	0.3395091	0.750186	0.249814	1.087595
9492	-2628.28	-2731.51	103.2294	1.449327	1.088517	0.424396	0.756126	0.243874	1.087595
9498	-2623.673	-2726.78	103.107	1.384613	1.337299	0.431029	0.785917	0.214083	1.049451
9504	-2625.201	-2728.298	103.0976	1.334362	1.41336	0.431029	0.653413	0.346587	1.049451
9510	-2626.385	-2729.436	103.0503	1.35926	1.41336	0.431029	0.653413	0.346587	1.070628
9516	-2623.369	-2726.902	103.5325	1.381188	1.089295	0.3131408	0.745275	0.254725	1.079899
9522	-2634.357	-2736.987	102.6297	1.858617	2.05572	0.365063	0.824138	0.175862	0.455613
9528	-2619.26	-2722.637	103.3776	1.895989	0.9607843	0.3790552	0.770917	0.229083	0.4159641
9534	-2619.106	-2722.784	103.6776	1.85992	0.7386922	0.3790552	0.794858	0.205142	0.4586865
9540	-2624.383	-2728.031	103.6477	1.403496	1.113573	0.3063876	0.76737	0.23263	0.9360538
9546	-2625.49	-2729.112	103.6215	1.435073	1.093089	0.3594247	0.720323	0.279677	0.8172174
9552	-2623.31	-2726.949	103.6393	1.524949	1.093089	0.320776	0.720323	0.279677	0.7843803
9558	-2623.274	-2727.121	103.8464	1.524949	0.8454842	0.3249867	0.77829	0.22171	0.8339576
9564	-2623.443	-2727.363	103.92	1.672854	0.8454842	0.2795701	0.762268	0.237732	0.6554967
9570	-2626.486	-2729.943	103.4564	1.818758	1.454277	0.2036758	0.842225	0.157775	0.5504763
9576	-2627.299	-2731.212	103.9131	1.706237	0.7219804	0.3502184	0.66439	0.33561	0.5329989
9582	-2629.292	-2733.267	103.9754	1.636973	0.7219804	0.3502184	0.818788	0.181212	0.5702184
9588	-2632.623	-2736.121	103.4981	1.773468	1.278706	0.2474917	0.786877	0.213123	0.6203229
9594	-2628.322	-2731.79	103.4686	1.776245	1.278706	0.26521	0.778643	0.221357	0.5572541
9600	-2628.561	-2731.821	103.2599	1.799927	1.32688	0.3261573	0.829613	0.170387	0.5663713
9606	-2624.774	-2727.846	103.0719	1.769128	1.495852	0.3718661	0.798391	0.201609	0.4892938
9612	-2629.376	-2732.176	102.8003	1.302293	1.85939	0.3870462	0.738524	0.261476	1.1463
9618	-2632.433	-2735.873	103.4399	1.27829	1.093272	0.2650814	0.726908	0.273092	1.341661
9624	-2621.751	-2724.852	103.1016	1.176454	1.332372	0.3495619	0.719379	0.280621	1.372287
9630	-2627.644	-2730.695	103.051	1.247942	1.387012	0.3143255	0.772912	0.227088	1.382349
9636	-2626.205	-2729.515	103.3101	1.357085	1.251942	0.3623126	0.76917	0.23083	1.075961
9642	-2631.491	-2734.699	103.208	1.603305	1.705164	0.2737228	0.784916	0.215084	0.7618154
9648	-2627.005	-2730.782	103.7764	1.59493	1.130329	0.2339215	0.814147	0.185853	0.7439934
9654	-2624.471	-2728.143	103.6724	1.311989	1.081853	0.2754345	0.731149	0.268851	1.103176
9660	-2619.246	-2723.141	103.8953	1.501708	0.8962439	0.2951431	0.766936	0.233064	0.816381
9666	-2624.794	-2727.672	102.8785	1.544602	1.922333	0.3838918	0.845182	0.154818	0.7726645
9672	-2630.604	-2733.565	102.9608	1.613887	1.769146	0.3985844	0.835368	0.164632	0.6215968
9678	-2626.366	-2729.412	103.0464	1.302578	1.391262	0.4513782	0.737755	0.262245	1.108534
9684	-2627.024	-2730.843	103.8199	1.52275	0.9215588	0.338172	0.76625	0.23375	0.7156957
9690	-2629.659	-2733.163	103.504	1.46071	1.11661	0.4017052	0.766604	0.233396	0.7984112
9696	-2628.121	-2731.723	103.6019	1.450161	0.974372	0.4017052	0.827869	0.172131	0.8617381
9702	-2630.603	-2733.95	103.3467	1.511911	1.367241	0.2969269	0.714921	0.285079	0.9344966
9708	-2629.113	-2732.661	103.5481	1.406853	1.281054	0.2969269	0.824797	0.175203	0.9052785
9714	-2629.949	-2733.015	103.0651	1.341911	1.548223	0.3090962	0.869288	0.130712	1.205574
9720	-2634.64	-2738.08	103.4393	1.262576	1.252692	0.2963068	0.809118	0.190882	1.174682
9726	-2619.1	-2722.703	103.603	1.29549	1.068662	0.2687571	0.68939	0.31061	1.204639
9732	-2624.843	-2727.476	102.6324	1.262517	1.444181	0.4366499	0.817974	0.182026	1.46936
9738	-2622.787	-2725.717	102.9301	1.222337	1.425383	0.3551982	0.764798	0.235202	1.404299
9744	-2614.254	-2717.595	103.3407	1.315662	1.26468	0.3551982	0.794697	0.205303	1.089742
9750	-2611.89	-2715.385	103.4955	1.403357	1.26468	0.2869262	0.773382	0.226618	1.003538
9756	-2624.514	-2727.798	103.2841	1.355213	1.293955	0.2869262	0.773382	0.226618	1.218027
9762	-2624.808	-2728.706	103.8978	1.09025	0.6409795	0.3431215	0.774403	0.225597	1.388723
9768	-2634.719	-2737.81	103.0917	1.17374	1.018504	0.3431215	0.661821	0.338179	1.602404
9774	-2644.414	-2748.167	103.7527	1.12003	0.626886	0.2737114	0.739692	0.260308	1.609667
9780	-2632.618	-2736.125	103.5066	1.945536	1.02542	0.2689533	0.717392	0.282608	0.4119278
9786	-2636.872	-2740.959	104.0867	1.975241	0.5358126	0.2632518	0.664356	0.335644	0.400948
9792	-2639.109	-2742.973	103.8634	1.537038	1.160434	0.2185313	0.849599	0.150401	0.7226692
9798	-2621.49	-2725.326	103.8355	1.429164	1.132745	0.2392034	0.768701	0.231299	0.8636673
9804	-2638.87	-2742.466	103.5965	1.754151	1.04873	0.2977059	0.6952	0.3048	0.62524
9810	-2636.136	-2739.511	103.3753	1.672915	0.908124	0.4974349	0.752794	0.247206	0.7301118
9816	-2633.523	-2736.774	103.2515	1.562802	1.139093	0.5291049	0.752794	0.247206	0.6475669
9822	-2631.109	-2734.795	103.6856	1.574948	1.001589	0.2855994	0.764602	0.235398	0.8768579
9828	-2628.43	-2732.294	103.8639	1.491071	1.001589	0.2924993	0.582443	0.417557	0.7293408
9834	-2630.614	-2734.495	103.8811	1.54461	0.7187154	0.431861	0.634262	0.365738	0.6544792
9840	-2629.509	-2733.178	103.6687	1.6366	0.7187154	0.5034282	0.661333	0.338667	0.6465264
9846	-2627.673	-2731.59	103.9165	1.717913	0.7187154	0.3456318	0.788697	0.211303	0.5201715
9852	-2627.608	-2731.414	103.8059	1.619541	0.8920273	0.3456318	0.75645	0.24355	0.5556428
9858	-2622.413	-2726.341	103.9283	1.599388	0.8920273	0.270211	0.761553	0.238447	0.7222306
9864	-2626.88	-2730.502	103.6219	1.411128	0.9943187	0.364777	0.79642	0.20358	0.942748
9870	-2625.194	-2728.69	103.4959	1.350095	1.259939	0.2903673	0.733722	0.266278	1.050915
9876	-2625.932	-2729.44	103.5087	1.43815	1.259939	0.2903673	0.699116	0.300884	0.9500714
9882	-2628.475	-2731.567	103.0921	1.147225	1.271648	0.3644871	0.657035	0.342965	1.41707
9888	-2631.632	-2734.891	103.2594	1.095528	1.253362	0.3350124	0.747238	0.252762	1.387396
9894	-2615.995	-2719.084	103.0889	1.294668	1.592252	0.2351493	0.790806	0.209194	1.350332
9900	-2622.236	-2725.684	103.4481	1.187723	1.243218	0.2799441	0.780093	0.219907	1.270474
9906	-2620.556	-2724.21	103.6537	1.335103	1.243218	0.3062589	0.828132	0.171868	0.878249
9912	-2622.693	-2725.538	102.8442	1.439143	2.08837	0.3436955	0.863039	0.136961	0.9254781
9918	-2628.609	-2732.907	104.2979	1.372452	0.756836	0.2401545	0.687667	0.312333	0.8483114
9924	-2625.17	-2728.78	103.61	1.41035	1.382738	0.2593975	0.774815	0.225185	0.840404
9930	-2626.591	-2730.421	103.83	1.307351	0.8035524	0.3824577	0.729164	0.270836	1.011393
9936	-2631.882	-2736.123	104.2414	1.373571	0.8035524	0.1886029	0.712898	0.287102	1.008453
9942	-2625.838	-2729.656	103.8176	1.21017	0.8293413	0.2577667	0.712636	0.287364	1.327256
9948	-2625.529	-2729.181	103.652	1.121918	0.8293413	0.2644604	0.662091	0.337909	1.510237
9954	-2631.015	-2734.154	103.1384	0.8982016	0.9875501	0.384727	0.683762	0.316238	1.726899
9960	-2626.293	-2729.843	103.5502	1.303686	0.9261267	0.3389899	0.753336	0.246664	1.225862
9966	-2631.341	-2734.918	103.5763	1.221513	0.9311849	0.2797166	0.662648	0.337352	1.377259
9972	-2640.356	-2743.458	103.1016	1.247079	1.379633	0.2971925	0.664021	0.335979	1.378783
9978	-2638.914	-2741.931	103.0174	1.138008	1.379633	0.4033355	0.780926	0.219074	1.354204
9984	-2630.134	-2733.584	103.4495	1.297541	1.085742	0.2827304	0.822157	0.177843	1.288994
9990	-2627.855	-2731.388	103.5323	1.342896	1.085742	0.2855299	0.778009	0.221991	1.175396
9996	-2638.326	-2741.472	103.1459	1.427514	1.373687	0.3644501	0.747917	0.252083	1.066854
10002	-2631.309	-2734.032	102.7233	1.354627	1.373687	0.5220326	0.835337	0.164663	1.252324
10008	-2622.544	-2726.194	103.6501	1.303797	1.036622	0.3045129	0.695638	0.304362	1.107362
10014	-2627.519	-2730.77	103.2513	1.082655	1.036622	0.3049372	0.770109	0.229891	1.601215
10020	-2632.531	-2735.349	102.8179	1.143653	1.731316	0.2860198	0.770109	0.229891	1.502771
10026	-2631.679	-2734.402	102.7229	1.181482	1.731316	0.3405667	0.7775	0.2225	1.452451
10032	-2629.371	-2732.42	103.0488	1.219051	1.312481	0.3734235	0.733416	0.266584	1.354181
10038	-2625.508	-2728.719	103.2103	1.221316	1.312481	0.3655329	0.793227	0.206773	1.23378
10044	-2626.532	-2729.953	103.4213	1.275899	1.171762	0.299567	0.767343	0.232657	1.232023
10050	-2625.655	-2729.011	103.3565	1.313052	1.465465	0.3068812	0.836546	0.163454	1.026922
10056	-2622.333	-2725.333	102.9997	1.166288	1.465465	0.3883808	0.757627	0.242373	1.316459
10062	-2620.678	-2723.394	102.7155	1.133754	1.496779	0.3700739	0.812793	0.187207	1.569359
10068	-2618.298	-2720.944	102.6465	1.086877	1.496779	0.3700739	0.725844	0.274156	1.653413
10074	-2619.141	-2722.236	103.0957	1.116306	1.004141	0.3591467	0.734342	0.265658	1.626972
10080	-2634.468	-2736.549	102.081	0.9422921	1.54305	0.3039991	0.696353	0.303647	2.207654
10086	-2632.558	-2735.221	102.6638	0.9103054	1.335094	0.3617963	0.733285	0.266715	1.863348
10092	-2646.067	-2749.412	103.345	1.026689	0.8680167	0.3132165	0.842879	0.157121	1.686369
10098	-2641.008	-2744.61	103.6019	1.015778	0.8405204	0.3132165	0.650636	0.349364	1.530275
10104	-2631.475	-2734.5	103.0257	1.173769	1.284687	0.3406495	0.853945	0.146055	1.477425
10110	-2623.676	-2726.68	103.0044	1.244983	1.284687	0.3463253	0.707443	0.292557	1.430175
10116	-2622.622	-2726.283	103.6608	1.324168	0.8324191	0.3505212	0.736169	0.263831	1.181045
10122	-2637.966	-2742.045	104.0783	1.213954	0.8324191	0.244899	0.616085	0.383915	1.129244
10128	-2634.367	-2738.27	103.9026	1.380622	0.8279508	0.2930318	0.616085	0.383915	1.030303
10134	-2630.193	-2734.003	103.8099	1.520942	0.9588216	0.2611706	0.78965	0.21035	0.914837
10140	-2624.572	-2728.083	103.5114	1.413885	1.448141	0.2611706	0.793468	0.206532	0.8882985
10146	-2633.556	-2737.582	104.0259	1.506365	0.7740104	0.2849119	0.806811	0.193189	0.8525818
10152	-2630.282	-2734.478	104.1952	1.425459	0.7740104	0.2849119	0.693014	0.306986	0.7325018
10158	-2627.153	-2731.095	103.9423	1.565489	0.9651573	0.2657049	0.747549	0.252451	0.634225
10164	-2635.476	-2738.829	103.3532	1.487005	1.544912	0.2657049	0.920229	0.0797706	0.8909654
10170	-2625.211	-2728.682	103.4705	1.51154	1.232622	0.3496584	0.846181	0.153819	0.7773943
10176	-2626.791	-2730.419	103.628	1.507568	0.9125343	0.3922578	0.748558	0.251442	0.8610409
10182	-2625.715	-2729.175	103.4602	1.52746	1.158183	0.3922578	0.755343	0.244657	0.7377299
10188	-2625.567	-2729.155	103.5886	1.574446	1.158183	0.322665	0.77112	0.22888	0.686258
10194	-2624.926	-2728.585	103.6585	1.560336	1.097115	0.322665	0.82896	0.17104	0.686258
10200	-2623.08	-2726.466	103.3863	1.616381	1.097115	0.4438184	0.796273	0.203727	0.634277
10206	-2626.925	-2731.03	104.1053	1.663564	0.6958526	0.2864628	0.753764	0.246236	0.6312389
10212	-2624.044	-2727.991	103.9466	1.649312	0.8219607	0.2864628	0.782606	0.217394	0.6702383
10218	-2622.355	-2726.333	103.9774	1.812895	0.7240708	0.2736879	0.781897	0.218103	0.464007
10224	-2636.716	-2740.578	103.8623	1.799536	0.7240708	0.3299681	0.778916	0.221084	0.5139878
10230	-2628.42	-2732.272	103.852	1.592219	0.7914683	0.3745935	0.674902	0.325098	0.6581549
10236	-2628.178	-2731.853	103.6747	1.53517	1.184673	0.2832243	0.750419	0.249581	0.7225952
10242	-2623.743	-2727.294	103.5511	1.705007	1.166754	0.2832243	0.765131	0.234869	0.6685849
10248	-2627.031	-2730.851	103.82	1.619346	1.04941	0.2556129	0.785535	0.214465	0.6570994
10254	-2626.547	-2730.262	103.7151	1.362935	1.04941	0.2556129	0.742815	0.257185	1.091435
10260	-2626.489	-2730.176	103.6868	1.356247	1.01358	0.3735928	0.809491	0.190509	0.8908253
10266	-2622.75	-2726.108	103.3582	1.300545	1.48283	0.3045218	0.750104	0.249896	1.030239
10272	-2621.905	-2725.347	103.4417	1.297217	1.513909	0.2619133	0.750104	0.249896	1.030239
10278	-2625.122	-2728.561	103.4398	1.442548	1.513909	0.2663109	0.825106	0.174894	0.8663404
10284	-2626.085	-2729.462	103.377	1.820019	1.055319	0.3771954	0.795939	0.204061	0.467468
10290	-2625.29	-2728.852	103.5624	1.769503	0.923821	0.3771954	0.824427	0.175573	0.4996498
10296	-2626.142	-2729.661	103.519	1.633023	1.087224	0.3771954	0.719202	0.280798	0.5976855
10302	-2624.341	-2727.606	103.2658	1.829158	1.35413	0.3035313	0.792149	0.207851	0.5344071
10308	-2620.261	-2723.731	103.4706	1.861465	1.074558	0.3035313	0.839747	0.160253	0.4422638
10314	-2623.272	-2726.517	103.2444	1.832901	1.074558	0.4274497	0.863315	0.136685	0.5616243
10320	-2640.211	-2743.722	103.5109	2.107259	0.764751	0.2953144	0.687915	0.312085	0.3333464
10326	-2633.748	-2737.326	103.5778	2.163138	0.6187993	0.2953144	0.660787	0.339213	0.2790371
10332	-2636.465	-2740.048	103.5831	2.158007	0.7533459	0.2344419	0.789448	0.210552	0.295486
10338	-2630.502	-2733.999	103.4967	2.089592	0.7246334	0.3209695	0.572359	0.427641	0.3124363
10344	-2627.898	-2730.952	103.0537	2.007294	1.31837	0.3209695	0.741347	0.258653	0.3957014
10350	-2638.385	-2741.493	103.1079	1.737507	1.867292	0.2553249	0.796429	0.203571	0.5773292
10356	-2631.899	-2734.911	103.0119	1.746611	1.867292	0.2929801	0.786785	0.213215	0.5507455
10362	-2630.663	-2733.678	103.0156	1.696471	1.921715	0.2929801	0.829977	0.170023	0.6008707
10368	-2632.444	-2735.339	102.8951	1.569932	1.855882	0.3651647	0.81404	0.18596	0.8217194
10374	-2640.835	-2744.041	103.2062	2.077043	1.177873	0.270988	0.783864	0.216136	0.3722368
10380	-2637.826	-2740.9	103.0745	1.74105	1.513586	0.3718032	0.926312	0.0736876	0.5845319
10386	-2633.94	-2737.238	103.2984	1.692804	1.513586	0.2915195	0.814287	0.185713	0.5845319
10392	-2633.965	-2737.157	103.1923	1.905426	1.33654	0.3087749	0.867773	0.132227	0.4733677
10398	-2622.47	-2725.98	103.5109	1.786591	0.8548202	0.4307462	0.747908	0.252092	0.562402
10404	-2624.836	-2728.858	104.0223	1.582213	0.8068151	0.2715822	0.817572	0.182428	0.7474324
10410	-2631.395	-2734.974	103.5792	1.530128	1.037829	0.3918491	0.742318	0.257682	0.7239636
10416	-2631.497	-2735.368	103.8709	1.530128	0.7403952	0.3918491	0.646179	0.353821	0.776374
10422	-2623.37	-2727.552	104.1824	1.484576	0.829472	0.2325043	0.696924	0.303076	0.7664393
10428	-2624.968	-2729.133	104.1653	1.442988	0.6983448	0.3025706	0.669848	0.330152	0.8243573
10434	-2626.865	-2729.98	103.1153	1.668908	1.391771	0.4173244	0.840793	0.159207	0.6699977
10440	-2622.844	-2726.601	103.7575	1.69501	1.000919	0.275241	0.681694	0.318306	0.6226042
10446	-2623.384	-2727.268	103.8838	1.591619	1.000919	0.2297323	0.818043	0.181957	0.7883951
10452	-2629.503	-2733.895	104.3921	1.492878	0.6016056	0.2569084	0.718094	0.281906	0.7814566
10458	-2630.652	-2735.167	104.5154	1.572956	0.6016056	0.1972061	0.76348	0.23652	0.7257094
10464	-2631.374	-2735.135	103.7607	1.308619	0.9553948	0.2564141	0.681307	0.318693	1.18125
10470	-2627.06	-2730.603	103.5431	1.574118	0.8250831	0.4776952	0.727341	0.272659	0.8108786
10476	-2625.389	-2728.825	103.437	1.471598	1.037234	0.4776952	0.709395	0.290605	0.7900084
10482	-2626.381	-2730.082	103.7012	1.242685	0.8658888	0.3324509	0.796577	0.203423	1.21705
10488	-2635.188	-2737.985	102.7971	1.372608	1.709159	0.5134875	0.87137	0.12863	0.9589402
10494	-2621.979	-2725.134	103.1554	1.117743	1.044906	0.3870931	0.779802	0.220198	1.511283
10500	-2629.957	-2733.245	103.2885	1.122747	0.9489903	0.43623	0.709243	0.290757	1.408694
10506	-2628.749	-2731.939	103.1899	1.289015	1.555076	0.293552	0.685106	0.314894	1.17045
10512	-2632.13	-2736.057	103.9264	1.231618	0.7950952	0.2517808	0.671171	0.328829	1.266329
10518	-2628.127	-2731.387	103.2596	1.200501	1.094477	0.402467	0.794407	0.205593	1.306491
10524	-2628.833	-2731.867	103.034	1.402268	1.938299	0.2971963	0.769187	0.230813	0.9663849
10530	-2626.588	-2729.525	102.9364	1.465272	1.938299	0.3121892	0.769187	0.230813	0.9663849
10536	-2620.077	-2723.823	103.7462	1.465272	1.080773	0.2637802	0.813633	0.186367	0.9065245
10542	-2620.85	-2724.449	103.5987	1.262501	1.080773	0.3453487	0.776495	0.223505	1.070361
10548	-2624.019	-2727.23	103.2115	1.294321	1.348401	0.3869774	0.782527	0.217473	1.105979
10554	-2622.289	-2725.595	103.3059	1.339518	1.348401	0.3203701	0.76948	0.23052	1.105979
10560	-2622.373	-2725.798	103.4247	1.31998	1.044265	0.43573	0.774837	0.225163	1.045682
10566	-2622.062	-2724.867	102.8057	1.216352	1.497082	0.43573	0.75127	0.24873	1.341325
10572	-2620.875	-2724.081	103.2057	1.36322	1.912792	0.2215612	0.738308	0.261692	1.042652
10578	-2629.83	-2732.917	103.0867	1.391444	1.612748	0.3244602	0.766349	0.233651	1.070667
10584	-2631.226	-2734.389	103.1625	1.459344	1.096896	0.495209	0.864107	0.135893	1.01599
10590	-2630.704	-2734.669	103.965	1.339801	0.7232298	0.4028494	0.72506	0.27494	0.8966645
10596	-2619.619	-2723.956	104.3366	1.49085	0.6008125	0.2483172	0.72698	0.27302	0.8831343
10602	-2623.003	-2727.491	104.4886	1.548	0.6008125	0.2000008	0.566599	0.433401	0.7910224
10608	-2625.593	-2730.389	104.7962	1.569034	0.4025986	0.2112249	0.55328	0.44672	0.7447555
10614	-2619.48	-2723.416	103.9357	1.551877	0.9028166	0.2885278	0.752073	0.247927	0.6946943
10620	-2628.239	-2732.019	103.7799	1.701174	0.9028166	0.3172718	0.767701	0.232299	0.5150813
10626	-2631.473	-2735.56	104.0868	1.71266	0.780538	0.2428762	0.705396	0.294604	0.5385169
10632	-2636.398	-2740.273	103.8755	1.653862	0.780538	0.3536387	0.705396	0.294604	0.5829342
10638	-2623.528	-2727.697	104.1686	1.572005	0.780538	0.2355298	0.780015	0.219985	0.7297374
10644	-2633.746	-2737.005	103.2593	1.558441	1.324588	0.3222771	0.774359	0.225641	0.952669
10650	-2627.42	-2730.827	103.4064	1.543308	1.445502	0.2937066	0.776086	0.223914	0.7577283
10656	-2626.961	-2730.814	103.8536	1.471738	1.059717	0.2713542	0.776086	0.223914	0.7656489
10662	-2626.941	-2730.47	103.5287	1.645887	1.059717	0.3561947	0.764344	0.235656	0.6997062
10668	-2629.494	-2732.93	103.4358	1.598797	1.22432	0.3561947	0.858506	0.141494	0.6833014
10674	-2628.03	-2731.569	103.539	1.630721	1.012859	0.3900995	0.768869	0.231131	0.6660648
10680	-2626.815	-2730.21	103.3949	1.812263	1.270925	0.2834882	0.812812	0.187188	0.450735
10686	-2623.303	-2726.623	103.3201	1.746915	1.270925	0.346396	0.755512	0.244488	0.4619544
10692	-2634.349	-2737.952	103.6034	1.657722	1.03728	0.3203401	0.722589	0.277411	0.7207149
10698	-2639.156	-2742.694	103.5386	1.538809	1.03728	0.4039243	0.722813	0.277187	0.7383602
10704	-2630.786	-2734.103	103.3171	1.599775	1.272717	0.3778457	0.695712	0.304288	0.7383602
10710	-2635.781	-2739.049	103.2686	1.357395	1.354169	0.3007094	0.744027	0.255973	1.159404
10716	-2630.025	-2733.355	103.3304	1.442847	1.452806	0.3007094	0.770217	0.229783	0.945893
10722	-2623.406	-2727.066	103.6597	1.375244	1.13474	0.3007094	0.696502	0.303498	0.9467718
10728	-2631.17	-2734.805	103.6349	1.304211	0.9359717	0.3007094	0.725438	0.274562	1.217419
10734	-2637.106	-2739.761	102.6549	1.211249	1.491182	0.5184328	0.829136	0.170864	1.356277
10740	-2633.244	-2736.421	103.1771	1.311543	1.170712	0.3916664	0.814772	0.185228	1.243077
10746	-2628.216	-2731.5	103.2836	1.20761	1.067643	0.3039694	0.717746	0.282254	1.46398
10752	-2629.197	-2733.06	103.8635	1.424503	1.009579	0.2937437	0.746886	0.253114	0.8095654
10758	-2626.065	-2729.671	103.6062	1.552301	0.9913873	0.3341376	0.836628	0.163372	0.8785165
10764	-2628.386	-2732.189	103.8028	1.686758	0.9913873	0.258232	0.828571	0.171429	0.6574003
10770	-2623.326	-2726.597	103.2702	1.655721	1.276999	0.398516	0.753955	0.246045	0.6410146
10776	-2627.981	-2731.25	103.2687	1.547212	1.408612	0.398516	0.84223	0.15777	0.6515748
10782	-2624.122	-2727.491	103.3691	1.492224	1.29787	0.398516	0.781812	0.218188	0.7289995
10788	-2628.834	-2732.436	103.6014	1.55935	1.29787	0.2668141	0.77905	0.22095	0.7117308
10794	-2627.513	-2730.976	103.4628	1.61367	1.29787	0.3124675	0.825209	0.174791	0.6667931
10800	-2633.745	-2737.172	103.4265	1.666129	1.29787	0.3124675	0.77517	0.22483	0.6315372
10806	-2632.668	-2736.546	103.8781	1.617592	0.8727167	0.3124675	0.662452	0.337548	0.6315372
10812	-2627.937	-2731.977	104.0396	1.658993	0.8727167	0.2345047	0.660422	0.339578	0.6065762
10818	-2628.063	-2732.206	104.1432	1.713903	0.7497847	0.2345047	0.681398	0.318602	0.5525941
10824	-2623.793	-2727.98	104.1868	1.672378	0.7497847	0.2345047	0.681398	0.318602	0.5403611
10830	-2635.387	-2738.659	103.2718	1.147414	1.354624	0.358454	0.764756	0.235244	1.227962
10836	-2628.088	-2731.347	103.2595	1.23532	1.482658	0.2761197	0.772799	0.227201	1.237806
10842	-2625.377	-2728.962	103.5852	1.276602	1.252345	0.256054	0.812528	0.187472	1.12093
10848	-2630.442	-2733.483	103.0408	1.210384	1.946769	0.256054	0.821668	0.178332	1.22575
10854	-2624.598	-2727.927	103.3298	1.346195	1.296591	0.3545409	0.81201	0.18799	1.047704
10860	-2624.688	-2728.195	103.5064	1.390833	1.296591	0.258622	0.79764	0.20236	1.047704
10866	-2635.058	-2738.571	103.513	1.272924	1.416839	0.2056354	0.810294	0.189706	1.19328
10872	-2634.934	-2738.055	103.1205	1.121215	1.260496	0.3046209	0.769863	0.230137	1.520994
10878	-2626.731	-2729.71	102.9788	1.038371	1.276281	0.3046209	0.748621	0.251379	1.67481
10884	-2622.816	-2725.773	102.9571	0.9690687	1.276281	0.2788299	0.785885	0.214115	1.781932
10890	-2625.961	-2729.249	103.2885	1.169541	1.475975	0.2482991	0.763824	0.236176	1.32989
10896	-2626.739	-2729.879	103.1398	1.318876	1.475975	0.3129051	0.819372	0.180628	1.19906
10902	-2633.912	-2737.099	103.1864	1.098095	1.198433	0.4063495	0.785003	0.214997	1.365936
10908	-2635.181	-2738.647	103.4658	1.326748	1.289352	0.2638986	0.754503	0.245497	1.137357
10914	-2641.948	-2745.574	103.626	1.149195	0.8939198	0.2762496	0.693323	0.306677	1.432366
10920	-2633.213	-2736.554	103.3405	1.106774	0.8001187	0.2794555	0.67043	0.32957	1.743907
10926	-2629.701	-2732.999	103.2983	1.136209	0.9764469	0.3730174	0.67043	0.32957	1.462056
10932	-2639.238	-2742.83	103.5921	1.131209	0.7485276	0.3730174	0.756742	0.243258	1.436594
10938	-2637.868	-2740.901	103.0332	1.235321	1.443181	0.3730174	0.769881	0.230119	1.271547
10944	-2633.012	-2736.604	103.5925	1.259839	1.087032	0.2972531	0.823483	0.176517	1.169985
10950	-2626.967	-2729.934	102.9669	1.231883	1.717745	0.3399045	0.726056	0.273944	1.22544
10956	-2627.196	-2730.458	103.2623	1.331833	1.437831	0.3023332	0.823921	0.176079	1.126658
10962	-2629.293	-2732.717	103.4245	1.303277	1.52925	0.2445106	0.823921	0.176079	1.073248
10968	-2628.621	-2731.32	102.6991	1.164488	1.47612	0.3417629	0.793187	0.206813	1.613063
10974	-2625.099	-2728.124	103.0249	1.270561	1.346463	0.3417629	0.801244	0.198756	1.362751
10980	-2632.76	-2735.568	102.8083	1.192396	1.17435	0.4042913	0.76243	0.23757	1.599184
10986	-2630.541	-2733.628	103.0863	1.111029	1.432828	0.317055	0.836801	0.163199	1.428983
10992	-2627.431	-2730.51	103.0788	1.095879	1.432828	0.317055	0.818145	0.181855	1.446369
10998	-2634.307	-2737.138	102.8314	1.330455	1.432828	0.3227816	0.784829	0.215171	1.446369
11004	-2631.004	-2734.262	103.2578	1.375379	1.356795	0.3336442	0.866559	0.133441	1.084204
11010	-2635.718	-2739.077	103.3586	1.779052	1.252079	0.3225372	0.756556	0.243444	0.4997651
11016	-2638.901	-2741.604	102.703	1.818791	2.087636	0.3423299	0.841028	0.158972	0.4926863
11022	-2630.828	-2733.814	102.9857	1.393726	1.53845	0.3733703	0.820691	0.179309	1.114795
11028	-2630.904	-2734.055	103.1517	1.288796	1.171908	0.4238827	0.79974	0.20026	1.231161
11034	-2635.977	-2738.526	102.5497	1.291595	2.292702	0.320964	0.846976	0.153024	1.276075
11040	-2643.871	-2747.848	103.9777	1.658499	0.8285958	0.2825265	0.816124	0.183876	0.5699523
11046	-2634.843	-2738.679	103.8354	1.572508	0.9573777	0.2825265	0.811925	0.188075	0.7536319
11052	-2634.309	-2737.722	103.4135	1.374225	1.082448	0.4330706	0.717724	0.282276	0.9716308
11058	-2624.922	-2728.577	103.6546	1.369911	1.082448	0.2942283	0.68682	0.31318	1.021949
11064	-2623.404	-2727.295	103.891	1.445287	0.9461964	0.3005448	0.779075	0.220925	0.809883
11070	-2628.74	-2731.981	103.2416	1.405571	1.387334	0.3005448	0.752359	0.247641	1.117623
11076	-2621.499	-2724.699	103.1997	1.398003	1.584224	0.3369306	0.757181	0.242819	0.9445194
11082	-2617.788	-2721.218	103.4302	1.389967	1.245471	0.3369306	0.791611	0.208389	0.9845651
11088	-2621.344	-2724.826	103.4822	1.483642	1.202303	0.3233856	0.805992	0.194008	0.9003605
11094	-2623.313	-2726.429	103.1159	1.794267	1.191093	0.4647385	0.766142	0.233858	0.5262569
11100	-2629.536	-2732.92	103.384	1.626462	1.305166	0.3408065	0.79681	0.20319	0.6617707
11106	-2627.86	-2731.378	103.5178	1.517199	1.199016	0.3408065	0.780096	0.219904	0.7701284
11112	-2630.774	-2733.939	103.165	1.887519	1.307528	0.3401947	0.796625	0.203375	0.4839603
11118	-2625.319	-2728.429	103.1105	1.837234	1.304045	0.3921884	0.784555	0.215445	0.4706079
11124	-2624.143	-2727.512	103.3685	1.659322	1.162798	0.3921884	0.784555	0.215445	0.6599133
11130	-2626.865	-2730.367	103.5015	1.678906	1.162798	0.3038169	0.735605	0.264395	0.7228338
11136	-2620.375	-2723.986	103.6117	1.678906	1.014309	0.344632	0.768168	0.231832	0.5944603
11142	-2616.704	-2720.217	103.5137	1.779098	1.18893	0.2723549	0.751801	0.248199	0.5976912
11148	-2623.441	-2727.125	103.6834	1.507227	1.15062	0.288842	0.733967	0.266033	0.7767074
11154	-2626.314	-2729.941	103.6268	1.829048	0.9841793	0.2912993	0.684322	0.315678	0.4829264
11160	-2622.677	-2726.192	103.5152	1.507798	1.131674	0.3507456	0.673173	0.326827	0.8375334
11166	-2628.06	-2731.165	103.1047	1.473496	1.131674	0.5113116	0.673173	0.326827	1.001132
11172	-2628.108	-2731.263	103.1552	1.300281	1.131674	0.5113116	0.606552	0.393448	1.11744
11178	-2624.397	-2727.422	103.0244	1.28095	1.131674	0.5113116	0.755708	0.244292	1.247643
11184	-2621.051	-2724.543	103.4921	1.298316	1.187878	0.3253207	0.757378	0.242622	1.085938
11190	-2622.604	-2726.144	103.5403	1.34018	1.386194	0.2673849	0.817011	0.182989	0.9711972
11196	-2619.503	-2723.744	104.2408	1.357591	0.692695	0.2673849	0.640519	0.359481	0.9422332
11202	-2625.059	-2729.053	103.9941	1.305729	0.7726877	0.3029992	0.640519	0.359481	1.05459
11208	-2619.561	-2723.072	103.511	1.302299	1.193416	0.3029992	0.827892	0.172108	1.106915
11214	-2624.536	-2727.878	103.3416	1.353977	1.193416	0.3660429	0.827892	0.172108	1.089176
11220	-2624.014	-2726.655	102.6407	1.310531	1.692056	0.3714641	0.81855	0.18145	1.386658
11226	-2629.174	-2731.687	102.5125	1.124446	1.692056	0.2463504	0.706957	0.293043	1.825122
11232	-2634.154	-2736.798	102.6438	1.053517	1.680807	0.2463504	0.739992	0.260008	1.788657
11238	-2642.262	-2745.524	103.2619	1.192301	1.32283	0.2463504	0.907496	0.0925044	1.429983
11244	-2628.92	-2732.378	103.4579	1.238434	1.32283	0.2455854	0.792791	0.207209	1.237746
11250	-2633.422	-2737.116	103.694	1.233688	1.02057	0.2338398	0.683812	0.316188	1.294987
11256	-2628.641	-2732.183	103.5423	1.435968	1.09947	0.2697468	0.75517	0.24483	1.1066
11262	-2652.827	-2756.474	103.6468	1.623627	0.8156644	0.4254378	0.705264	0.294736	0.7413031
11268	-2646.091	-2749.709	103.6172	1.670256	1.069143	0.3255974	0.739965	0.260035	0.5621524
11274	-2625.594	-2729.24	103.6464	1.245085	1.109904	0.3137148	0.728253	0.271747	1.081483
11280	-2629.343	-2732.774	103.4305	1.237011	0.9469494	0.2928308	0.760268	0.239732	1.441034
11286	-2624.12	-2727.484	103.3645	1.237011	1.301664	0.2928308	0.727336	0.272664	1.232703
11292	-2632.442	-2735.568	103.1262	1.28407	1.352163	0.2928308	0.81657	0.18343	1.355435
11298	-2628.106	-2731.375	103.2685	1.330999	1.352163	0.2748066	0.716822	0.283178	1.236767
11304	-2621.643	-2724.91	103.2665	1.168446	1.136191	0.3783644	0.777976	0.222024	1.333802
11310	-2626.307	-2729.525	103.218	1.235261	1.056105	0.3783644	0.74834	0.25166	1.378556
11316	-2627.785	-2731.026	103.2409	1.229619	1.200344	0.3161467	0.710344	0.289656	1.365053
11322	-2629.352	-2732.729	103.3771	1.215098	0.9640315	0.4038772	0.770033	0.229967	1.300807
11328	-2621.862	-2725.692	103.8303	1.25879	0.9640315	0.2829292	0.773187	0.226813	1.096692
11334	-2627.059	-2730.489	103.4301	1.2434	0.9853094	0.4038129	0.739296	0.260704	1.215434
11340	-2630.624	-2734.901	104.2767	1.452674	0.6789569	0.2251142	0.733208	0.266792	0.9408686
11346	-2632.688	-2736.299	103.6112	1.376995	0.9758519	0.3749825	0.850716	0.149284	0.9871581
11352	-2639.487	-2742.959	103.4721	1.535869	1.482945	0.2772303	0.843886	0.156114	0.681112
11358	-2639.056	-2742.499	103.4427	1.549339	1.482945	0.2772303	0.747002	0.252998	0.7094146
11364	-2623.189	-2726.911	103.7221	1.552756	0.990232	0.3438893	0.790743	0.209257	0.6887446
11370	-2630.783	-2734.125	103.3417	1.47146	0.990232	0.479231	0.813606	0.186394	0.953904
11376	-2623.983	-2727.451	103.468	1.321415	0.990232	0.4514937	0.71882	0.28118	1.026661
11382	-2625.03	-2728.483	103.4535	1.335926	0.990232	0.4514937	0.792354	0.207646	1.026661
11388	-2634.178	-2737.759	103.5804	1.145824	1.034215	0.3879941	0.854695	0.145305	1.154306
11394	-2632.274	-2734.927	102.6531	1.3075	2.032521	0.3365851	0.802229	0.197771	1.267836
11400	-2628.548	-2732.75	104.2015	1.487	0.8029238	0.2087643	0.687147	0.312853	0.8652536
11406	-2622.357	-2726.4	104.0426	1.459092	0.8029238	0.2466849	0.720803	0.279197	0.955963
11412	-2632.325	-2736.706	104.381	1.5004	0.570623	0.2550032	0.74658	0.25342	0.8514943
11418	-2624.851	-2729.254	104.403	1.397984	0.7053679	0.2030013	0.738998	0.261002	0.8939468
11424	-2622.563	-2726.513	103.9503	1.432809	0.9508229	0.249879	0.738998	0.261002	0.8982568
11430	-2626.952	-2730.865	103.9125	1.378166	0.8824751	0.3099445	0.796583	0.203417	0.9193011
11436	-2629.783	-2732.824	103.0414	1.255949	1.598248	0.2955251	0.760475	0.239525	1.293751
11442	-2628.66	-2732.041	103.3815	1.247634	1.254849	0.2871583	0.842635	0.157365	1.253396
11448	-2627.029	-2730.408	103.379	1.243803	1.254849	0.2570789	0.749711	0.250289	1.319641
11454	-2625.374	-2728.664	103.2904	1.096378	1.254849	0.291318	0.738165	0.261835	1.43848
11460	-2629.634	-2733.487	103.8539	1.150137	0.6018463	0.3351559	0.712933	0.287067	1.432605
11466	-2630.927	-2734.647	103.7202	1.220543	1.014473	0.3222461	0.667992	0.332008	1.102493
11472	-2628.198	-2731.591	103.3934	1.273935	1.717805	0.2049261	0.748332	0.251668	1.110746
11478	-2635.956	-2739.698	103.7417	1.43865	1.407529	0.2008165	0.832491	0.167509	0.8179614
11484	-2624.888	-2728.682	103.795	1.356283	1.099047	0.2446046	0.762945	0.237055	1.003886
11490	-2628.434	-2732.04	103.6063	1.450597	1.194287	0.2446046	0.823294	0.176706	1.012253
11496	-2624.456	-2727.483	103.027	1.115909	1.29344	0.3804984	0.769262	0.230738	1.45234
11502	-2623.448	-2726.608	103.1603	1.067954	1.29344	0.2310486	0.743095	0.256905	1.645847
11508	-2634.595	-2737.286	102.6905	1.177638	1.694215	0.4455497	0.842016	0.157984	1.339825
11514	-2634.861	-2737.753	102.8919	1.27574	1.295915	0.4282086	0.838463	0.161537	1.360687
11520	-2633.448	-2737.105	103.657	1.263087	0.9373019	0.2267885	0.791548	0.208452	1.384096
11526	-2631.615	-2735.095	103.4807	1.225742	1.042791	0.3636634	0.729334	0.270666	1.206707
11532	-2624.754	-2728.19	103.4356	1.444658	1.254942	0.3918922	0.710023	0.289977	0.7733281
11538	-2635.307	-2738.472	103.1649	1.444244	1.586613	0.3918922	0.710023	0.289977	0.795979
11544	-2634.103	-2737.086	102.9833	1.573928	1.903886	0.318114	0.876038	0.123962	0.7942208
11550	-2630.788	-2734.259	103.4708	1.414571	1.066265	0.318114	0.841151	0.158849	1.115529
11556	-2632.543	-2735.781	103.2372	1.441587	1.216055	0.408964	0.749169	0.250831	1.00548
11562	-2634.66	-2738.223	103.5627	1.397333	1.378141	0.2819227	0.797951	0.202049	0.8500901
11568	-2630.218	-2734.038	103.8201	1.476037	0.9301404	0.319856	0.715603	0.284397	0.8264624
11574	-2635.022	-2737.99	102.968	1.259092	1.569384	0.3510404	0.784709	0.215291	1.266807
11580	-2634.161	-2737.562	103.4009	1.342965	1.25878	0.3563718	0.79291	0.20709	1.008518
11586	-2633.452	-2736.897	103.4446	1.319161	1.525981	0.2625355	0.81505	0.18495	0.9955172
11592	-2629.43	-2732.613	103.1823	1.258316	1.525981	0.3436571	0.807958	0.192042	1.123339
11598	-2637.777	-2741.261	103.484	1.386141	1.022367	0.3436571	0.72737	0.27263	1.117228
11604	-2628.364	-2732.296	103.9322	1.459073	1.022367	0.2616663	0.859374	0.140626	0.7578309
11610	-2626.718	-2730.319	103.6017	1.483613	1.314377	0.2777371	0.829097	0.170903	0.7656956
11616	-2629.594	-2732.396	102.8018	1.378482	2.102151	0.2777371	0.869681	0.130319	1.162206
11622	-2619.388	-2722.083	102.695	1.51755	2.102151	0.4159077	0.827271	0.172729	0.830848
11628	-2616.673	-2719.936	103.2637	1.564491	1.506618	0.3030661	0.799474	0.200526	0.830848
11634	-2618.422	-2721.671	103.2494	1.376045	1.506618	0.289216	0.825258	0.174742	1.079356
11640	-2624.083	-2727.17	103.0874	1.300318	1.506618	0.289216	0.82356	0.17644	1.285646
11646	-2629.305	-2732.324	103.0194	1.290657	1.625622	0.4014564	0.760793	0.239207	1.071114
11652	-2630.325	-2733.701	103.3768	1.267507	1.221436	0.3386998	0.836657	0.163343	1.164971
11658	-2634.851	-2737.954	103.1031	1.190927	1.221436	0.3386998	0.822107	0.177893	1.449277
11664	-2640.953	-2743.755	102.8018	1.998535	1.187825	0.518573	0.822813	0.177187	0.3984342
11670	-2635.055	-2737.957	102.902	1.915438	1.187825	0.518573	0.840653	0.159347	0.4437858
11676	-2627.254	-2730.219	102.9647	1.954023	1.187825	0.4583097	0.76967	0.23033	0.4437858
11682	-2636.333	-2739.055	102.7223	1.573945	1.677588	0.5055792	0.83251	0.16749	0.8557552
11688	-2632.197	-2735.236	103.0393	1.487288	1.677588	0.4031215	0.83251	0.16749	0.7935807
11694	-2623.995	-2726.981	102.9852	1.512075	1.677588	0.4031215	0.871438	0.128562	0.8316738
11700	-2621.223	-2724.844	103.6211	1.586856	1.235786	0.2878014	0.768717	0.231283	0.6167608
11706	-2614.961	-2718.503	103.5414	1.691598	1.191627	0.2975454	0.821138	0.178862	0.587113
11712	-2622.876	-2726.096	103.2202	1.786564	1.425009	0.3166308	0.701515	0.298485	0.4499731
11718	-2623.77	-2727.012	103.2411	1.959529	1.174579	0.3166308	0.826243	0.173757	0.412879
11724	-2618.733	-2721.461	102.7287	1.967068	1.806709	0.3166308	0.802942	0.197058	0.3568463
11730	-2620.78	-2724.176	103.3958	1.802844	1.148673	0.3354832	0.779256	0.220744	0.4816056
11736	-2625.304	-2728.457	103.1523	1.712522	1.557537	0.3354832	0.769858	0.230142	0.5656242
11742	-2629.208	-2732.155	102.9466	1.849128	1.557537	0.3708017	0.771456	0.228544	0.539456
11748	-2622.375	-2726.181	103.8065	1.854564	0.8287708	0.2717396	0.749283	0.250717	0.4313723
11754	-2619.107	-2723.021	103.9142	1.807118	0.7823649	0.2735348	0.706964	0.293036	0.4901223
11760	-2622.904	-2727.015	104.1118	1.682559	0.6797842	0.2964879	0.780192	0.219808	0.5256621
11766	-2628.008	-2732.611	104.6025	1.537384	0.5523935	0.2146436	0.722735	0.277265	0.6745966
11772	-2630.13	-2734.331	104.2008	1.534646	0.6907149	0.2945992	0.792509	0.207491	0.6756666
11778	-2630.529	-2734.718	104.1895	1.574042	0.6796979	0.2945992	0.716329	0.283671	0.6479559
11784	-2634.911	-2738.964	104.0532	1.582493	0.6750072	0.3380058	0.716329	0.283671	0.7159898
11790	-2638.431	-2741.889	103.4585	1.659602	0.8074183	0.5389459	0.764748	0.235252	0.6897761
11796	-2635.443	-2738.903	103.4598	1.683785	1.426626	0.2589657	0.858298	0.141702	0.5543086
11802	-2633.115	-2736.528	103.4131	1.567703	1.528525	0.254132	0.792229	0.207771	0.7654681
11808	-2636.032	-2739.332	103.3001	1.656533	1.518854	0.2978223	0.770891	0.229109	0.6297306
11814	-2622.464	-2725.581	103.1171	1.311886	1.462355	0.4153257	0.794256	0.205744	1.04453
11820	-2626.088	-2729.684	103.5964	1.541774	1.028101	0.3364619	0.764581	0.235419	0.8534914
11826	-2631.205	-2735.514	104.3081	1.456307	0.6018635	0.3364619	0.802748	0.197252	0.6738738
11832	-2631.403	-2734.957	103.5542	1.423381	1.23792	0.2942825	0.752068	0.247932	0.927138
11838	-2630.683	-2734.013	103.3306	1.654407	1.251476	0.3655018	0.767896	0.232104	0.6965659
11844	-2625.459	-2728.978	103.5196	1.583795	1.300452	0.2930786	0.767896	0.232104	0.6965659
11850	-2624.213	-2727.675	103.4627	1.569176	1.353929	0.2875757	0.779164	0.220836	0.7625406
11856	-2615.296	-2718.922	103.6263	1.343566	1.113952	0.3362567	0.6828	0.3172	0.9514423
11862	-2625.716	-2728.529	102.8135	1.379033	1.809819	0.3362567	0.770682	0.229318	1.186597
11868	-2624.996	-2728.068	103.0718	1.298808	1.481354	0.3583812	0.757101	0.242899	1.186597
11874	-2620.489	-2724.117	103.6277	1.424016	0.9308144	0.3684963	0.695099	0.304901	0.9834049
11880	-2626.33	-2729.533	103.2033	1.298073	1.429968	0.3816776	0.763766	0.236234	1.060866
11886	-2624.891	-2728.053	103.1613	1.22188	1.429968	0.3816776	0.702202	0.297798	1.168087
11892	-2627.65	-2730.595	102.9449	1.087981	1.070281	0.4188661	0.753354	0.246646	1.625104
11898	-2623.082	-2726.293	103.2107	1.115718	1.1241	0.2852167	0.652102	0.347898	1.580424
11904	-2622.027	-2725.479	103.4518	0.9689707	0.869396	0.2852167	0.757959	0.242041	1.696861
11910	-2624.243	-2727.429	103.1862	1.062107	0.9278108	0.3300492	0.720579	0.279421	1.701367
11916	-2623.082	-2726.467	103.3851	1.006105	0.9278108	0.4082537	0.726022	0.273978	1.480793
11922	-2624.342	-2727.602	103.2597	0.8806871	0.7789348	0.2685544	0.754417	0.245583	1.989234
11928	-2631.729	-2735.16	103.4315	0.9487185	0.6655749	0.3325273	0.708976	0.291024	1.823409
11934	-2637.162	-2740.528	103.3655	1.513752	1.107414	0.4796076	0.646047	0.353953	0.7306923
11940	-2628.132	-2731.772	103.6396	1.572866	1.107414	0.3178357	0.760249	0.239751	0.6999613
11946	-2633.526	-2737.284	103.7588	1.444857	1.107414	0.3178357	0.776945	0.223055	0.7149175
11952	-2639.638	-2743.086	103.4489	1.712048	1.398003	0.2554083	0.829506	0.170494	0.6048328
11958	-2632.941	-2737.095	104.154	1.700519	0.6427151	0.2892851	0.74594	0.25406	0.567619
11964	-2633.489	-2737.62	104.1315	1.654665	0.6949295	0.2892851	0.740178	0.259822	0.5595996
11970	-2634.109	-2737.923	103.8141	1.685131	0.8883054	0.3068588	0.778502	0.221498	0.611315
11976	-2637.709	-2741.599	103.8891	1.68705	0.8160886	0.2936316	0.730668	0.269332	0.6882011
11982	-2636.412	-2739.148	102.7364	1.125073	1.148038	0.318287	0.775945	0.224055	1.839535
11988	-2634.698	-2737.785	103.0862	1.104103	1.148038	0.1901037	0.785721	0.214279	1.843511
11994	-2632.426	-2736.22	103.7943	1.55878	0.969705	0.2651195	0.800442	0.199558	0.8653332
12000	-2623.455	-2726.815	103.3597	1.516386	1.303337	0.3386687	0.773795	0.226205	0.8672032
12006	-2628.441	-2731.831	103.3904	1.541258	1.186228	0.3946217	0.743126	0.256874	0.7767496
12012	-2627.986	-2731.541	103.5549	1.366584	1.132317	0.2983181	0.748196	0.251804	1.067287
12018	-2630.404	-2733.83	103.4261	1.518621	1.132317	0.3414107	0.674931	0.325069	0.9485011
12024	-2630.786	-2733.574	102.7877	1.158623	1.912732	0.3205945	0.797467	0.202533	1.364962
12030	-2626.421	-2729.491	103.0697	1.699274	1.715159	0.3148378	0.787592	0.212408	0.6574581
12036	-2627.329	-2730.216	102.8875	1.645382	1.94709	0.3698608	0.811318	0.188682	0.5867208
12042	-2624.501	-2727.687	103.1858	1.664323	1.724444	0.250674	0.816906	0.183094	0.7717742
12048	-2626.412	-2729.825	103.4129	1.520388	1.797569	0.2138255	0.832309	0.167691	0.7270573
12054	-2621.152	-2724.823	103.6709	1.414751	1.130744	0.2490385	0.841169	0.158831	1.028188
12060	-2618.133	-2721.655	103.5219	1.426492	1.130744	0.3471967	0.750472	0.249528	0.9329292
12066	-2620.984	-2724.496	103.5125	1.469074	1.130744	0.3471967	0.823007	0.176993	0.8963321
12072	-2619.264	-2723.25	103.9861	1.406075	0.7413434	0.3482606	0.617319	0.382681	0.8963321
12078	-2617.898	-2722.219	104.3209	1.435518	0.6937189	0.2441554	0.776917	0.223083	0.8277018
12084	-2617.878	-2722.112	104.2335	1.388363	0.6937189	0.2441554	0.67273	0.32727	0.9787372
12090	-2629.483	-2732.871	103.3875	1.340996	1.246162	0.2836788	0.772555	0.227445	1.182482
12096	-2630.58	-2733.618	103.0377	1.300527	1.246162	0.4773101	0.722985	0.277015	1.182482
12102	-2632.069	-2735.126	103.0569	1.470968	1.288726	0.4773101	0.718144	0.281856	0.9716612
12108	-2629.797	-2733.362	103.5648	1.487293	0.9160759	0.461019	0.836559	0.163441	0.8016681
12114	-2632.437	-2735.959	103.5219	1.473699	0.9160759	0.461019	0.708287	0.291713	0.8719038
12120	-2629.817	-2733.514	103.6973	1.449164	0.9160759	0.380176	0.78979	0.21021	0.8719038
12126	-2627.41	-2730.61	103.1999	1.421557	1.673935	0.3026648	0.861777	0.138223	0.9349899
12132	-2627.936	-2731.361	103.4254	1.320073	1.424075	0.2774851	0.753897	0.246103	1.05107
12138	-2626.448	-2729.734	103.286	1.100426	0.9475307	0.2774851	0.74986	0.25014	1.674932
12144	-2628.508	-2731.815	103.3073	1.998312	1.131498	0.2857534	0.851213	0.148787	0.4008439
12150	-2628.314	-2731.6	103.2863	1.79163	1.131498	0.3857035	0.707994	0.292006	0.3821018
12156	-2631.445	-2734.637	103.1919	1.942466	1.091009	0.3857035	0.787367	0.212633	0.4205691
12162	-2632.798	-2735.823	103.0248	1.942466	1.225767	0.3857035	0.728533	0.271467	0.3456562
12168	-2634.269	-2737.246	102.9772	2.109052	1.065253	0.3857035	0.767118	0.232882	0.3197173
12174	-2644.061	-2746.418	102.3574	2.120026	1.827448	0.3857035	0.692302	0.307698	0.3000874
12180	-2629.215	-2732.636	103.4213	1.394457	1.219112	0.409443	0.769668	0.230332	0.8529151
12186	-2625.689	-2729.19	103.5011	1.44625	1.219112	0.3317808	0.749079	0.250921	0.8839114
12192	-2628.674	-2732.347	103.6736	1.447818	1.219112	0.2810882	0.804284	0.195716	0.8140106
12198	-2629.112	-2732.473	103.3615	1.469259	1.219112	0.402147	0.751719	0.248281	0.8516303
12204	-2630.47	-2733.692	103.2219	1.643634	1.219112	0.402147	0.793632	0.206368	0.8078787
12210	-2630.009	-2733.303	103.2943	1.662562	1.219112	0.412275	0.800752	0.199248	0.6211392
12216	-2625.775	-2728.983	103.2076	1.780385	1.219112	0.4084226	0.717155	0.282845	0.5277293
12222	-2629.96	-2732.999	103.0393	1.876521	1.219112	0.4436524	0.841283	0.158717	0.5683165
12228	-2627.622	-2730.566	102.9445	1.863318	1.26102	0.4861274	0.748207	0.251793	0.5619242
12234	-2627.736	-2730.848	103.1124	1.715743	1.569473	0.3359235	0.71912	0.28088	0.6445367
12240	-2636.185	-2739.212	103.0269	2.002797	1.134189	0.4063264	0.823597	0.176403	0.3731545
12246	-2637.4	-2740.615	103.2142	1.810662	1.16965	0.4063264	0.756661	0.243339	0.4267416
12252	-2627.335	-2731.177	103.8415	1.823132	0.7718552	0.3011236	0.73622	0.26378	0.4599293
12258	-2634.763	-2738.773	104.0098	1.720447	0.7804746	0.2703415	0.693515	0.306485	0.5275468
12264	-2626.401	-2730.813	104.4119	1.754342	0.5834724	0.2044787	0.712433	0.287567	0.5562315
12270	-2622.094	-2725.481	103.3874	1.939368	1.071838	0.3086618	0.731652	0.268348	0.4603612
12276	-2619.588	-2722.81	103.2222	2.005616	1.112895	0.3164491	0.710474	0.289526	0.3629821
12282	-2620.879	-2724.107	103.2283	2.014823	1.112895	0.3164491	0.657268	0.342732	0.3857552
12288	-2622.573	-2725.574	103.0015	2.065142	1.348254	0.2754774	0.675797	0.324203	0.3066859
12294	-2621.249	-2724.513	103.2647	2.015131	1.136241	0.2754774	0.802762	0.197238	0.3363435
12300	-2629.658	-2732.809	103.1512	1.910147	1.397182	0.2754774	0.828393	0.171607	0.3364904
12306	-2629.92	-2733.497	103.5772	1.822775	1.060604	0.2754774	0.828393	0.171607	0.4076522
12312	-2619.503	-2723.023	103.5203	1.80263	1.075708	0.3077277	0.769845	0.230155	0.4485532
12318	-2623.134	-2726.684	103.5496	1.829077	1.075708	0.2841774	0.74688	0.25312	0.4504961
12324	-2626.821	-2730.451	103.6301	1.774159	0.9959769	0.2885625	0.733862	0.266138	0.6690702
12330	-2626.108	-2730.053	103.9449	1.525391	0.9343278	0.2754644	0.719766	0.280234	0.7208175
12336	-2628.646	-2732.228	103.5822	1.674431	1.258843	0.2629258	0.698416	0.301584	0.5967904
12342	-2619.766	-2723.333	103.5667	1.674431	1.263212	0.2627075	0.736769	0.263231	0.6304255
12348	-2621.291	-2724.631	103.34	1.756745	1.342762	0.3029312	0.805569	0.194431	0.5776255
12354	-2621.632	-2724.872	103.2404	1.625161	1.559072	0.333153	0.775752	0.224248	0.5784336
12360	-2639.268	-2742.322	103.0533	1.682148	1.927563	0.2845619	0.813949	0.186051	0.5784336
12366	-2633.91	-2736.855	102.9444	1.821131	1.847212	0.2961172	0.823328	0.176672	0.4629149
12372	-2624.54	-2728.04	103.4998	1.943066	1.008329	0.2805385	0.81454	0.18546	0.4176136
12378	-2631.575	-2735.479	103.9034	1.766817	0.8023917	0.2805385	0.672245	0.327755	0.43156
12384	-2626.431	-2730.158	103.7265	1.62332	0.8967391	0.3493142	0.769035	0.230965	0.7085726
12390	-2622.682	-2726.604	103.923	1.531386	1.067931	0.1997841	0.738456	0.261544	0.8421973
12396	-2633.371	-2737.284	103.9125	1.547392	1.200562	0.1629345	0.725627	0.274373	0.8302455
12402	-2633.236	-2736.856	103.6197	1.692828	1.092243	0.3038271	0.692498	0.307502	0.5718728
12408	-2628.593	-2731.87	103.2769	1.709864	1.539027	0.2893377	0.770447	0.229553	0.5465535
12414	-2622.13	-2725.517	103.3863	1.428979	1.207655	0.3942517	0.749363	0.250637	0.8990823
12420	-2627.124	-2730.092	102.9674	1.474052	1.701649	0.3942517	0.810523	0.189477	0.8990823
12426	-2633.477	-2736.714	103.2375	1.249038	1.329617	0.3425998	0.837876	0.162124	1.216164
12432	-2634.903	-2738.133	103.2296	1.253948	1.5148	0.3693818	0.755781	0.244219	1.041173
12438	-2631.201	-2734.467	103.2656	1.346196	1.5148	0.3097836	0.770736	0.229264	1.041173
12444	-2635.165	-2738.228	103.0638	1.618052	1.5148	0.4288546	0.738666	0.261334	0.645731
12450	-2629.192	-2732.397	103.2058	1.526533	1.501407	0.4117248	0.759415	0.240585	0.6249484
12456	-2625.58	-2729.533	103.9538	1.452287	0.8301674	0.3391825	0.764758	0.235242	0.7697589
12462	-2625.252	-2728.985	103.7328	1.66442	0.9595214	0.3212169	0.750545	0.249455	0.5935685
12468	-2622.661	-2726.39	103.729	1.536597	0.884507	0.3212169	0.730328	0.269672	0.9164081
12474	-2625.751	-2729.087	103.3358	1.319636	1.267468	0.3212169	0.739318	0.260682	1.154545
12480	-2622.021	-2725.564	103.543	1.480872	1.128283	0.3046832	0.809503	0.190497	0.9549161
12486	-2619.008	-2722.791	103.7836	1.338816	0.9894872	0.3046832	0.723489	0.276511	0.9904988
12492	-2633.138	-2736.041	102.9034	1.514093	1.780103	0.4221231	0.672998	0.327002	0.8013753
12498	-2627.913	-2731.466	103.5532	1.56471	1.109378	0.3527379	0.757154	0.242846	0.7283777
12504	-2636.871	-2740.256	103.3845	1.507045	1.3808	0.3489689	0.751511	0.248489	0.7343766
12510	-2631.058	-2734.867	103.8091	1.277693	0.9776864	0.2820244	0.739236	0.260764	1.087991
12516	-2620.165	-2723.724	103.5599	1.333796	0.9154095	0.391416	0.826245	0.173755	1.106848
12522	-2623.808	-2727.286	103.4773	1.32641	1.229902	0.2950327	0.657415	0.342585	1.103812
12528	-2620.369	-2723.492	103.1235	1.306072	1.639449	0.3585836	0.858099	0.141901	1.029683
12534	-2615.653	-2719.093	103.44	1.389987	1.306214	0.3315498	0.757005	0.242995	0.9337905
12540	-2619.39	-2722.76	103.3699	1.449367	1.544319	0.27883	0.75971	0.24029	0.878216
12546	-2616.778	-2720.517	103.7394	1.489609	1.20717	0.2536636	0.761328	0.238672	0.7754753
12552	-2620.752	-2724.113	103.3605	1.503788	1.364826	0.3739651	0.74594	0.25406	0.7153485
12558	-2616.708	-2719.909	103.2016	1.577563	1.364826	0.385725	0.822268	0.177732	0.8055437
12564	-2623.277	-2726.337	103.0602	1.66597	1.505956	0.3916149	0.804058	0.195942	0.708376
12570	-2628.881	-2732.199	103.3182	1.228264	1.49755	0.295899	0.78983	0.21017	1.142839
12576	-2629.323	-2732.878	103.5551	1.278049	1.183466	0.3285246	0.698687	0.301313	1.04272
12582	-2617.48	-2721	103.5201	1.330102	1.354531	0.2608468	0.784195	0.215805	1.0425
12588	-2626.92	-2730.054	103.1342	1.341981	1.65294	0.2881244	0.796423	0.203577	1.123856
12594	-2623.003	-2726.396	103.3936	1.515765	1.1675	0.3644211	0.791894	0.208106	0.8999249
12600	-2637.677	-2741.551	103.8747	1.468225	0.871921	0.2987723	0.79392	0.20608	0.9027732
12606	-2638.497	-2741.87	103.3728	1.30816	1.316943	0.3490426	0.791298	0.208702	1.038074
12612	-2627.004	-2730.337	103.3329	1.305837	1.295522	0.3108898	0.725642	0.274358	1.169197
12618	-2637.721	-2741.474	103.7525	1.135459	1.051755	0.2768603	0.790052	0.209948	1.210317
12624	-2628.176	-2731.349	103.1729	1.116532	1.0698	0.4536976	0.704313	0.295687	1.385717
12630	-2628.059	-2731.098	103.0398	1.127889	1.209826	0.4043308	0.787989	0.212011	1.451753
12636	-2628.455	-2731.236	102.7807	1.17085	1.526183	0.3719053	0.796717	0.203283	1.474447
12642	-2633.572	-2736.71	103.1378	1.291661	1.511844	0.3719053	0.867704	0.132296	1.08937
12648	-2624.765	-2728.886	104.1206	1.274733	0.8039497	0.2350974	0.74367	0.25633	1.08937
12654	-2632.419	-2736.208	103.7887	1.385633	1.010854	0.2715722	0.659683	0.340317	0.9964246
12660	-2632.417	-2736.432	104.0156	1.395825	0.7556456	0.3136821	0.699379	0.300621	0.9387773
12666	-2629.169	-2732.743	103.5738	1.425794	1.17495	0.3136821	0.798655	0.201345	0.9137377
12672	-2632.252	-2735.754	103.5019	1.556994	1.209548	0.2887224	0.731599	0.268401	0.8780183
12678	-2631.747	-2734.782	103.0344	1.521367	1.540354	0.457763	0.755029	0.244971	0.7450645
12684	-2636.202	-2739.734	103.532	1.452349	1.220927	0.275666	0.762849	0.237151	0.9823681
12690	-2631.147	-2734.561	103.4138	1.397925	1.404737	0.3039373	0.741042	0.258958	0.935937
12696	-2630.163	-2733.65	103.4864	1.493894	1.404737	0.2506624	0.808283	0.191717	0.8941528
12702	-2622.462	-2726.023	103.5604	1.557092	1.404737	0.2506624	0.794232	0.205768	0.7108154
12708	-2628.451	-2731.795	103.3437	1.486664	1.404737	0.3639717	0.754412	0.245588	0.7517221
12714	-2623.428	-2726.984	103.5554	1.519456	1.139319	0.2966602	0.741496	0.258504	0.9091824
12720	-2625.513	-2729.088	103.575	1.515487	1.139319	0.3338391	0.8073	0.1927	0.7877657
12726	-2637.213	-2740.1	102.8872	1.796428	1.136848	0.6412269	0.684491	0.315509	0.5398168
12732	-2630.48	-2733.873	103.3934	1.710529	1.01151	0.4457925	0.822204	0.177796	0.566918
12738	-2624.732	-2728.415	103.6837	1.756826	1.082602	0.2582735	0.668383	0.331617	0.525675
12744	-2621.228	-2724.669	103.4415	1.779911	1.000913	0.3924311	0.738269	0.261731	0.5225606
12750	-2623.528	-2726.488	102.9597	1.739706	1.567766	0.4180828	0.811291	0.188709	0.4978838
12756	-2623.624	-2726.623	102.9994	1.65218	1.567766	0.4180828	0.811291	0.188709	0.670837
12762	-2629.477	-2733.009	103.5325	1.641158	1.277974	0.2792139	0.775522	0.224478	0.6616501
12768	-2623.028	-2726.011	102.9837	1.572185	1.537449	0.4966908	0.757425	0.242575	0.624689
12774	-2622.9	-2726.328	103.4282	1.627674	1.537449	0.2361733	0.803674	0.196326	0.7128176
12780	-2625.395	-2728.691	103.2957	1.605276	1.775541	0.2361733	0.876054	0.123946	0.7006533
12786	-2627.098	-2730.311	103.2125	1.561603	1.557588	0.3517479	0.726488	0.273512	0.7006533
12792	-2629.232	-2732.362	103.1296	1.398872	1.691198	0.3417125	0.67071	0.32929	0.9290353
12798	-2632.299	-2735.717	103.4179	1.329321	1.099965	0.3417125	0.718188	0.281812	1.16432
12804	-2630.17	-2733.33	103.1603	1.341488	1.526451	0.3417125	0.802797	0.197203	1.070613
12810	-2636.03	-2739.817	103.7867	1.287371	0.832743	0.3665111	0.7817	0.2183	1.070613
12816	-2626.839	-2730.571	103.7311	1.221092	0.8236252	0.3665111	0.7817	0.2183	1.189399
12822	-2625.183	-2728.657	103.4742	1.309473	1.037989	0.3109682	0.71398	0.28602	1.241629
12828	-2619.934	-2723.394	103.4602	1.207679	1.037989	0.3273127	0.688143	0.311857	1.306851
12834	-2631.031	-2734.681	103.65	1.22892	1.076581	0.2442912	0.722065	0.277935	1.267624
12840	-2633.062	-2736.125	103.0627	1.262466	1.294587	0.3713687	0.77164	0.22836	1.323438
12846	-2629.36	-2733.088	103.728	1.187142	0.9429351	0.3657173	0.751429	0.248571	1.107634
12852	-2628.721	-2732.02	103.299	1.097107	0.9429351	0.406292	0.730914	0.269086	1.467858
12858	-2625.218	-2728.923	103.7051	1.14434	0.8454186	0.2679219	0.808838	0.191162	1.43257
12864	-2625.575	-2729.55	103.9748	1.122797	0.7626676	0.2652026	0.6768	0.3232	1.319465
12870	-2622.037	-2725.144	103.1066	1.128565	1.276876	0.2652026	0.777983	0.222017	1.58578
12876	-2621.681	-2724.593	102.9115	1.032603	1.276876	0.4045315	0.69458	0.30542	1.575996
12882	-2621.801	-2724.853	103.0519	1.228479	1.121211	0.3878341	0.807683	0.192317	1.450474
12888	-2627.182	-2730.342	103.1605	1.313263	1.743541	0.2951165	0.774341	0.225659	1.054942
12894	-2633.339	-2736.88	103.5408	1.409117	1.289423	0.2951165	0.863137	0.136863	0.9079674
12900	-2630.424	-2733.678	103.2544	1.449358	1.2355	0.4278968	0.771462	0.228538	0.9254528
12906	-2634.912	-2738.363	103.4501	1.596863	1.20392	0.3674482	0.713362	0.286638	0.6471628
12912	-2627.434	-2731.143	103.7094	1.310887	0.8107629	0.3798631	0.738529	0.261471	1.118754
12918	-2623.95	-2727.604	103.6538	1.527579	1.111071	0.2649768	0.769699	0.230301	0.9052318
12924	-2625.586	-2729.577	103.9907	1.422961	0.7866195	0.270353	0.826151	0.173849	1.003741
12930	-2627.917	-2731.946	104.029	1.344344	0.7374393	0.3352596	0.683597	0.316403	0.9524844
12936	-2626.446	-2730.158	103.7128	1.478681	1.033355	0.3352596	0.734706	0.265294	0.7814989
12942	-2625.207	-2729.07	103.8631	1.369534	0.8854804	0.328394	0.787565	0.212435	0.9338415
12948	-2629.942	-2733.279	103.3367	1.416163	1.285299	0.328394	0.703297	0.296703	1.036647
12954	-2625.142	-2728.938	103.7964	1.464084	1.091431	0.261628	0.695782	0.304218	0.8440561
12960	-2630.428	-2734.318	103.8901	1.451374	1.011858	0.2457366	0.669491	0.330509	0.8875912
12966	-2625.655	-2729.238	103.5824	1.330372	1.398352	0.2680297	0.752319	0.247681	0.925372
12972	-2622.932	-2725.852	102.9205	1.52463	1.563502	0.4531583	0.747695	0.252305	0.8785662
12978	-2623.014	-2726.031	103.0172	1.563302	1.563502	0.4531583	0.761045	0.238955	0.6903645
12984	-2631.938	-2734.721	102.7829	1.46175	1.894517	0.4531583	0.876156	0.123844	0.8577958
12990	-2633.142	-2737.068	103.9264	1.729732	0.740422	0.3223823	0.707032	0.292968	0.5346055
12996	-2639.289	-2743.226	103.937	1.749108	0.7953599	0.2806885	0.669742	0.330258	0.5346055
13002	-2632.149	-2735.144	102.9951	1.428802	1.603633	0.247627	0.658772	0.341228	1.284519
13008	-2627.589	-2731.157	103.5675	1.441367	1.216729	0.2463226	0.796392	0.203608	1.035751
13014	-2627.273	-2730.982	103.7088	1.367558	1.026702	0.3083786	0.785489	0.214511	0.9910602
13020	-2628.713	-2732.511	103.7973	1.367558	1.026702	0.2829914	0.790699	0.209301	0.9615742
13026	-2636.132	-2739.741	103.6092	1.311972	1.028089	0.3870202	0.729173	0.270827	0.9778709
13032	-2636.714	-2740.218	103.5037	1.335902	1.014166	0.3431907	0.824403	0.175597	1.152639
13038	-2635.643	-2738.715	103.0712	1.304026	1.215383	0.3852946	0.818807	0.181193	1.314423
13044	-2629.924	-2733.56	103.6359	1.526337	1.314731	0.2754651	0.799392	0.200608	0.640911
13050	-2632.056	-2735.633	103.5773	1.477665	0.9917371	0.443019	0.758075	0.241925	0.7305829
13056	-2627.768	-2731.006	103.2379	1.591682	1.303506	0.3973115	0.818	0.182	0.7731828
13062	-2630.299	-2733.534	103.2352	1.633902	1.130191	0.4572382	0.74266	0.25734	0.7724621
13068	-2634.636	-2737.52	102.8842	1.429413	1.597303	0.4572382	0.767708	0.232292	0.9870169
13074	-2630.491	-2733.483	102.9915	1.44413	1.597303	0.45829	0.782515	0.217485	0.8509293
13080	-2632.974	-2736.299	103.3247	1.226097	1.044868	0.3260702	0.831839	0.168161	1.396633
13086	-2622.806	-2725.583	102.7773	1.227128	1.594708	0.3827316	0.809595	0.190405	1.379484
13092	-2626.638	-2729.86	103.2215	1.286004	1.655055	0.249547	0.815775	0.184225	1.180111
13098	-2625.278	-2728.037	102.7589	1.239197	1.655055	0.3262405	0.80715	0.19285	1.443636
13104	-2629.791	-2732.441	102.6501	1.064198	1.655055	0.3043597	0.795418	0.204582	1.688581
13110	-2625.158	-2728.017	102.8587	1.148534	1.657065	0.370695	0.754917	0.245083	1.362385
13116	-2621.861	-2725.264	103.4032	1.078215	1.286004	0.2582548	0.8097	0.1903	1.408397
13122	-2623.005	-2726.551	103.5459	1.264753	1.11081	0.2948245	0.745637	0.254363	1.191885
13128	-2630.726	-2734.135	103.4084	1.150697	1.11081	0.2948245	0.745637	0.254363	1.397058
13134	-2629.811	-2733.456	103.6449	1.234758	1.11081	0.2948245	0.800427	0.199573	1.131313
13140	-2621.266	-2724.966	103.6998	1.258287	1.11081	0.2948245	0.792791	0.207209	1.059121
13146	-2619.644	-2723.07	103.4261	1.514946	1.11081	0.4205165	0.797635	0.202365	0.7895313
13152	-2635.985	-2738.801	102.8163	1.388446	1.974973	0.3233292	0.770083	0.229917	1.11121
13158	-2629.161	-2732.2	103.0385	1.414821	1.974973	0.2755991	0.770083	0.229917	0.9796685
13164	-2645.399	-2749.006	103.6077	1.530583	1.313296	0.2487377	0.787131	0.212869	0.7954347
13170	-2631.362	-2734.834	103.4716	1.599134	1.028563	0.3864934	0.757943	0.242057	0.8079229
13176	-2631.648	-2735.731	104.0826	1.487626	0.7530141	0.317443	0.773597	0.226403	0.7332257
13182	-2631.279	-2734.607	103.3281	1.443681	1.196662	0.4362907	0.748038	0.251962	0.869183
13188	-2630.476	-2733.563	103.0865	1.564464	1.659256	0.3603004	0.802237	0.197763	0.7558626
13194	-2625.779	-2729.124	103.3446	1.608463	1.477821	0.2868958	0.660236	0.339764	0.7406235
13200	-2625.687	-2729.474	103.7866	1.502757	1.016255	0.2868958	0.815423	0.184577	0.8202609
13206	-2620.435	-2723.644	103.2093	1.521818	1.436997	0.383596	0.769215	0.230785	0.8008619
13212	-2626.78	-2730.223	103.4422	1.471986	1.23765	0.383596	0.784121	0.215879	0.7690957
13218	-2625.257	-2728.476	103.2187	1.545893	1.343654	0.383596	0.82531	0.17469	0.850563
13224	-2631.32	-2733.941	102.6208	1.476831	2.197673	0.383596	0.794939	0.205061	0.9708481
13230	-2633.406	-2736.24	102.8336	1.480468	1.561367	0.4905957	0.791608	0.208392	0.9536039
13236	-2628.01	-2730.971	102.961	1.397115	1.561367	0.4905957	0.77392	0.22608	0.9059976
13242	-2641.509	-2744.465	102.9554	1.969614	1.354185	0.3436174	0.805012	0.194988	0.3227798
13248	-2635.302	-2738.102	102.7996	2.158706	1.299259	0.3343467	0.799608	0.200392	0.2975273
13254	-2621.493	-2724.744	103.2511	1.376913	1.372956	0.3517306	0.849111	0.150889	1.040508
13260	-2628.4	-2731.515	103.1147	1.221126	1.41571	0.3517306	0.725372	0.274628	1.269462
13266	-2633.075	-2736.342	103.2676	1.271985	1.255031	0.2904078	0.725372	0.274628	1.320207
13272	-2634.688	-2737.697	103.0088	1.110709	1.255031	0.3606228	0.701038	0.298962	1.524378
13278	-2636.769	-2740.166	103.3975	1.112855	1.217942	0.2831974	0.718683	0.281317	1.382187
13284	-2634.155	-2737.412	103.2575	1.256444	1.217942	0.2904795	0.778158	0.221842	1.365649
13290	-2626.349	-2729.318	102.9691	2.261085	0.8958741	0.3485399	0.768611	0.231389	0.2512334
13296	-2637.791	-2740.715	102.9246	2.238681	0.8958741	0.3485399	0.727481	0.272519	0.2213285
13302	-2632.632	-2736.657	104.0252	1.432928	0.7267699	0.2883812	0.698296	0.301704	0.9888826
13308	-2641.906	-2745.671	103.765	1.300781	0.9472668	0.2883812	0.754048	0.245952	1.121826
13314	-2644.954	-2747.629	102.6749	2.327971	1.116731	0.3138647	0.816378	0.183622	0.2151859
13320	-2639.17	-2742.782	103.6117	1.036843	0.6938396	0.2519436	0.713819	0.286181	1.743931
13326	-2636.499	-2740.19	103.6908	0.9827686	0.7191042	0.2519436	0.721832	0.278168	1.703289
13332	-2639.336	-2742.043	102.7075	1.229139	1.355111	0.4292221	0.730548	0.269452	1.500139
13338	-2633.837	-2736.99	103.1529	1.296378	1.355111	0.4292221	0.74146	0.25854	1.079097
13344	-2632.129	-2735.266	103.1364	1.447972	1.450284	0.3400358	0.763877	0.236123	1.049094
13350	-2636.541	-2739.944	103.4036	1.324383	1.450284	0.2655177	0.789266	0.210734	1.076857
13356	-2622.507	-2726.286	103.779	1.327136	0.9034687	0.3274296	0.70974	0.29026	1.04424
13362	-2628.988	-2732.765	103.7776	1.273919	0.9034687	0.2502856	0.697062	0.302938	1.256373
13368	-2632.407	-2736.158	103.7512	1.213024	0.9126487	0.2410797	0.877513	0.122487	1.33913
13374	-2632.141	-2735.673	103.5325	1.242745	0.9126487	0.3345486	0.766873	0.233127	1.31052
13380	-2630.084	-2733.075	102.9912	1.310021	1.484793	0.385629	0.749893	0.250107	1.19668
13386	-2626.328	-2729.297	102.9685	1.203966	1.43802	0.4747576	0.823786	0.176214	1.19668
13392	-2624.789	-2728.266	103.4772	1.340417	0.8685001	0.4489115	0.69705	0.30295	1.124884
13398	-2622.682	-2726.576	103.8942	1.239051	0.772081	0.3781395	0.681031	0.318969	1.060025
13404	-2623.415	-2726.906	103.4905	1.367261	0.9751532	0.3781395	0.691612	0.308388	1.106682
13410	-2634.214	-2737.307	103.0927	1.170878	1.102685	0.2530749	0.769377	0.230623	1.697584
13416	-2631.208	-2734.556	103.3478	1.129195	1.283175	0.2530749	0.79711	0.20289	1.423924
13422	-2628.38	-2732.066	103.686	1.471101	1.101857	0.251285	0.724342	0.275658	0.9776536
13428	-2621.193	-2724.791	103.5981	1.336855	1.101857	0.251285	0.754553	0.245447	1.184841
13434	-2621.514	-2725.201	103.6872	1.260667	0.7971706	0.3867088	0.72708	0.27292	1.184841
13440	-2616.785	-2719.892	103.107	1.222593	1.261102	0.3500612	0.760109	0.239891	1.376969
13446	-2622.359	-2725.633	103.2743	1.233201	1.261102	0.2735264	0.833748	0.166252	1.374187
13452	-2622.903	-2726.112	103.209	1.325443	1.313306	0.2762881	0.792902	0.207098	1.312961
13458	-2624.312	-2728.034	103.7215	1.224844	1.065864	0.2762881	0.757157	0.242843	1.149153
13464	-2624.561	-2728.221	103.6598	1.350858	1.065864	0.2144493	0.739992	0.260008	1.23492
13470	-2626.369	-2730.525	104.1564	1.302054	0.8509904	0.2222347	0.779938	0.220062	1.01131
13476	-2622.321	-2725.512	103.1905	1.213609	1.127036	0.3532483	0.786511	0.213489	1.405143
13482	-2632.157	-2735.599	103.4415	1.208538	0.9682522	0.3488655	0.684251	0.315749	1.339701
13488	-2627.707	-2731.31	103.6026	1.277173	0.9682522	0.2959764	0.722973	0.277027	1.248487
13494	-2629.758	-2732.69	102.9324	1.218558	1.297731	0.2959764	0.83252	0.16748	1.579997
13500	-2623.61	-2726.829	103.2186	1.178792	1.297731	0.3019486	0.771139	0.228861	1.383369
13506	-2623.33	-2726.211	102.8815	1.160697	1.455591	0.3313946	0.771139	0.228861	1.509449
13512	-2640.366	-2743.304	102.9387	1.2758	1.507434	0.2965335	0.79618	0.20382	1.409168
13518	-2639.088	-2742.2	103.1128	1.298732	1.342374	0.3213548	0.73711	0.26289	1.308182
13524	-2630.929	-2733.679	102.7499	1.22991	1.455591	0.4399221	0.802088	0.197912	1.392926
13530	-2627.007	-2729.819	102.8124	1.078147	1.455591	0.3998337	0.827667	0.172333	1.517957
13536	-2630.206	-2733.372	103.1666	1.102427	1.292875	0.2788108	0.724052	0.275948	1.526168
13542	-2631.199	-2734.132	102.9333	1.104463	1.248239	0.319668	0.803903	0.196097	1.652469
13548	-2626.059	-2729.692	103.6332	1.14973	0.7623198	0.307177	0.740865	0.259135	1.485989
13554	-2633.066	-2736.162	103.0964	1.0389	1.022083	0.307177	0.725438	0.274562	1.749317
13560	-2631.588	-2734.884	103.2959	0.9816251	1.022083	0.3227833	0.793647	0.206353	1.623208
13566	-2639.799	-2742.912	103.1134	1.028316	1.076607	0.3227833	0.785536	0.214464	1.682821
13572	-2636.971	-2740.264	103.2932	1.25108	1.441063	0.2655112	0.765612	0.234388	1.244607
13578	-2642.706	-2745.423	102.7167	1.236825	1.283304	0.5217285	0.811213	0.188787	1.410752
13584	-2639.433	-2742.44	103.0073	1.159887	1.283304	0.5007216	0.746266	0.253734	1.267454
13590	-2634.258	-2737.312	103.0543	1.235239	1.283304	0.5177943	0.719238	0.280762	1.138869
13596	-2633.933	-2737.303	103.3704	1.244473	1.283304	0.2789823	0.727522	0.272478	1.261944
13602	-2635.282	-2738.662	103.38	1.584565	1.156188	0.4428325	0.789397	0.210603	0.5967204
13608	-2632.328	-2735.454	103.1254	1.597316	1.364951	0.4428325	0.789397	0.210603	0.7323268
13614	-2630.541	-2733.396	102.8553	1.5381	1.731847	0.4428325	0.777043	0.222957	0.8242858
13620	-2628.691	-2731.718	103.0264	1.455129	1.713356	0.4076709	0.759824	0.240176	0.8102581
13626	-2634.955	-2738.333	103.3784	1.645025	1.38743	0.2871865	0.832641	0.167359	0.7371412
13632	-2640.633	-2744.387	103.7536	1.71459	1.227193	0.1914551	0.696482	0.303518	0.6342255
13638	-2642.687	-2746.447	103.7606	1.577642	1.058397	0.195179	0.786029	0.213971	0.9951965
13644	-2643.174	-2746.826	103.6517	1.575226	0.9538569	0.3738656	0.759714	0.240286	0.7279042
13650	-2634.642	-2738.12	103.478	1.528727	1.298156	0.3281119	0.75897	0.24103	0.7279042
13656	-2638.15	-2741.717	103.5671	1.716937	1.210929	0.2238753	0.749335	0.250665	0.8052817
13662	-2633.83	-2737.538	103.7089	1.42961	0.9162669	0.3756294	0.830001	0.169999	0.891429
13668	-2621.948	-2725.364	103.4153	1.550332	1.192075	0.3756294	0.741696	0.258304	0.7745403
13674	-2624.839	-2728.157	103.3187	1.732111	1.237164	0.3693395	0.741696	0.258304	0.4983774
13680	-2624.752	-2728.44	103.6881	1.732111	0.8811902	0.347511	0.759326	0.240674	0.6034439
13686	-2628.254	-2731.999	103.7458	1.762162	0.8811902	0.3147302	0.772408	0.227592	0.463467
13692	-2626.282	-2730.035	103.7533	1.762162	0.8719386	0.3147302	0.730911	0.269089	0.5541501
13698	-2628.394	-2731.721	103.3274	1.760707	1.348837	0.3089049	0.730911	0.269089	0.5227816
13704	-2631.579	-2735.324	103.7453	1.881515	0.7903789	0.3089049	0.788107	0.211893	0.5227816
13710	-2639.065	-2741.057	101.9913	1.103499	1.58554	0.5866215	0.855931	0.144069	1.795702
13716	-2635.282	-2737.713	102.4311	1.11791	1.917221	0.3526086	0.819755	0.180245	1.610281
13722	-2628.447	-2731.637	103.1905	1.368878	1.326786	0.2640264	0.785112	0.214888	1.30867
13728	-2628.057	-2731.193	103.1363	1.401242	1.71427	0.2640264	0.771069	0.228931	1.084246
13734	-2625.469	-2728.645	103.1761	1.264771	1.217204	0.3711752	0.692179	0.307821	1.282782
13740	-2620.697	-2723.864	103.1675	1.339057	1.366897	0.3645309	0.748855	0.251145	1.132848
13746	-2625.693	-2729.016	103.323	1.453603	1.41962	0.2906761	0.802106	0.197894	0.9927831
13752	-2621.641	-2724.972	103.331	1.284595	1.41962	0.2906761	0.777092	0.222908	1.144294
13758	-2632.351	-2735.855	103.5038	1.276121	1.41962	0.2619928	0.711659	0.288341	1.058314
13764	-2628.4	-2731.687	103.2868	1.437952	1.41962	0.3214999	0.731247	0.268753	0.9734183
13770	-2632.205	-2735.053	102.8479	1.207349	1.41962	0.3214999	0.755537	0.244463	1.536317
13776	-2624.198	-2727.349	103.1509	1.270606	1.538801	0.3214999	0.8076	0.1924	1.174796
13782	-2620.431	-2723.609	103.1777	1.343345	1.538801	0.3214999	0.8076	0.1924	1.085545
13788	-2618.159	-2721.545	103.3864	1.198489	1.212507	0.3487367	0.8076	0.1924	1.204532
13794	-2624.4	-2727.991	103.5913	1.426517	1.001925	0.3819948	0.713257	0.286743	0.9133116
13800	-2626.116	-2728.887	102.7707	1.357524	1.719614	0.3533003	0.809535	0.190465	1.259649
13806	-2621.959	-2725.059	103.0998	1.157964	1.371607	0.4108683	0.853886	0.146114	1.264913
13812	-2645.468	-2748.296	102.8283	1.42706	1.031916	0.5599202	0.710821	0.289179	1.303122
13818	-2627.763	-2731.476	103.7135	1.207513	0.7715202	0.3936914	0.780914	0.219086	1.222427
13824	-2634.69	-2738.517	103.8273	1.297004	0.7794508	0.3391854	0.799614	0.200386	1.134335
13830	-2626.832	-2730.036	103.2034	1.230622	1.367158	0.3391854	0.747346	0.252654	1.241347
13836	-2627.326	-2730.869	103.5431	1.153361	1.146443	0.3391854	0.79342	0.20658	1.176129
13842	-2626.617	-2729.491	102.8749	1.090523	1.146443	0.3209719	0.761594	0.238406	1.764375
13848	-2630.421	-2733.324	102.9027	1.208519	1.577513	0.319315	0.761594	0.238406	1.409757
13854	-2628.24	-2731.865	103.6254	1.097486	1.001721	0.319315	0.807647	0.192353	1.305568
13860	-2626.855	-2730.229	103.3732	1.034151	1.086714	0.319315	0.790514	0.209486	1.487378
13866	-2628.822	-2732.036	103.2132	1.029556	1.430557	0.260392	0.854721	0.145279	1.49877
13872	-2628.813	-2731.841	103.028	1.182429	1.602185	0.260392	0.820515	0.179485	1.428321
13878	-2631.074	-2733.868	102.7934	1.293665	1.338137	0.3870705	0.758696	0.241304	1.457309
13884	-2628.118	-2730.861	102.7431	1.267571	1.405808	0.4271609	0.803259	0.196741	1.416505
13890	-2629.526	-2731.982	102.4568	1.212595	1.615242	0.4271609	0.796054	0.203946	1.558304
13896	-2622.337	-2725.182	102.8454	1.125668	1.615242	0.2960004	0.739125	0.260875	1.536359
13902	-2624.547	-2727.652	103.1045	1.151683	1.524159	0.2960004	0.820498	0.179502	1.368046
13908	-2633.03	-2735.205	102.1757	1.144147	1.478507	0.5641485	0.772708	0.227292	1.715962
13914	-2629.411	-2732	102.5884	1.219109	1.519706	0.5321838	0.795376	0.204624	1.368692
13920	-2638.272	-2741.03	102.7571	1.328783	1.543262	0.4617746	0.772635	0.227365	1.223425
13926	-2633.535	-2736.942	103.4069	1.188196	1.398704	0.3022718	0.731487	0.268513	1.152619
13932	-2633.256	-2737.066	103.8094	1.341818	0.8272757	0.3373768	0.718762	0.281238	1.061539
13938	-2639.499	-2743.353	103.8543	1.328498	0.8272757	0.2910406	0.733664	0.266336	1.128928
13944	-2631.457	-2735.475	104.018	1.391838	0.7664658	0.2222612	0.729536	0.270464	1.148827
13950	-2630.253	-2734.008	103.7552	1.369505	1.045789	0.2222612	0.768088	0.231912	1.133686
13956	-2641.709	-2744.95	103.2408	1.333046	1.191526	0.3259649	0.743536	0.256464	1.270386
13962	-2641.565	-2744.886	103.3217	1.271207	1.346132	0.3259649	0.764274	0.235726	1.143753
13968	-2641.618	-2744.726	103.1079	1.271779	1.096145	0.4485448	0.764274	0.235726	1.301371
13974	-2634.257	-2737.482	103.2256	1.346586	1.274537	0.3362993	0.76668	0.23332	1.193122
13980	-2632.962	-2735.933	102.9708	1.056566	1.179404	0.3647076	0.766986	0.233014	1.6334
13986	-2635.942	-2739.404	103.4622	1.090955	0.9889887	0.2920278	0.770229	0.229771	1.496523
13992	-2637.977	-2741.171	103.1946	1.170313	0.9889887	0.3619468	0.782031	0.217969	1.521861
13998	-2642.201	-2745.395	103.1939	1.230952	1.225857	0.38091	0.770646	0.229354	1.273757
14004	-2624.643	-2728.394	103.751	1.111953	0.8015889	0.3463157	0.794458	0.205542	1.32001
14010	-2619.175	-2722.85	103.6754	1.286411	0.8015889	0.3463157	0.794458	0.205542	1.238885
14016	-2625.461	-2729.28	103.8194	1.227541	0.7257702	0.3827282	0.794458	0.205542	1.181616
14022	-2619.777	-2723.876	104.099	1.276306	0.7257702	0.2946012	0.687804	0.312196	1.056686
14028	-2628.03	-2731.269	103.2387	1.368801	1.334324	0.3150316	0.753656	0.246344	1.160754
14034	-2641.169	-2744.402	103.233	1.257974	1.43022	0.2912154	0.749803	0.250197	1.243526
14040	-2631.864	-2735.266	103.4017	1.280203	1.173911	0.3160541	0.752173	0.247827	1.211388
14046	-2627.781	-2731.146	103.3648	1.241837	1.173911	0.3380362	0.720832	0.279168	1.234087
14052	-2626.933	-2730.345	103.4124	1.241837	1.311751	0.3380362	0.720832	0.279168	1.089383
14058	-2625.522	-2728.968	103.4456	1.303164	1.199595	0.3380362	0.684581	0.315419	1.089383
14064	-2628.006	-2731.579	103.573	1.361387	1.021608	0.3380362	0.70021	0.29979	1.06988
14070	-2624.896	-2729.016	104.1203	1.476104	0.7132022	0.2498643	0.628418	0.371582	0.9635233
14076	-2619.73	-2723.84	104.1094	1.370135	0.7132022	0.2676073	0.786294	0.213706	1.035002
14082	-2630.866	-2734.911	104.0451	1.266862	0.7088819	0.2775733	0.742769	0.257231	1.170929
14088	-2628.674	-2732.58	103.9061	1.334327	0.7689022	0.3464062	0.750944	0.249056	1.023557
14094	-2628.163	-2731.62	103.4565	1.203114	0.9120787	0.3736515	0.724687	0.275313	1.338182
14100	-2629.58	-2733.352	103.7719	1.279917	0.9120787	0.2618231	0.758757	0.241243	1.223432
14106	-2626.836	-2730.717	103.8816	1.272923	0.8237984	0.2618231	0.752549	0.247451	1.219589
14112	-2621.011	-2724.937	103.9267	1.234003	0.8237984	0.2618231	0.694992	0.305008	1.214312
14118	-2626.43	-2729.594	103.164	1.290433	1.475831	0.3520853	0.750198	0.249802	1.127943
14124	-2634.009	-2737.216	103.2077	1.386973	1.475831	0.3520853	0.828361	0.171639	0.9952415
14130	-2631.741	-2735.152	103.4108	1.327573	1.114494	0.3185604	0.750215	0.249785	1.204205
14136	-2624.678	-2728.325	103.6473	1.200296	1.129363	0.3053841	0.75039	0.24961	1.122731
14142	-2635.12	-2738.677	103.5571	1.218259	1.129363	0.3038697	0.740179	0.259821	1.189394
14148	-2631.018	-2734.648	103.6307	1.14063	1.129363	0.3001917	0.71655	0.28345	1.200255
14154	-2634.145	-2737.148	103.0031	1.680126	1.80579	0.3035259	0.789111	0.210889	0.7491819
14160	-2629.761	-2733.34	103.5787	1.537671	0.9737906	0.3924745	0.693442	0.306558	0.8043748
14166	-2639.319	-2742.909	103.5897	1.546204	0.9737906	0.3688472	0.738565	0.261435	0.8396683
14172	-2632.595	-2736.044	103.4483	1.468901	1.219044	0.2771636	0.746918	0.253082	1.04656
14178	-2631.409	-2735.287	103.8788	1.376757	0.7538346	0.4353192	0.672756	0.327244	0.8380047
14184	-2638.189	-2742.069	103.8798	1.385762	0.7016899	0.4353192	0.859737	0.140263	0.9036834
14190	-2626.721	-2730.165	103.4447	1.332186	1.393983	0.3252462	0.812094	0.187906	0.9305291
14196	-2627.461	-2730.892	103.4309	1.500023	1.404295	0.3132954	0.737376	0.262624	0.7648879
14202	-2632.395	-2735.997	103.6016	1.656678	1.049918	0.3501047	0.717529	0.282471	0.5314164
14208	-2634.799	-2738.215	103.4165	1.684338	1.131294	0.3878894	0.690428	0.309572	0.5575969
14214	-2630.406	-2733.788	103.3824	1.505637	1.109565	0.3961449	0.627966	0.372034	0.9117206
14220	-2627.877	-2731.291	103.414	1.519739	1.274151	0.3434385	0.815844	0.184156	0.8130325
14226	-2632.196	-2735.395	103.1983	1.59535	1.274151	0.424685	0.805163	0.194837	0.7847948
14232	-2630.833	-2734.256	103.423	1.788528	1.17188	0.3203572	0.793481	0.206519	0.4871793
14238	-2633.539	-2736.879	103.3395	1.84894	1.11375	0.354106	0.765719	0.234281	0.5402143
14244	-2637.232	-2740.011	102.7793	1.894853	1.653247	0.3831021	0.763622	0.236378	0.3820557
14250	-2635.966	-2739.144	103.1771	1.924498	1.400404	0.2763854	0.872008	0.127992	0.3983433
14256	-2632.177	-2735.654	103.4773	2.005331	0.9660797	0.2763854	0.846451	0.153549	0.3903068
14262	-2625.251	-2728.845	103.5939	1.894589	0.9660797	0.2698684	0.700065	0.299935	0.3737541
14268	-2631.239	-2734.992	103.7531	1.916235	0.8444619	0.2615983	0.729992	0.270008	0.4338668
14274	-2636.062	-2739.506	103.4441	1.939962	1.126933	0.2615983	0.843179	0.156821	0.4388764
14280	-2636.182	-2740.09	103.9076	1.46237	1.09828	0.182013	0.808236	0.191764	0.965874
14286	-2631.973	-2735.488	103.5154	1.45601	1.045734	0.2943076	0.705495	0.294505	1.105062
14292	-2638.38	-2742.202	103.822	1.244223	0.8664907	0.2943076	0.720971	0.279029	1.185747
14298	-2631.251	-2734.633	103.3825	1.068187	0.938479	0.2943076	0.767531	0.232469	1.606467
14304	-2636.642	-2740.096	103.4538	1.206027	0.938479	0.3412148	0.666902	0.333098	1.369351
14310	-2628.173	-2730.936	102.7631	1.200944	1.591203	0.3412148	0.790501	0.209499	1.478237
14316	-2625.057	-2727.963	102.9062	1.166291	1.591203	0.3412148	0.815686	0.184314	1.395108
14322	-2627.843	-2731.226	103.3826	1.175636	1.084691	0.3149122	0.764988	0.235012	1.380548
14328	-2624.002	-2727.557	103.5544	1.251373	1.084691	0.3171495	0.764988	0.235012	1.172713
14334	-2636.874	-2740.51	103.6363	1.632444	1.22446	0.2607491	0.844568	0.155432	0.6534347
14340	-2635.735	-2739.142	103.4072	1.535345	1.233254	0.3641988	0.676496	0.323504	0.7894651
14346	-2623.214	-2726.675	103.4618	1.495766	1.233254	0.3641988	0.687364	0.312636	0.7684618
14352	-2627.798	-2731.225	103.4269	1.43784	1.191254	0.3850559	0.783716	0.216284	0.8794476
14358	-2630.136	-2733.966	103.8292	1.592189	1.191254	0.2076105	0.8086	0.1914	0.6941441
14364	-2627.586	-2731.325	103.7384	1.572763	0.9837729	0.3055486	0.760279	0.239721	0.7759606
14370	-2622.308	-2726.566	104.2582	1.795929	0.6304514	0.2218082	0.678962	0.321038	0.487389
14376	-2615.931	-2720.108	104.1772	1.717115	0.8276006	0.1867902	0.721755	0.278245	0.5871654
14382	-2616.363	-2720.348	103.9857	1.761191	0.8276006	0.2427546	0.693137	0.306863	0.4865719
14388	-2621.337	-2725.128	103.7906	1.731333	0.8957418	0.2976085	0.71022	0.28978	0.5826159
14394	-2628.419	-2731.796	103.3763	1.467365	1.40266	0.2814202	0.795441	0.204559	0.9602157
14400	-2623.474	-2727.02	103.5459	1.486852	1.284958	0.283973	0.805203	0.194797	0.8468542
14406	-2626.572	-2729.736	103.164	1.56582	1.284958	0.4041425	0.814777	0.185223	0.9000868
14412	-2636.042	-2739.082	103.0402	1.540992	1.609493	0.4015638	0.744533	0.255467	0.7868128
14418	-2641.647	-2744.666	103.0197	1.508472	1.308979	0.5202793	0.888747	0.111253	0.8754839
14424	-2630.529	-2734.577	104.0481	1.502146	0.8314712	0.2240594	0.718299	0.281701	0.9344482
14430	-2638.074	-2741.876	103.8027	1.224714	0.8817922	0.2662486	0.741092	0.258908	1.261986
14436	-2642.471	-2745.029	102.5588	1.35462	1.925052	0.4833261	0.70969	0.29031	1.12251
14442	-2630.8	-2733.577	102.777	1.529684	1.893823	0.4804472	0.87217	0.12783	0.7058181
14448	-2630.41	-2732.932	102.5221	1.505023	1.893823	0.5848593	0.703358	0.296642	0.8639698
14454	-2621.826	-2725.6	103.7743	1.505023	0.9059487	0.3555479	0.694329	0.305671	0.7809015
14460	-2626.228	-2729.9	103.6716	1.557123	0.9059487	0.380387	0.8287	0.1713	0.7809015
14466	-2623.449	-2727.002	103.5529	1.569723	0.9059487	0.4606296	0.69755	0.30245	0.7149367
14472	-2625.841	-2729.534	103.6931	1.533347	1.227265	0.2804659	0.76869	0.23131	0.6330075
14478	-2627.92	-2731.132	103.2118	1.707055	1.660776	0.2804659	0.856936	0.143064	0.5671596
14484	-2628.954	-2732.661	103.7071	1.779848	0.9792929	0.2804659	0.717602	0.282398	0.5154948
14490	-2640.278	-2743.244	102.9661	1.529869	1.626025	0.4000343	0.715358	0.284642	0.8826078
14496	-2622.941	-2726.762	103.8211	1.510342	0.8599916	0.3771264	0.709122	0.290878	0.7113423
14502	-2625.112	-2729.395	104.2831	1.441759	0.7568854	0.2208589	0.716703	0.283297	0.8464137
14508	-2620.327	-2723.631	103.3038	1.533501	1.141376	0.433699	0.727208	0.272792	0.8552908
14514	-2619.997	-2723.512	103.5149	1.488607	1.291627	0.3130394	0.811448	0.188552	0.7899396
14520	-2622.918	-2726.176	103.2581	1.508264	1.31305	0.4066785	0.811448	0.188552	0.8232239
14526	-2619.241	-2722.637	103.3962	1.6603	1.066959	0.4066785	0.772388	0.227612	0.7177714
14532	-2625.183	-2728.452	103.2687	1.706385	1.265098	0.3785539	0.804451	0.195549	0.6410934
14538	-2630.611	-2734.028	103.4169	1.752462	1.265098	0.3036004	0.804451	0.195549	0.5123695
14544	-2625.977	-2729.368	103.3908	1.656793	1.318467	0.3326676	0.774825	0.225175	0.5844296
14550	-2627.394	-2730.929	103.535	1.715293	1.099238	0.3326676	0.691956	0.308044	0.5157328
14556	-2629.256	-2732.746	103.4904	1.716244	1.099238	0.3326676	0.789335	0.210665	0.6635419
14562	-2632.786	-2735.754	102.9677	1.420613	1.470767	0.5692478	0.696622	0.303378	0.7978217
14568	-2632.969	-2736.606	103.6369	1.482624	0.8966709	0.4497709	0.741639	0.258361	0.7646961
14574	-2631.144	-2735.18	104.0356	1.400821	0.7526999	0.3121088	0.653804	0.346196	0.9195786
14580	-2627.411	-2731.448	104.037	1.400069	0.657609	0.3121088	0.702223	0.297777	1.044518
14586	-2626.892	-2730.41	103.5179	1.495478	1.181166	0.3007589	0.731643	0.268357	0.9252079
14592	-2630.982	-2734.444	103.4616	1.43032	1.422456	0.3142362	0.800982	0.199018	0.7967253
14598	-2631.001	-2734.642	103.641	1.501523	1.101069	0.3142362	0.792912	0.207088	0.8227444
14604	-2634.327	-2738.328	104.0007	1.405411	0.806501	0.3142362	0.655077	0.344923	0.8752115
14610	-2628.227	-2732.163	103.9367	1.38935	0.7997455	0.3003115	0.784353	0.215647	1.00363
14616	-2631.148	-2734.953	103.8057	1.53646	0.9657334	0.2631967	0.784353	0.215647	0.8883648
14622	-2631.465	-2734.634	103.1696	1.280496	1.421933	0.4019157	0.748745	0.251255	1.077644
14628	-2630.298	-2733.505	103.2072	1.327978	1.207287	0.424939	0.709751	0.290249	1.120039
14634	-2620.543	-2724.004	103.4609	1.248144	1.226042	0.3378676	0.772624	0.227376	1.105179
14640	-2622.357	-2726.028	103.6714	1.20142	0.8382848	0.3378676	0.66949	0.33051	1.292201
14646	-2625.699	-2729.196	103.497	1.206247	0.8382848	0.438321	0.66949	0.33051	1.268776
14652	-2626.054	-2729.914	103.8601	1.367826	0.7663667	0.3930646	0.765891	0.234109	0.9428828
14658	-2625.018	-2728.862	103.8442	1.272336	0.7663667	0.2970677	0.721592	0.278408	1.236569
14664	-2621.237	-2724.981	103.744	1.23428	0.8565162	0.2928641	0.840657	0.159343	1.272154
14670	-2619.781	-2723.241	103.4592	1.161261	1.155165	0.2928641	0.889678	0.110322	1.320253
14676	-2622.563	-2725.299	102.7359	1.281258	1.49277	0.4447979	0.684096	0.315904	1.334662
14682	-2624.38	-2727.731	103.3516	1.343193	1.322973	0.2617785	0.819582	0.180418	1.203471
14688	-2628.535	-2731.682	103.1472	1.123677	1.46777	0.2992284	0.755736	0.244264	1.383226
14694	-2623.176	-2726.944	103.7681	1.284165	0.9600939	0.2779722	0.720932	0.279068	1.144541
14700	-2619.458	-2723.166	103.7086	1.208018	1.058083	0.2554725	0.715066	0.284934	1.226487
14706	-2623.286	-2726.102	102.8164	1.207107	1.236135	0.42298	0.715066	0.284934	1.516948
14712	-2627.773	-2730.249	102.4756	1.032426	1.607457	0.5018275	0.812835	0.187165	1.585193
14718	-2624.458	-2727.956	103.4982	0.938568	0.8164308	0.2074721	0.773664	0.226336	1.870577
14724	-2624.527	-2727.313	102.7861	1.025682	0.9180772	0.4227521	0.743866	0.256134	1.881921
14730	-2621.791	-2725.494	103.703	1.14014	0.9180772	0.2778301	0.728738	0.271262	1.356092
14736	-2630.325	-2733.581	103.2552	1.222755	1.087102	0.4225104	0.810681	0.189319	1.266599
14742	-2628.186	-2731.454	103.268	1.232424	1.095852	0.3715354	0.705994	0.294006	1.322091
14748	-2627.976	-2732.033	104.0569	1.074801	0.5968613	0.2844798	0.765916	0.234084	1.429062
14754	-2632.486	-2736.467	103.9815	1.553616	0.9297062	0.2089162	0.813192	0.186808	0.8789046
14760	-2633.489	-2737.181	103.6924	1.478163	1.192101	0.2372519	0.807534	0.192466	0.9165085
14766	-2631.01	-2734.88	103.8701	1.478163	0.8563747	0.2942242	0.74628	0.25372	0.9277549
14772	-2628.321	-2732.293	103.9725	1.412351	0.8563747	0.2774618	0.757014	0.242986	0.9317679
14778	-2633.07	-2736.142	103.0723	1.582963	1.62941	0.3741253	0.868569	0.131431	0.7376059
14784	-2630.257	-2733.775	103.5187	1.418874	1.363578	0.289078	0.827212	0.172788	0.8700663
14790	-2629.221	-2732.678	103.4563	1.356708	1.223751	0.308846	0.824797	0.175203	1.070457
14796	-2623.443	-2726.836	103.3926	1.437215	1.077928	0.5100585	0.795844	0.204156	0.7700999
14802	-2620.682	-2723.988	103.3066	1.617653	1.296731	0.3814228	0.704727	0.295273	0.679863
14808	-2620.555	-2723.921	103.3656	1.655918	1.265667	0.3595816	0.739156	0.260844	0.6209189
14814	-2631.787	-2735.139	103.3512	1.574735	1.296904	0.3684641	0.677631	0.322369	0.7222708
14820	-2624.646	-2727.831	103.1851	1.594401	1.367415	0.4143177	0.748364	0.251636	0.7222708
14826	-2628.176	-2731.458	103.2811	1.647987	1.367415	0.3525263	0.741708	0.258292	0.6747945
14832	-2626.831	-2730.429	103.5977	1.594819	1.252453	0.2710833	0.79961	0.20039	0.7038114
14838	-2628.433	-2731.79	103.3569	1.703319	1.268589	0.3481389	0.852129	0.147871	0.5665022
14844	-2624.765	-2727.481	102.716	1.798932	1.953417	0.3792454	0.761843	0.238157	0.5694862
14850	-2620.237	-2723.718	103.4814	1.75671	1.132041	0.3197243	0.807634	0.192366	0.577987
14856	-2624.398	-2727.585	103.1873	1.581765	1.594907	0.3197243	0.707109	0.292891	0.7752416
14862	-2618.348	-2722.492	104.1437	1.640741	0.7216132	0.2630363	0.726205	0.273795	0.6515656
14868	-2616.886	-2720.782	103.8955	1.816107	0.7216132	0.3092299	0.731498	0.268502	0.5076539
14874	-2628.536	-2731.451	102.9153	1.793838	1.95485	0.2932378	0.783691	0.216309	0.5129635
14880	-2625.21	-2728.956	103.7466	1.75761	0.9702488	0.2732541	0.777809	0.222191	0.4322665
14886	-2627.431	-2731.268	103.8362	1.645677	0.912264	0.3062288	0.740977	0.259023	0.5901381
14892	-2628.467	-2732.297	103.8303	1.564572	0.9869563	0.3062288	0.684108	0.315892	0.6174377
14898	-2631.364	-2735.391	104.0271	1.689826	0.6798011	0.3062288	0.700586	0.299414	0.6866475
14904	-2621.554	-2725.483	103.9283	1.753183	0.7483184	0.3062288	0.73373	0.26627	0.5436463
14910	-2622.164	-2726.019	103.8553	1.825865	0.7549518	0.3040627	0.749887	0.250113	0.4809734
14916	-2626.145	-2730.106	103.9609	1.782001	0.7549518	0.2754664	0.74681	0.25319	0.5621752
14922	-2624.132	-2727.884	103.7523	1.779781	0.8749907	0.305265	0.743822	0.256178	0.5621752
14928	-2629.763	-2733.055	103.2915	1.787122	1.369129	0.305265	0.818537	0.181463	0.5382427
14934	-2629.517	-2732.61	103.0929	1.634081	1.842922	0.305265	0.797894	0.202106	0.6145152
14940	-2634.278	-2738.066	103.7878	1.63259	1.01915	0.2735036	0.705566	0.294434	0.6637406
14946	-2642.37	-2745.508	103.1383	1.540195	1.944577	0.2945806	0.862003	0.137997	0.6417904
14952	-2617.775	-2721.407	103.6315	1.637952	1.075403	0.3102759	0.777767	0.222233	0.6820192
14958	-2617.758	-2721.181	103.4222	1.533325	1.394911	0.3075914	0.714543	0.285457	0.7586623
14964	-2616.845	-2720.271	103.4255	1.436672	1.394911	0.3075914	0.739879	0.260121	0.878828
14970	-2622.142	-2725.504	103.3616	1.353575	1.435391	0.2962067	0.78457	0.21543	1.028726
14976	-2623.63	-2726.623	102.9928	1.321844	1.435391	0.439746	0.773911	0.226089	1.127713
14982	-2625.045	-2728.024	102.9794	1.358023	1.435391	0.439746	0.794332	0.205668	1.107124
14988	-2624.5	-2728.048	103.5485	1.249004	0.9546849	0.3639863	0.798633	0.201367	1.203701
14994	-2624.387	-2728.588	104.2003	1.232728	0.6884761	0.2700233	0.761787	0.238213	1.103224
15000	-2623.05	-2726.941	103.8907	1.25519	0.7929254	0.2700233	0.65058	0.34942	1.239962
15006	-2624.779	-2728.551	103.7722	1.375007	0.7929254	0.3864431	0.814869	0.185131	1.006306
15012	-2639.695	-2742.961	103.2657	1.115521	1.009866	0.3757479	0.720725	0.279275	1.472843
15018	-2645.505	-2749.125	103.6196	1.006743	1.009866	0.2675665	0.809012	0.190988	1.470499
15024	-2626.758	-2730.993	104.2348	1.27395	0.6453673	0.3056007	0.687234	0.312766	1.005444
15030	-2626.56	-2730.151	103.5912	1.262254	1.026019	0.2830003	0.773811	0.226189	1.247932
15036	-2625.053	-2728.503	103.4504	1.208947	1.134636	0.3224962	0.681114	0.318886	1.247932
15042	-2630.317	-2733.516	103.1989	1.595602	1.28195	0.41784	0.781801	0.218199	0.7921083
15048	-2634.508	-2737.661	103.1533	1.550912	1.28195	0.4703807	0.846811	0.153189	0.7865717
15054	-2632.367	-2735.863	103.4959	1.46227	1.078876	0.3623096	0.768324	0.231676	0.9401417
15060	-2631.406	-2734.653	103.2475	1.570546	1.227066	0.3656913	0.771161	0.228839	0.9401417
15066	-2622.394	-2725.661	103.267	1.327035	1.227066	0.3656913	0.790371	0.209629	1.155101
15072	-2624.495	-2727.88	103.385	1.371268	1.182434	0.341392	0.732834	0.267166	1.089614
15078	-2633.002	-2736.272	103.2699	1.296391	1.507992	0.278338	0.718772	0.281228	1.155776
15084	-2631.696	-2735.122	103.426	1.320167	1.051062	0.3116934	0.793146	0.206854	1.260987
15090	-2631.161	-2734.591	103.4304	1.518593	1.164063	0.3951703	0.712774	0.287226	0.7784953
15096	-2628.145	-2731.552	103.4067	1.544906	1.164063	0.3937841	0.815162	0.184838	0.7784953
15102	-2626.912	-2729.642	102.7301	1.560735	2.038796	0.3937841	0.845224	0.154776	0.8311304
15108	-2626.097	-2728.961	102.8644	1.429437	2.038796	0.330556	0.832615	0.167385	0.9742626
15114	-2622.46	-2726.055	103.5943	1.476793	1.069167	0.330556	0.753443	0.246557	0.9003911
15120	-2627.909	-2731.709	103.7992	1.546737	0.8285707	0.3296761	0.650789	0.349211	0.8754044
15126	-2629.47	-2733.394	103.9237	1.492172	0.8285707	0.3154414	0.650789	0.349211	0.829016
15132	-2627.847	-2731.654	103.807	1.592229	0.7795312	0.3818441	0.650789	0.349211	0.7373641
15138	-2638.88	-2742.43	103.5495	1.862057	0.8930965	0.3369668	0.816402	0.183598	0.6486789
15144	-2634.823	-2738.679	103.8559	1.795283	0.8930965	0.2510862	0.706693	0.293307	0.5205525
15150	-2635.875	-2739.037	103.1622	1.736164	1.411245	0.3484299	0.847706	0.152294	0.6845825
15156	-2621.539	-2724.96	103.4214	1.594588	1.411245	0.3049584	0.81163	0.18837	0.6404481
15162	-2630.173	-2733.534	103.3613	1.570925	1.411245	0.3049584	0.768668	0.231332	0.7824852
15168	-2622.584	-2725.945	103.3619	1.587653	1.478979	0.3068693	0.741392	0.258608	0.6636809
15174	-2627.384	-2731.126	103.7416	1.448881	1.150121	0.3068693	0.778999	0.221001	0.7135161
15180	-2636.362	-2739.724	103.3611	1.256369	1.0027	0.4452097	0.80737	0.19263	1.182734
15186	-2628.309	-2732.017	103.7082	1.239704	0.8649715	0.2410432	0.68882	0.31118	1.393104
15192	-2630.159	-2733.572	103.4133	1.366776	1.622883	0.2248948	0.799864	0.200136	1.010576
15198	-2630.245	-2733.43	103.1855	1.379077	1.622883	0.3198878	0.773095	0.226905	0.9897009
15204	-2629.417	-2732.48	103.0636	1.493516	1.622883	0.341536	0.827436	0.172564	0.9485185
15210	-2626.605	-2730.034	103.4288	1.465023	1.32801	0.320869	0.780568	0.219432	0.8686275
15216	-2628.011	-2731.73	103.7192	1.457953	0.8565007	0.3814897	0.714116	0.285884	0.9082951
15222	-2626.568	-2729.789	103.2215	1.453646	1.347461	0.3636899	0.811075	0.188925	0.9894298
15228	-2626.038	-2729.452	103.4137	1.540757	1.237159	0.346803	0.740893	0.259107	0.8172992
15234	-2633.18	-2736.509	103.329	1.633509	1.237159	0.4080351	0.802828	0.197172	0.5823281
15240	-2625.495	-2729.068	103.5726	1.59357	1.13164	0.3352307	0.722204	0.277796	0.6735212
15246	-2624.034	-2727.485	103.4514	1.570592	1.13164	0.4058178	0.673864	0.326136	0.675101
15252	-2619.202	-2722.571	103.3693	1.623078	1.192538	0.4058178	0.79168	0.20832	0.6207699
15258	-2619.565	-2723.021	103.456	1.620996	1.192538	0.3630765	0.8519	0.1481	0.6207699
15264	-2620.029	-2723.208	103.179	1.646072	1.699977	0.2944326	0.759918	0.240082	0.6598203
15270	-2630.561	-2733.571	103.0102	1.426835	1.60548	0.377725	0.78748	0.21252	1.007049
15276	-2631.214	-2734.269	103.0549	1.345719	1.60548	0.377725	0.799407	0.200593	1.042617
15282	-2634.157	-2737.485	103.3276	1.339674	1.005461	0.4312967	0.88453	0.11547	1.158849
15288	-2637.016	-2740.109	103.0927	1.234819	1.654353	0.2890093	0.862051	0.137949	1.249758
15294	-2634.894	-2738.638	103.7438	1.191587	0.9291374	0.2890093	0.77699	0.22301	1.249758
15300	-2631.749	-2735.087	103.3384	1.664336	1.507355	0.2838359	0.827646	0.172354	0.618455
15306	-2629.193	-2732.555	103.3619	1.612331	1.507355	0.2838359	0.777448	0.222552	0.680552
15312	-2624.229	-2727.761	103.5321	1.541917	1.466378	0.2559386	0.772845	0.227155	0.680552
15318	-2633.098	-2736.459	103.3611	1.528247	1.466378	0.3019074	0.734513	0.265487	0.7935746
15324	-2630.383	-2733.647	103.2646	1.345321	1.466378	0.3426435	0.811119	0.188881	1.007044
15330	-2633.947	-2737.058	103.1108	1.191554	0.9275183	0.3323504	0.711795	0.288205	1.659535
15336	-2631.886	-2735.285	103.3987	1.074399	0.9275183	0.3264759	0.738301	0.261699	1.544725
15342	-2621.719	-2725.129	103.4102	1.088045	0.9275183	0.3178807	0.670147	0.329853	1.540309
15348	-2631.374	-2734.209	102.8349	1.21763	1.794153	0.3178807	0.790925	0.209075	1.344154
15354	-2630.567	-2734.292	103.725	1.150972	1.002976	0.2908831	0.680172	0.319828	1.232293
15360	-2631.753	-2735.11	103.3571	1.304494	1.002976	0.3344383	0.884441	0.115559	1.327077
15366	-2626.106	-2728.967	102.8604	1.185883	1.302253	0.3344383	0.842021	0.157979	1.590329
15372	-2636.018	-2738.925	102.907	1.038711	0.9604528	0.4471266	0.77058	0.22942	1.727848
15378	-2625.226	-2728.631	103.4041	1.121223	0.9604528	0.3130169	0.808355	0.191645	1.502713
15384	-2631.86	-2735.561	103.7005	1.057112	0.8100196	0.3089304	0.644188	0.355812	1.458888
15390	-2639.087	-2743.008	103.9208	1.284296	0.8729645	0.2400247	0.814169	0.185831	1.177262
15396	-2626.061	-2729.764	103.7031	1.284296	1.086884	0.2400247	0.762487	0.237513	1.177262
15402	-2624.41	-2728.253	103.8429	1.257222	0.8822878	0.3171652	0.762487	0.237513	1.093053
15408	-2630.673	-2733.957	103.2842	1.402816	1.237811	0.3171652	0.749974	0.250026	1.156737
15414	-2633.989	-2737.447	103.4585	1.080804	0.6348565	0.39304	0.71389	0.28611	1.653784
15420	-2639.572	-2743.34	103.7675	1.152735	0.9808954	0.2856495	0.727257	0.272743	1.224275
15426	-2637.997	-2741.774	103.7771	1.310209	0.9808954	0.2856495	0.798657	0.201343	1.076317
15432	-2639.392	-2742.592	103.2005	1.301507	0.9808954	0.4460683	0.802759	0.197241	1.29667
15438	-2629.881	-2732.965	103.0838	1.301507	1.542143	0.4515699	0.72745	0.27255	0.9638415
15444	-2637.321	-2741.032	103.7111	1.60381	0.971913	0.3127592	0.636861	0.363139	0.7642218
15450	-2627.85	-2731.122	103.2729	1.633245	1.232872	0.420542	0.776808	0.223192	0.6727808
15456	-2631.163	-2734.193	103.03	1.675283	1.802398	0.3252391	0.776808	0.223192	0.6203434
15462	-2633.168	-2736.609	103.4408	1.432354	1.416513	0.2915926	0.686605	0.313395	0.8899032
15468	-2636.544	-2739.644	103.1005	1.539258	1.416513	0.3543548	0.745127	0.254873	0.9902329
15474	-2629.773	-2733.23	103.4574	1.602121	1.314396	0.2292188	0.774211	0.225789	0.9486696
15480	-2633.745	-2737.323	103.5775	1.3765	1.150778	0.3352489	0.789673	0.210327	0.9349183
15486	-2624.753	-2727.715	102.9624	1.418487	1.478142	0.4520922	0.789673	0.210327	1.014706
15492	-2625.64	-2728.651	103.0107	1.676217	1.478142	0.4459677	0.814183	0.185817	0.6241319
15498	-2631.202	-2734.039	102.8377	1.852993	1.502911	0.4459677	0.729431	0.270569	0.5484509
15504	-2633.544	-2736.678	103.1334	1.375372	1.347481	0.3360731	0.709261	0.290739	1.196958
15510	-2623.924	-2727.438	103.5136	1.266101	1.242579	0.317066	0.770059	0.229941	1.069053
15516	-2623.094	-2726.43	103.3359	1.30543	1.201114	0.326004	0.857048	0.142952	1.206682
15522	-2625.845	-2729.221	103.3759	1.178099	1.201114	0.3067023	0.799983	0.200017	1.31509
15528	-2626.788	-2730.218	103.43	1.390885	1.312765	0.2545192	0.728469	0.271531	1.116223
15534	-2623.193	-2726.62	103.4268	1.312461	1.312765	0.3246059	0.730327	0.269673	1.036035
15540	-2622.458	-2725.709	103.2508	1.435621	1.463754	0.3524563	0.795394	0.204606	0.9071524
15546	-2627.348	-2730.487	103.1395	1.389512	1.463754	0.3550706	0.846699	0.153301	1.061856
15552	-2628.002	-2731.259	103.2563	1.240946	1.463754	0.3550706	0.759791	0.240209	1.091484
15558	-2627.811	-2730.499	102.688	1.122816	1.463754	0.3550706	0.827353	0.172647	1.637562
15564	-2627.408	-2730.849	103.4414	1.274951	1.253941	0.3157549	0.779986	0.220014	1.121286
15570	-2627.966	-2731.077	103.1114	1.22187	1.253941	0.4790668	0.755466	0.244534	1.178488
15576	-2624.592	-2728.281	103.6895	1.319726	1.050972	0.2960349	0.7603	0.2397	1.061446
15582	-2634.778	-2737.865	103.0873	1.180281	1.558631	0.3167446	0.820767	0.179233	1.300987
15588	-2634.081	-2737.355	103.2741	1.213269	1.558631	0.3167446	0.784156	0.215844	1.113175
15594	-2631.918	-2734.395	102.4765	1.101968	2.105955	0.3167446	0.773991	0.226009	1.565117
15600	-2626.533	-2730.002	103.4686	1.055911	0.9707264	0.3064228	0.773991	0.226009	1.506652
15606	-2639.826	-2743.455	103.6298	1.056299	1.062521	0.2086411	0.687308	0.312692	1.506652
15612	-2635.315	-2738.989	103.6738	1.415817	0.8309226	0.3594882	0.659775	0.340225	1.071551
15618	-2627.234	-2730.829	103.5947	1.371539	1.001601	0.3594882	0.747769	0.252231	1.014717
15624	-2622.166	-2725.839	103.6736	1.345655	1.095888	0.2569342	0.817521	0.182479	1.101832
15630	-2618.575	-2722.411	103.8364	1.348229	1.095888	0.2569342	0.784431	0.215569	0.9394019
15636	-2616.013	-2719.619	103.6062	1.469517	1.168036	0.297477	0.817313	0.182687	0.8768409
15642	-2612.461	-2716.223	103.7622	1.415461	1.010549	0.297477	0.806646	0.193354	0.9282499
15648	-2621.068	-2724.908	103.8401	1.419099	0.9004444	0.297477	0.71561	0.28439	0.9626516
15654	-2630.184	-2734.005	103.8208	1.388676	0.9451354	0.2970131	0.711979	0.288021	0.9661727
15660	-2629.021	-2732.751	103.7306	1.2813	0.9451354	0.2970131	0.814783	0.185217	1.153586
15666	-2632.931	-2737.041	104.1109	1.26336	0.9451354	0.2262151	0.809505	0.190495	0.9821761
15672	-2626.976	-2730.588	103.6117	1.343989	0.8333297	0.3613121	0.711009	0.288991	1.186015
15678	-2632.93	-2736.603	103.673	1.406168	0.5990906	0.5144258	0.772524	0.227476	1.095954
15684	-2629.451	-2732.414	102.9631	0.9137551	0.9469384	0.3890254	0.755299	0.244701	1.860713
15690	-2631.935	-2735.369	103.4336	1.210812	0.6807652	0.3890254	0.704899	0.295101	1.537437
15696	-2641.229	-2744.548	103.3186	1.234145	0.9653852	0.3890254	0.651699	0.348301	1.354446
15702	-2634.218	-2738.495	104.2769	1.33576	0.4713865	0.3392491	0.754552	0.245448	1.09023
15708	-2629.493	-2733.075	103.5823	1.250299	1.260558	0.2783175	0.754552	0.245448	1.09023
15714	-2631.693	-2735.436	103.7433	1.502759	1.058921	0.3151022	0.750579	0.249421	0.730324
15720	-2626.989	-2730.665	103.6758	1.519914	1.007627	0.3151022	0.728622	0.271378	0.8653145
15726	-2621.623	-2725.245	103.6221	1.396006	1.007627	0.3851523	0.71836	0.28164	0.8996507
15732	-2629.456	-2733.26	103.8042	1.524133	1.007627	0.2681219	0.828556	0.171444	0.8398281
15738	-2633.346	-2736.985	103.6393	1.449489	0.8950043	0.4057238	0.868862	0.131138	0.9067532
15744	-2623.685	-2726.732	103.0472	1.380385	1.66047	0.4057238	0.799601	0.200399	0.9206847
15750	-2623.942	-2727.919	103.9774	1.35437	0.8828392	0.3224413	0.810931	0.189069	0.8383519
15756	-2622.145	-2725.705	103.56	1.396703	1.277498	0.3224413	0.783162	0.216838	0.8383519
15762	-2634.003	-2737.312	103.3091	1.592982	1.277498	0.4019476	0.821263	0.178737	0.6760461
15768	-2627.656	-2730.703	103.0466	1.49599	1.757266	0.3696444	0.82239	0.17761	0.7901337
15774	-2630.235	-2733.425	103.1904	1.400617	1.266896	0.3975505	0.666998	0.333002	1.069662
15780	-2629.868	-2733.166	103.298	1.568092	1.290813	0.367826	0.76724	0.23276	0.8168794
15786	-2623.775	-2727.647	103.8725	1.427121	0.9595632	0.2944733	0.738794	0.261206	0.8561804
15792	-2623.332	-2726.61	103.2775	1.442572	1.41761	0.258184	0.847857	0.152143	1.123949
15798	-2633.389	-2736.808	103.419	1.253734	1.283933	0.2986431	0.846016	0.153984	1.172595
15804	-2641.818	-2745.245	103.4273	1.341707	1.084308	0.2446522	0.823716	0.176284	1.349971
15810	-2626.104	-2729.692	103.5883	1.34659	0.8853332	0.4021362	0.786667	0.213333	1.079721
15816	-2623.764	-2727.68	103.9156	1.099486	0.8853332	0.2443492	0.773037	0.226963	1.315028
15822	-2628.024	-2731.81	103.7859	1.232261	0.8853332	0.2901206	0.773037	0.226963	1.217599
15828	-2624.117	-2727.945	103.8281	1.275741	0.8095734	0.2901206	0.733151	0.266849	1.217599
15834	-2628.484	-2732.565	104.081	1.347569	0.6776556	0.2901206	0.673872	0.326128	1.075363
15840	-2631.318	-2735.495	104.1766	1.326639	0.7190258	0.2646765	0.765496	0.234504	1.01176
15846	-2634.87	-2738.154	103.2836	1.385994	1.398276	0.3514555	0.769987	0.230013	0.9803205
15852	-2642.377	-2745.191	102.8139	1.606228	1.468264	0.5698972	0.757539	0.242461	0.7543166
15858	-2637.638	-2740.517	102.8782	1.530625	1.468264	0.5196055	0.814984	0.185016	0.8711479
15864	-2629.787	-2732.743	102.956	1.375652	1.425109	0.5196055	0.752192	0.247808	0.9899421
15870	-2635.029	-2738.887	103.8574	1.248429	0.8780927	0.298985	0.759447	0.240553	1.129923
15876	-2626.259	-2730.36	104.1012	1.513997	0.7857778	0.2657124	0.820461	0.179539	0.7888506
15882	-2627.221	-2731.048	103.8262	1.580963	0.9996407	0.2742889	0.815855	0.184145	0.7192092
15888	-2643.174	-2746.636	103.4621	1.670152	0.9996407	0.4072172	0.734821	0.265179	0.6989466
15894	-2635.884	-2739.762	103.8778	1.602415	0.8405018	0.3029661	0.719578	0.280422	0.7624031
15900	-2634.369	-2737.517	103.1478	1.259421	1.101087	0.4455039	0.786649	0.213351	1.279554
15906	-2632.684	-2736.121	103.4366	1.234465	0.9733459	0.2879475	0.788607	0.211393	1.426314
15912	-2631.736	-2735.739	104.0037	1.621369	0.8873221	0.2397687	0.78154	0.21846	0.6994004
15918	-2628.187	-2732.134	103.947	1.432355	0.8873221	0.3155935	0.685896	0.314104	0.7902711
15924	-2633.058	-2737.079	104.0208	1.38956	0.8873221	0.2559621	0.746504	0.253496	0.9255307
15930	-2630.528	-2734.493	103.9651	1.376567	0.8873221	0.2699084	0.781176	0.218824	0.9610111
15936	-2637.654	-2740.82	103.1665	1.472367	1.401511	0.4022987	0.82814	0.17186	0.9015602
15942	-2629.77	-2733.265	103.4951	1.549368	1.401511	0.2889141	0.761581	0.238419	0.6750348
15948	-2623.025	-2726.428	103.403	1.571728	1.270235	0.349985	0.758664	0.241336	0.7405404
15954	-2626.048	-2729.479	103.4314	1.649381	1.270235	0.3177299	0.702916	0.297084	0.6796805
15960	-2624.518	-2727.457	102.9385	1.754872	1.702685	0.3706287	0.751204	0.248796	0.5555033
15966	-2628.847	-2732.214	103.367	1.793829	1.247889	0.3108061	0.751204	0.248796	0.5604968
15972	-2626.534	-2729.572	103.0381	1.769427	1.681302	0.3241275	0.719029	0.280971	0.5485343
15978	-2629.781	-2732.673	102.892	1.872915	1.48603	0.4137022	0.792085	0.207915	0.4700314
15984	-2633.694	-2736.799	103.105	1.819322	1.48603	0.3294527	0.833457	0.166543	0.4222425
15990	-2633.58	-2736.507	102.9268	1.900407	1.48603	0.3820639	0.833457	0.166543	0.4805732
15996	-2624.87	-2728.004	103.1346	1.816986	1.680249	0.2567739	0.781054	0.218946	0.6114029
16002	-2620.337	-2723.607	103.2699	1.365939	1.680249	0.2983213	0.781054	0.218946	0.9258141
16008	-2619.889	-2723.025	103.1365	1.499295	1.680249	0.2983213	0.82234	0.17766	0.9258141
16014	-2619.089	-2722.527	103.4376	1.580911	1.167581	0.3639211	0.82234	0.17766	0.7638111
16020	-2617.305	-2720.917	103.6115	1.551884	1.008168	0.3344351	0.757472	0.242528	0.8521036
16026	-2628.052	-2731.704	103.6524	1.564274	0.9690733	0.3344351	0.780058	0.219942	0.8350745
16032	-2630.401	-2734.337	103.9355	1.650909	0.7755517	0.3344351	0.764514	0.235486	0.5347352
16038	-2627.013	-2730.312	103.2989	1.89574	1.230183	0.3046504	0.808649	0.191351	0.4678569
16044	-2624.169	-2727.726	103.5565	2.106885	0.7165977	0.3046504	0.636591	0.363409	0.3403891
16050	-2634.401	-2737.823	103.4224	1.735939	1.394378	0.2650943	0.777742	0.222258	0.4960222
16056	-2638.827	-2741.851	103.0234	1.793976	1.366272	0.4348338	0.835342	0.164658	0.5306408
16062	-2639.471	-2741.651	102.1802	2.205435	1.648592	0.4502675	0.716328	0.283672	0.2472129
16068	-2626.991	-2729.76	102.769	2.219451	1.046431	0.4075888	0.665727	0.334273	0.2677561
16074	-2633.746	-2737.711	103.965	1.675636	0.7723172	0.3047745	0.86646	0.13354	0.6021299
16080	-2631.307	-2734.724	103.4163	1.675636	1.315399	0.3047745	0.673478	0.326522	0.640895
16086	-2630.813	-2734.946	104.1327	1.56365	0.7375245	0.2932894	0.568108	0.431892	0.6380971
16092	-2638.38	-2742.048	103.6672	1.584766	1.196482	0.2780803	0.7537	0.2463	0.6486456
16098	-2631.554	-2735.509	103.9542	1.589361	0.9984106	0.2291205	0.815074	0.184926	0.6891626
16104	-2627.236	-2730.992	103.7565	1.617917	0.9840362	0.3225567	0.778068	0.221932	0.5756859
16110	-2622.46	-2725.719	103.2589	1.739064	1.411547	0.3225567	0.754601	0.245399	0.578755
16116	-2626.484	-2729.882	103.3978	1.490421	1.355857	0.3756049	0.786492	0.213508	0.6798531
16122	-2622.43	-2725.801	103.3713	1.414557	1.524802	0.2493882	0.773019	0.226981	1.008148
16128	-2619.852	-2723.351	103.4991	1.286042	1.38523	0.3066898	0.688168	0.311832	0.9731053
16134	-2620.239	-2723.639	103.4007	1.313332	1.466902	0.3188003	0.834029	0.165971	0.9536061
16140	-2618.501	-2721.439	102.9377	1.289729	1.412364	0.4691672	0.800467	0.199533	1.17437
16146	-2620.749	-2724.179	103.4302	1.267595	1.154194	0.370528	0.748344	0.251656	1.110568
16152	-2627.391	-2730.258	102.8666	1.333024	1.476593	0.4012142	0.698132	0.301868	1.261826
16158	-2628.468	-2731.792	103.3237	1.333248	1.514414	0.2776944	0.832354	0.167646	1.070592
16164	-2621.854	-2725.329	103.4747	1.308824	0.988372	0.3420706	0.763995	0.236005	1.225365
16170	-2622.628	-2726.083	103.4558	1.172886	1.17493	0.3420706	0.810871	0.189129	1.207276
16176	-2618.875	-2721.498	102.6226	1.307148	1.855374	0.339321	0.778775	0.221225	1.373491
16182	-2625.28	-2728.796	103.5164	1.190714	1.24035	0.2538409	0.701558	0.298442	1.267755
16188	-2628.931	-2731.812	102.881	1.287936	1.822898	0.3464523	0.796718	0.203282	1.180928
16194	-2625.994	-2728.765	102.7708	1.326356	1.970769	0.3464523	0.807054	0.192946	1.164688
16200	-2626.833	-2730.222	103.3894	1.367961	1.394204	0.3464523	0.779347	0.220653	0.9012845
16206	-2636.989	-2740.161	103.1725	1.407875	1.394204	0.4376283	0.705522	0.294478	0.8995541
16212	-2622.787	-2726.255	103.4682	1.33172	1.134906	0.2652753	0.763107	0.236893	1.243286
16218	-2626.074	-2729.228	103.1532	1.255776	1.134906	0.4606794	0.678811	0.321189	1.229944
16224	-2633.431	-2736.758	103.3276	1.291896	1.134906	0.3764923	0.639224	0.360776	1.184789
16230	-2634.5	-2737.38	102.8799	1.450171	2.047281	0.3561275	0.76296	0.23704	0.8695601
16236	-2632.286	-2735.56	103.2745	1.43415	1.529825	0.3342781	0.709022	0.290978	0.870549
16242	-2631.631	-2734.072	102.4403	1.435038	2.410715	0.4795505	0.779998	0.220002	0.9004959
16248	-2628.668	-2731.436	102.7686	1.658328	2.626606	0.2481034	0.800998	0.199002	0.6531802
16254	-2626.222	-2728.968	102.7464	1.597372	2.084041	0.3948089	0.819906	0.180094	0.7164849
16260	-2621.47	-2724.95	103.48	1.540167	1.298437	0.2896867	0.827713	0.172287	0.8316601
16266	-2622.652	-2726.181	103.5297	1.549412	1.161378	0.277154	0.792754	0.207246	0.9340465
16272	-2619.522	-2722.864	103.3414	1.19592	1.341139	0.3439428	0.651538	0.348462	1.161924
16278	-2620.332	-2723.774	103.442	1.316092	0.8913268	0.4711496	0.698514	0.301486	1.120792
16284	-2618.308	-2721.532	103.2235	1.315091	1.25546	0.4005156	0.752521	0.247479	1.121414
16290	-2619.85	-2723.509	103.6584	1.541146	1.05283	0.2962265	0.690663	0.309337	0.8598491
16296	-2632.532	-2735.557	103.0251	1.302896	1.721335	0.2962265	0.870574	0.129426	1.196957
16302	-2627.732	-2730.682	102.9505	1.241714	1.380155	0.4340929	0.759408	0.240592	1.277839
16308	-2621.411	-2724.816	103.4055	1.308424	1.380155	0.3007741	0.7605	0.2395	1.060539
16314	-2622.686	-2726.625	103.9392	1.348867	0.8325071	0.2887977	0.741331	0.258669	1.030256
16320	-2621.999	-2725.808	103.8083	1.352006	0.8325071	0.2887977	0.696213	0.303787	1.148448
16326	-2617.378	-2721.21	103.832	1.297745	0.8904576	0.3000603	0.821419	0.178581	1.093574
16332	-2621.751	-2725.598	103.8468	1.321249	0.8904576	0.3000603	0.833012	0.166988	1.057747
16338	-2625.027	-2728.56	103.5326	1.240663	0.9665697	0.2435124	0.76481	0.23519	1.439079
16344	-2618.786	-2722.279	103.493	1.210039	1.09443	0.2696803	0.806447	0.193553	1.343703
16350	-2632.863	-2735.817	102.9545	1.260896	1.486965	0.2891406	0.812691	0.187309	1.433585
16356	-2630.506	-2733.824	103.3171	1.392368	1.401265	0.2891406	0.815524	0.184476	1.075077
16362	-2629.496	-2732.654	103.1584	1.376663	1.401265	0.3683793	0.741582	0.258418	1.075077
16368	-2630.425	-2733.56	103.1355	1.378803	1.519512	0.3472879	0.758623	0.241377	1.05236
16374	-2633.657	-2737.268	103.6111	1.583275	1.200221	0.2652233	0.758623	0.241377	0.7909845
16380	-2625.474	-2729.136	103.6623	1.158587	0.8051726	0.3236612	0.593314	0.406686	1.388984
16386	-2629.49	-2733.382	103.892	1.145624	0.7999013	0.2507069	0.780751	0.219249	1.361221
16392	-2634.365	-2738.708	104.3435	1.472977	0.6925795	0.2031622	0.720478	0.279522	0.8947635
16398	-2627.479	-2731.68	104.2016	1.389928	0.6925795	0.2079226	0.763569	0.236431	1.106323
16404	-2636.457	-2739.66	103.2033	1.25321	1.301661	0.2788067	0.751659	0.248341	1.377683
16410	-2633.191	-2736.513	103.3216	1.117482	0.9639672	0.3147843	0.783124	0.216876	1.561043
16416	-2628.262	-2730.827	102.5641	1.011323	1.862249	0.3147843	0.828145	0.171855	1.674678
16422	-2626.967	-2730.275	103.3087	1.082251	1.242343	0.2774148	0.754863	0.245137	1.468929
16428	-2626.969	-2730.956	103.9876	1.242824	0.701136	0.2795786	0.641141	0.358859	1.244923
16434	-2637.916	-2741.795	103.8794	1.330021	0.701136	0.373287	0.520658	0.479342	1.081253
16440	-2632.265	-2736.484	104.2186	1.302265	0.7539744	0.2236732	0.520658	0.479342	1.057615
16446	-2623.144	-2727.409	104.2649	1.379315	0.6836517	0.2191214	0.736781	0.263219	1.037777
16452	-2626.221	-2730.369	104.1477	1.305246	0.6836517	0.33714	0.663709	0.336291	0.937173
16458	-2622.481	-2726.443	103.9626	1.421519	0.9636319	0.2479451	0.663709	0.336291	0.8877991
16464	-2621.009	-2724.564	103.555	1.344461	0.9636319	0.3601781	0.663709	0.336291	1.112761
16470	-2623.905	-2727.296	103.3911	1.360349	1.255622	0.3903493	0.811457	0.188543	0.9325609
16476	-2631.574	-2734.71	103.136	1.292799	1.686442	0.3903493	0.799953	0.200047	0.9325609
16482	-2624.25	-2727.231	102.9808	1.394007	1.420851	0.5139323	0.771347	0.228653	0.9583
16488	-2624.938	-2727.948	103.0103	1.479046	1.420851	0.4876886	0.828701	0.171299	0.8802517
16494	-2623.111	-2726.394	103.2833	1.402922	1.420851	0.3693284	0.714691	0.285309	0.9047843
16500	-2624.094	-2727.56	103.4662	1.402922	1.311849	0.3392727	0.713036	0.286964	0.8656653
16506	-2630.904	-2734.694	103.7903	1.452703	0.7843205	0.4014944	0.779115	0.220885	0.8841982
16512	-2637.168	-2740.552	103.3832	1.68799	1.118599	0.4020027	0.762357	0.237643	0.6067354
16518	-2635.949	-2739.403	103.4541	1.593419	1.351815	0.2874748	0.813642	0.186358	0.742139
16524	-2634.643	-2737.927	103.2837	1.537691	1.351815	0.3679761	0.736585	0.263415	0.8103763
16530	-2630.059	-2733.351	103.2916	1.449008	1.351815	0.3528795	0.703538	0.296462	0.9412688
16536	-2622.571	-2726.171	103.5995	1.31936	1.085987	0.3528795	0.703538	0.296462	0.9942092
16542	-2628.847	-2732.259	103.4121	1.256493	1.137451	0.3043885	0.818668	0.181332	1.272168
16548	-2624.501	-2727.795	103.2941	1.467219	1.482303	0.3043885	0.772835	0.227165	0.9258609
16554	-2621.313	-2725.497	104.1846	1.34729	0.7981318	0.2384622	0.700062	0.299938	0.9532105
16560	-2620.068	-2723.975	103.9068	1.371856	0.6788232	0.3846383	0.772131	0.227869	1.021494
16566	-2620.393	-2724.021	103.6275	1.412177	1.049515	0.317301	0.725731	0.274269	0.9852468
16572	-2623.288	-2727.123	103.8351	1.252931	0.9178803	0.2709614	0.760752	0.239248	1.167261
16578	-2625.893	-2729.288	103.3955	1.263785	1.367925	0.2709614	0.786502	0.213498	1.183265
16584	-2626.307	-2729.465	103.1585	1.311328	1.238801	0.3271289	0.784875	0.215125	1.31974
16590	-2623.57	-2727.037	103.4668	1.353596	1.238801	0.2898314	0.809452	0.190548	1.092888
16596	-2622.865	-2726.905	104.0401	1.394761	0.8296649	0.2330083	0.807812	0.192188	1.028972
16602	-2623.945	-2727.59	103.645	1.314776	1.424487	0.2181537	0.818988	0.181012	0.9939719
16608	-2624.373	-2727.438	103.0644	1.430573	1.424487	0.4763555	0.823859	0.176141	0.8926438
16614	-2621.319	-2724.02	102.7017	1.413273	1.679537	0.4391313	0.823859	0.176141	1.151278
16620	-2624.592	-2727.74	103.1486	1.224251	1.080797	0.4515223	0.7335	0.2665	1.314224
16626	-2626.082	-2729.315	103.2321	1.170945	1.080797	0.3684536	0.857113	0.142887	1.414914
16632	-2630.48	-2733.561	103.0808	1.466334	1.550883	0.4285016	0.787704	0.212296	0.8195588
16638	-2629.239	-2733.041	103.8023	1.282418	0.8613245	0.3410482	0.727411	0.272589	1.08021
16644	-2632.168	-2735.447	103.2784	1.404607	1.133786	0.4988289	0.767908	0.232092	0.9106505
16650	-2622.138	-2725.304	103.1659	1.608274	1.262458	0.495932	0.795973	0.204027	0.6152651
16656	-2627.443	-2730.179	102.7361	1.50422	2.135214	0.3613026	0.829582	0.170418	0.9030856
16662	-2625.28	-2728.042	102.7612	1.324634	2.135214	0.3509463	0.81726	0.18274	1.081022
16668	-2628.088	-2730.791	102.7029	1.343509	2.057967	0.3687972	0.834727	0.165273	1.123345
16674	-2633.344	-2736.245	102.901	1.38265	1.288927	0.4292817	0.834727	0.165273	1.270145
16680	-2636.522	-2739.501	102.9796	1.405087	1.288927	0.4292817	0.788392	0.211608	1.184905
16686	-2625.824	-2729.133	103.3091	1.659539	1.285027	0.3763249	0.786494	0.213506	0.6275938
16692	-2628.596	-2732.094	103.4975	1.691698	1.173771	0.3206491	0.681618	0.318382	0.607875
16698	-2637.042	-2740.554	103.5125	1.565134	1.217452	0.3206491	0.708511	0.291489	0.7488848
16704	-2642.098	-2745.72	103.6219	1.755591	0.9951588	0.2816753	0.749995	0.250005	0.7445809
16710	-2626.217	-2729.771	103.5544	1.589693	1.298231	0.2816753	0.7511	0.2489	0.6752231
16716	-2635.521	-2739.268	103.7464	1.589963	1.015159	0.2959971	0.749126	0.250874	0.7243061
16722	-2633.473	-2736.895	103.4217	1.104221	1.087129	0.3385228	0.734962	0.265038	1.363222
16728	-2632.069	-2735.22	103.1507	1.165392	1.354271	0.3385228	0.715593	0.284407	1.347007
16734	-2639.354	-2742.985	103.6308	1.255397	0.9021085	0.355735	0.751258	0.248742	1.189961
16740	-2624.411	-2727.89	103.4787	1.325475	1.240301	0.3377503	0.80839	0.19161	1.003332
16746	-2622.301	-2725.232	102.9312	1.39614	1.685875	0.3904099	0.823222	0.176778	1.036085
16752	-2626.626	-2729.842	103.2158	1.220159	1.063524	0.4404826	0.846931	0.153069	1.292375
16758	-2621.287	-2724.623	103.3361	1.254908	1.166741	0.3802867	0.795751	0.204249	1.178055
16764	-2625.567	-2728.829	103.2622	1.304863	1.545908	0.269544	0.772126	0.227874	1.149996
16770	-2632.999	-2736.14	103.1406	1.332126	1.545908	0.269544	0.717043	0.282957	1.231301
16776	-2639.976	-2743.49	103.514	1.380198	1.316528	0.2815585	0.728701	0.271299	0.9782092
16782	-2626.323	-2729.476	103.1531	1.258682	1.316528	0.4355471	0.804132	0.195868	1.131064
16788	-2627.004	-2730.396	103.3916	1.417526	1.292317	0.32625	0.810097	0.189903	0.9796991
16794	-2627.128	-2730.712	103.5835	1.609369	1.098725	0.326318	0.85356	0.14644	0.714854
16800	-2633.802	-2737.672	103.8706	1.142264	0.7939444	0.3872595	0.77384	0.22616	1.130058
16806	-2631.358	-2734.669	103.3113	1.205845	1.506612	0.2889495	0.749941	0.250059	1.177248
16812	-2624.084	-2727.486	103.4015	1.567816	1.254843	0.3705687	0.731158	0.268842	0.7009472
16818	-2621.139	-2724.299	103.1603	1.68436	1.254843	0.4582741	0.816094	0.183906	0.6160358
16824	-2623.104	-2726.374	103.2701	1.244369	1.483661	0.322975	0.821447	0.178553	1.125294
16830	-2621.039	-2724.175	103.1365	1.162303	1.483661	0.2663733	0.755244	0.244756	1.41417
16836	-2624.455	-2728.318	103.8624	1.304086	0.8420241	0.2607527	0.749088	0.250912	1.193864
16842	-2628.896	-2732.337	103.4417	1.601328	1.239346	0.3467873	0.768851	0.231149	0.6804907
16848	-2633.08	-2735.935	102.8553	1.497737	1.975804	0.413598	0.742334	0.257666	0.7442211
16854	-2629.297	-2733.006	103.7087	1.450625	1.002859	0.3636332	0.71356	0.28644	0.7848535
16860	-2626.391	-2729.68	103.2893	1.434858	1.420585	0.3078245	0.779265	0.220735	1.004539
16866	-2631.682	-2735.374	103.6919	1.470551	1.215632	0.25664	0.715398	0.284602	0.8430137
16872	-2624.916	-2728.657	103.7404	1.299041	1.091671	0.25664	0.742516	0.257484	1.087599
16878	-2632.534	-2735.595	103.0617	1.374828	1.510176	0.3818732	0.839296	0.160704	1.065264
16884	-2631.848	-2735.122	103.2741	1.366853	1.496154	0.3041584	0.832885	0.167115	1.038678
16890	-2627.271	-2730.61	103.3393	1.305606	1.214502	0.310278	0.852463	0.147537	1.223716
16896	-2624.758	-2728.24	103.482	1.239341	1.214502	0.2937388	0.864793	0.135207	1.191303
16902	-2623.141	-2726.138	102.9963	1.254103	1.678457	0.3846307	0.779359	0.220641	1.122992
16908	-2625.093	-2729.411	104.3181	1.266449	0.5873131	0.2561016	0.571944	0.428056	1.125633
16914	-2633.118	-2737.053	103.935	1.335229	0.7161828	0.3569075	0.571944	0.428056	1.037033
16920	-2625.919	-2730.043	104.1247	1.313254	0.7161828	0.2821134	0.794224	0.205776	1.037033
16926	-2628.778	-2732.784	104.0063	1.430921	0.7161828	0.3071743	0.793761	0.206239	0.9790887
16932	-2623.534	-2727.442	103.9081	1.312101	0.8033937	0.3676206	0.66985	0.33015	0.9578218
16938	-2619.321	-2723.614	104.2929	1.341309	0.7180234	0.222499	0.764999	0.235001	0.9943242
16944	-2622.633	-2726.197	103.564	1.232718	1.085693	0.222499	0.768104	0.231896	1.374719
16950	-2616.794	-2720.098	103.3039	1.296548	1.343502	0.3149225	0.820341	0.179659	1.1607
16956	-2626.299	-2729.651	103.352	1.26612	1.412454	0.3149225	0.744559	0.255441	1.096307
16962	-2629.843	-2733.081	103.2384	1.280006	1.412454	0.2882947	0.744559	0.255441	1.237767
16968	-2624.917	-2728.361	103.4443	1.396474	1.048366	0.3658776	0.836125	0.163875	1.078339
16974	-2620.053	-2723.666	103.6132	1.335837	1.048366	0.3308479	0.770484	0.229516	1.04606
16980	-2620.956	-2724.022	103.0658	1.334981	1.728905	0.2754588	0.849663	0.150337	1.172789
16986	-2621.83	-2724.343	102.5123	1.078066	1.728905	0.3014372	0.829053	0.170947	1.745943
16992	-2623.493	-2726.379	102.8857	1.041579	1.422229	0.3014372	0.78183	0.21817	1.661215
16998	-2621.269	-2724.283	103.014	1.161027	1.422229	0.3014372	0.68171	0.31829	1.479381
17004	-2621.011	-2724.505	103.4937	1.331936	1.16171	0.3761147	0.762696	0.237304	0.969942
17010	-2625.394	-2728.787	103.3933	1.317056	1.254922	0.3761147	0.762696	0.237304	1.004898
17016	-2627.818	-2730.972	103.1542	1.408716	1.383875	0.3761147	0.790663	0.209337	1.046729
17022	-2628.645	-2732.316	103.6716	1.395577	0.9331682	0.3761147	0.811166	0.188834	0.9488342
17028	-2629.57	-2733.202	103.632	1.469162	1.004014	0.4074227	0.717181	0.282819	0.7420393
17034	-2618.277	-2721.672	103.3952	1.762924	1.004014	0.4140173	0.711593	0.288407	0.6062863
17040	-2621.852	-2725.121	103.2689	1.661822	1.115865	0.4813004	0.756266	0.243734	0.6062863
17046	-2623.605	-2727.215	103.6102	1.601415	1.115865	0.3116424	0.759334	0.240666	0.7120323
17052	-2621.729	-2725.935	104.2056	1.479541	0.7308457	0.2411196	0.800052	0.199948	0.8663136
17058	-2622.53	-2726.282	103.7522	1.391685	1.090494	0.247615	0.73485	0.26515	1.011274
17064	-2622.408	-2725.777	103.3686	1.340854	1.288956	0.3287362	0.753482	0.246518	1.074316
17070	-2618.338	-2721.771	103.4335	1.489895	1.130685	0.3287362	0.75011	0.24989	1.000093
17076	-2626.162	-2729.694	103.532	1.522067	1.254025	0.2654987	0.709305	0.290695	0.9051746
17082	-2626.767	-2730.758	103.9908	1.313518	0.9290533	0.2046114	0.73282	0.26718	1.1239
17088	-2625.932	-2729.305	103.3735	1.241048	0.9929997	0.3331502	0.810252	0.189748	1.374634
17094	-2620.835	-2724.138	103.3029	1.302991	1.24788	0.3088554	0.806027	0.193973	1.235333
17100	-2627.079	-2729.916	102.8371	1.198336	1.24788	0.4040152	0.706367	0.293633	1.527267
17106	-2621.758	-2725.16	103.4022	1.16831	1.214987	0.2388353	0.745592	0.254408	1.425202
17112	-2619.463	-2723.122	103.659	1.090714	1.110173	0.2383019	0.676236	0.323764	1.359526
17118	-2629.709	-2733.091	103.3819	1.086894	0.8344434	0.3652366	0.775681	0.224319	1.562707
17124	-2631.367	-2734.638	103.271	1.215694	1.26057	0.2574777	0.775681	0.224319	1.422172
17130	-2636.607	-2740.476	103.8689	1.318101	0.9062547	0.2854075	0.813573	0.186427	1.056444
17136	-2626.471	-2729.938	103.4676	1.244697	1.108681	0.2934325	0.792375	0.207625	1.278912
17142	-2630.693	-2733.994	103.3001	1.26351	1.108681	0.3411565	0.744312	0.255688	1.312555
17148	-2622.162	-2725.725	103.563	1.257787	1.008525	0.3162655	0.828588	0.171412	1.224651
17154	-2630.311	-2733.542	103.2313	1.219339	1.572935	0.3162655	0.786521	0.213479	1.137998
17160	-2628.692	-2731.782	103.0897	1.11939	1.279905	0.3444232	0.782559	0.217441	1.467046
17166	-2624.684	-2727.872	103.188	1.20554	1.200693	0.3444232	0.770115	0.229885	1.376696
17172	-2618.967	-2722.464	103.497	1.268213	1.244162	0.2545885	0.800103	0.199897	1.21472
17178	-2629.526	-2732.589	103.0627	1.339527	1.113242	0.4319454	0.797698	0.202302	1.294525
17184	-2625.456	-2728.875	103.4191	1.150246	1.085107	0.267753	0.774842	0.225158	1.458227
17190	-2633.655	-2737.328	103.6732	1.143454	0.9583043	0.2752743	0.774842	0.225158	1.348563
17196	-2621.477	-2725.072	103.5943	1.317611	0.9583043	0.3519745	0.791651	0.208349	1.121878
17202	-2624.816	-2728.033	103.2175	1.338584	1.515664	0.3519745	0.772909	0.227091	1.004766
17208	-2627.4	-2730.78	103.3803	1.28484	1.515664	0.3234417	0.783126	0.216874	0.9563037
17214	-2626.574	-2729.548	102.9745	1.231667	1.487283	0.4047866	0.806406	0.193594	1.244073
17220	-2630.217	-2733.486	103.2691	1.355351	1.319366	0.3335135	0.85669	0.14331	1.119945
17226	-2629.644	-2733.412	103.7681	1.214447	1.027812	0.3012388	0.743849	0.256151	1.095923
17232	-2623.403	-2726.903	103.4998	1.320453	1.162577	0.3012388	0.644931	0.355069	1.128994
17238	-2629.831	-2733.33	103.4992	1.46427	1.648779	0.1886241	0.791534	0.208466	0.9117974
17244	-2624.074	-2727.84	103.7665	1.500943	1.039686	0.2856085	0.814827	0.185173	0.8229119
17250	-2630.327	-2733.916	103.589	1.473153	0.9998457	0.4240344	0.77489	0.22511	0.7598607
17256	-2634.644	-2738.39	103.7462	1.499006	0.9998457	0.2727374	0.72728	0.27272	0.9311129
17262	-2633.53	-2737.158	103.6284	1.562896	0.9998457	0.3370735	0.778329	0.221671	0.8205957
17268	-2632.232	-2735.683	103.4509	1.560414	1.240994	0.3370735	0.754438	0.245562	0.76373
17274	-2626.528	-2729.806	103.2787	1.567841	1.494235	0.3178194	0.794869	0.205131	0.774014
17280	-2631.192	-2734.448	103.256	1.540361	1.494235	0.3178194	0.795473	0.204527	0.839937
17286	-2625.616	-2728.783	103.1667	1.470684	1.494235	0.3579186	0.755656	0.244344	0.923761
17292	-2627.77	-2730.92	103.1502	1.508624	1.388138	0.3886557	0.794246	0.205754	0.9202596
17298	-2634.944	-2737.558	102.6146	1.320034	1.697825	0.5088676	0.759161	0.240839	1.193332
17304	-2628.567	-2731.311	102.7439	1.244969	1.697825	0.5080856	0.798562	0.201438	1.147142
17310	-2632.422	-2735.341	102.9183	1.281122	1.569835	0.5080856	0.791678	0.208322	1.033826
17316	-2638.994	-2742.067	103.0721	1.31016	1.569835	0.3589652	0.769458	0.230542	1.118623
17322	-2630.689	-2732.809	102.1204	0.8351484	1.485524	0.3702239	0.71636	0.28364	2.185916
17328	-2627.568	-2730.03	102.4627	0.9885998	1.373539	0.3266278	0.739403	0.260597	1.976462
17334	-2631.574	-2734.658	103.0847	1.189573	1.373539	0.3323556	0.804941	0.195059	1.378565
17340	-2622.722	-2726.256	103.5341	1.178345	1.060473	0.2509816	0.676196	0.323804	1.399088
17346	-2622.15	-2725.515	103.3651	1.176585	0.9768268	0.4086022	0.719841	0.280159	1.323749
17352	-2617.347	-2720.04	102.6925	1.121645	1.91769	0.4086022	0.742155	0.257845	1.323749
17358	-2627.213	-2729.772	102.5595	1.257096	2.068473	0.362501	0.774444	0.225556	1.323749
17364	-2633.018	-2735.535	102.5171	1.268062	2.068473	0.3670998	0.741209	0.258791	1.341324
17370	-2624.065	-2727.681	103.6154	1.562986	1.06576	0.3263727	0.695934	0.304066	0.7833834
17376	-2626.643	-2730.207	103.5639	1.648386	1.06576	0.3420265	0.722349	0.277651	0.6749155
17382	-2631.567	-2734.948	103.381	1.487883	1.299469	0.3420265	0.772691	0.227309	0.8709254
17388	-2636.969	-2740.277	103.3084	1.447393	1.299469	0.4130191	0.860202	0.139798	0.8354077
17394	-2628.997	-2732.563	103.5654	1.396905	1.299469	0.2975452	0.82081	0.17919	0.8780397
17400	-2627.893	-2732.069	104.1761	1.447047	0.7576631	0.2975452	0.791232	0.208768	0.7120709
17406	-2619.017	-2723.083	104.0664	1.510141	0.7845953	0.2975452	0.716526	0.283474	0.7346624
17412	-2618.496	-2722.495	103.9986	1.496498	0.8388281	0.2685416	0.70107	0.29893	0.8540578
17418	-2621.834	-2725.884	104.0505	1.515749	0.739217	0.2816465	0.68245	0.31755	0.8724611
17424	-2621.317	-2725.301	103.9841	1.479803	0.8781094	0.2816465	0.789032	0.210968	0.7968636
17430	-2628.176	-2731.496	103.3201	1.525325	1.158364	0.4700907	0.816607	0.183393	0.7365713
17436	-2629.259	-2732.593	103.3345	1.604404	1.158364	0.407456	0.77974	0.22026	0.7664909
17442	-2629.733	-2733.183	103.4495	1.490728	1.158364	0.400432	0.79275	0.20725	0.7835954
17448	-2623.84	-2727.344	103.504	1.529225	1.158364	0.3302013	0.796244	0.203756	0.8495043
17454	-2629.208	-2731.561	102.3532	0.8511993	1.179998	0.315648	0.77143	0.22857	2.259631
17460	-2632.125	-2734.498	102.3731	0.8147376	1.207714	0.3985051	0.761434	0.238566	2.14289
17466	-2631.124	-2733.595	102.4704	0.9056019	1.207714	0.3286124	0.789624	0.210376	2.113964
17472	-2627.307	-2730.4	103.0926	1.015987	1.207714	0.3335227	0.79948	0.20052	1.604346
17478	-2629.625	-2732.47	102.8455	1.012609	1.311822	0.3708	0.7601	0.2399	1.665431
17484	-2634.117	-2736.652	102.5352	1.025584	1.589317	0.3528721	0.747988	0.252012	1.75361
17490	-2635.549	-2738.734	103.1846	0.9689722	0.7895394	0.2758371	0.758495	0.241505	1.959805
17496	-2630.992	-2733.891	102.8983	0.9064165	0.9996125	0.2617436	0.834162	0.165838	2.063087
17502	-2622.16	-2725.794	103.6337	1.188635	0.898765	0.2617436	0.680557	0.319443	1.419892
17508	-2630.485	-2734.605	104.1199	1.215186	0.898765	0.1607048	0.730888	0.269112	1.245136
17514	-2634.27	-2737.819	103.5492	1.343428	1.216195	0.173077	0.737323	0.262677	1.323562
17520	-2630.319	-2734.136	103.8172	1.254219	0.9169595	0.2471542	0.75963	0.24037	1.234496
17526	-2633.444	-2736.75	103.3066	1.239555	1.442566	0.2934145	0.82598	0.17402	1.184201
17532	-2644.117	-2747.213	103.0958	1.131574	1.068033	0.3717575	0.717263	0.282737	1.551563
17538	-2627.898	-2731.488	103.59	1.362761	0.9756585	0.3717575	0.810879	0.189121	1.028965
17544	-2627.06	-2730.568	103.5087	1.305529	1.035581	0.3147047	0.786823	0.213177	1.210682
17550	-2627.63	-2731.318	103.6879	1.237014	1.04291	0.278652	0.776752	0.223248	1.182201
17556	-2634.953	-2738.183	103.2302	1.158367	1.538528	0.2851979	0.768505	0.231495	1.273884
17562	-2637.253	-2740.345	103.0923	1.255856	1.228277	0.3276272	0.74986	0.25014	1.421759
17568	-2635.205	-2738.357	103.1525	1.336578	1.417643	0.2245065	0.74986	0.25014	1.391041
17574	-2633.156	-2736.753	103.5971	1.33734	1.030054	0.2245065	0.819266	0.180734	1.302889
17580	-2630.324	-2733.54	103.2158	1.343252	1.364413	0.3070669	0.745018	0.254982	1.197722
17586	-2621.767	-2725.136	103.3695	1.445025	1.116116	0.4011651	0.77483	0.22517	0.9732586
17592	-2619.233	-2722.961	103.7284	1.455839	1.103344	0.2572004	0.835795	0.164205	0.9316407
17598	-2624.135	-2727.593	103.4574	1.646041	1.394021	0.2725766	0.774283	0.225717	0.6474548
17604	-2627.94	-2732.268	104.3271	1.368047	0.6818376	0.2371716	0.713928	0.286072	0.9380602
17610	-2628.269	-2732.631	104.3619	1.337315	0.6818376	0.252739	0.713928	0.286072	0.8879788
17616	-2628.91	-2733.433	104.5227	1.399935	0.5505267	0.2474111	0.740443	0.259557	0.8625835
17622	-2630.84	-2735.004	104.1644	1.423488	0.6974883	0.2474111	0.601843	0.398157	0.9994982
17628	-2623.774	-2727.926	104.1525	1.385005	0.6572756	0.2474111	0.720656	0.279344	1.098884
17634	-2629.212	-2732.592	103.38	1.968349	1.030829	0.3024844	0.807869	0.192131	0.3784224
17640	-2625.164	-2728.708	103.544	1.88299	1.030829	0.2816146	0.69171	0.30829	0.4460373
17646	-2641.617	-2745.077	103.4599	1.934595	1.030789	0.2977012	0.754959	0.245041	0.4847533
17652	-2648.757	-2751.873	103.1159	1.480616	1.514923	0.3912727	0.617448	0.382552	0.8770749
17658	-2634.186	-2737.52	103.3345	1.56963	1.514923	0.3176112	0.761753	0.238247	0.6524251
17664	-2626.541	-2730.281	103.7405	1.673852	0.9356738	0.3236236	0.761753	0.238247	0.6008382
17670	-2629.409	-2732.87	103.4613	1.771819	1.12941	0.3239852	0.761753	0.238247	0.5696262
17676	-2631.494	-2734.642	103.1487	1.824744	1.12941	0.4596878	0.748986	0.251014	0.4689699
17682	-2640.861	-2744.201	103.3397	1.327734	1.315213	0.2736241	0.843145	0.156855	1.206806
17688	-2629.744	-2733.2	103.4564	1.229624	1.315213	0.2736241	0.813075	0.186925	1.190922
17694	-2637.175	-2740.735	103.56	1.598645	0.9151403	0.4315111	0.730599	0.269401	0.7251282
17700	-2630.443	-2733.984	103.5414	1.496333	1.224852	0.2948762	0.773163	0.226837	0.8703757
17706	-2624.206	-2727.684	103.4781	1.690373	1.224852	0.3106707	0.833588	0.166412	0.6039424
17712	-2635.849	-2739.112	103.263	1.655823	1.361624	0.3629855	0.805569	0.194431	0.6611916
17718	-2628.391	-2731.919	103.5282	1.688996	1.361624	0.235969	0.711913	0.288087	0.6611916
17724	-2624.076	-2728.043	103.9673	1.590343	0.7186194	0.3370032	0.712124	0.287876	0.7525791
17730	-2630.203	-2733.678	103.4745	1.479032	1.155876	0.3370032	0.814033	0.185967	0.926369
17736	-2630.948	-2734.6	103.6513	1.539753	1.01197	0.3391275	0.84766	0.15234	0.7994124
17742	-2622.313	-2726.079	103.7658	1.449259	1.017248	0.3391275	0.785552	0.214448	0.7584945
17748	-2631.623	-2734.831	103.2087	1.543652	1.481047	0.3737685	0.856573	0.143427	0.7522076
17754	-2630.635	-2733.905	103.27	1.433247	1.481047	0.3701106	0.779463	0.220537	0.8290927
17760	-2630.992	-2734.752	103.7592	1.614257	0.9537486	0.2928581	0.828875	0.171125	0.7732517
17766	-2625.565	-2729.357	103.7916	1.500039	0.9537486	0.3503245	0.708333	0.291667	0.7009652
17772	-2627.695	-2730.892	103.197	1.387948	1.757522	0.2991196	0.760622	0.239378	0.9236465
17778	-2627.045	-2730.204	103.1595	1.419919	1.585293	0.3429925	0.781194	0.218806	0.9492989
17784	-2625.766	-2729.488	103.7227	1.397591	1.003888	0.3048902	0.781194	0.218806	0.9774584
17790	-2630.962	-2734.075	103.1138	1.708016	1.434195	0.4039973	0.760329	0.239671	0.5342806
17796	-2640.751	-2743.384	102.6328	1.68604	2.17604	0.4039973	0.885523	0.114477	0.6303141
17802	-2624.197	-2727.612	103.4147	1.347787	0.9441331	0.4350802	0.727248	0.272752	1.123616
17808	-2620.484	-2723.249	102.7648	1.320281	1.82649	0.3724934	0.837466	0.162534	1.204803
17814	-2624.755	-2727.786	103.0309	1.077605	1.206169	0.3205074	0.770609	0.229391	1.626159
17820	-2634.502	-2736.7	102.1981	1.027077	2.071033	0.3024885	0.712277	0.287723	1.852174
17826	-2634.084	-2736.55	102.4662	0.9022337	1.814775	0.3024885	0.712277	0.287723	1.859454
17832	-2636.693	-2740.142	103.4485	1.430442	1.117625	0.3911211	0.819204	0.180796	0.9243126
17838	-2628.043	-2731.572	103.5292	1.529504	1.424004	0.2519579	0.80829	0.19171	0.7731603
17844	-2638.058	-2740.831	102.7731	1.567123	1.92682	0.395201	0.788699	0.211301	0.8484034
17850	-2637.269	-2740.735	103.4667	1.545517	1.219901	0.3188257	0.749287	0.250713	0.839941
17856	-2637.172	-2740.387	103.2148	1.611008	1.55442	0.3188257	0.707183	0.292817	0.7367082
17862	-2626.14	-2729.202	103.0617	1.511119	1.431451	0.4735929	0.771163	0.228837	0.7963999
17868	-2629.533	-2732.875	103.3417	1.501196	1.431451	0.3333878	0.795094	0.204906	0.7963999
17874	-2631.764	-2734.957	103.1931	1.573133	1.431451	0.3333878	0.748133	0.251867	0.890664
17880	-2621.582	-2725.298	103.7163	1.521865	0.9592058	0.3661127	0.761523	0.238477	0.726151
17886	-2627.084	-2730.451	103.3669	1.521854	1.378989	0.3444321	0.800077	0.199923	0.7553125
17892	-2623.826	-2727.205	103.3792	1.524174	1.378989	0.3444321	0.800077	0.199923	0.7330277
17898	-2626.437	-2730.03	103.5931	1.608323	1.316267	0.2548857	0.791146	0.208854	0.6653279
17904	-2623.083	-2726.181	103.0974	1.861161	1.698903	0.2568524	0.847269	0.152731	0.5322355
17910	-2623.154	-2726.967	103.8129	1.630826	0.9224895	0.3020604	0.82829	0.17171	0.6779811
17916	-2622.932	-2726.398	103.466	1.635379	1.322033	0.3020604	0.799922	0.200078	0.6202126
17922	-2624.313	-2728.182	103.8694	1.589024	0.9629204	0.2759159	0.776838	0.223162	0.6880672
17928	-2620.922	-2724.687	103.7648	1.735709	0.974452	0.2759159	0.763928	0.236072	0.5399667
17934	-2630.702	-2734.648	103.9462	1.742115	0.8003966	0.2759159	0.740816	0.259184	0.5557736
17940	-2635.948	-2740.176	104.2278	1.552027	0.6501228	0.2944391	0.694862	0.305138	0.6949432
17946	-2630.535	-2734.566	104.0318	1.701135	0.7649685	0.2761427	0.784524	0.215476	0.5410774
17952	-2628.756	-2731.818	103.0625	1.594942	1.554343	0.4244319	0.76682	0.23318	0.65442
17958	-2626.355	-2729.938	103.5835	1.623794	1.083655	0.315639	0.76446	0.23554	0.7518477
17964	-2624.507	-2727.693	103.1859	1.399037	1.4872	0.370979	0.76446	0.23554	0.9566403
17970	-2639.605	-2742.503	102.8979	1.367511	1.745357	0.4209349	0.766581	0.233419	1.00098
17976	-2635.652	-2738.753	103.101	1.324837	1.745357	0.3449378	0.815746	0.184254	0.99164
17982	-2631.93	-2734.884	102.954	1.355314	1.949274	0.3939292	0.726902	0.273098	0.8720916
17988	-2622.985	-2726.248	103.2627	1.49724	1.555282	0.3121529	0.768896	0.231104	0.8460445
17994	-2626.473	-2729.616	103.1426	1.663812	1.555282	0.3154746	0.776145	0.223855	0.7755967
18000	-2623.902	-2726.62	102.7183	1.268011	1.98693	0.338198	0.843911	0.156089	1.26577
18006	-2622.437	-2725.68	103.2433	1.203918	1.247915	0.195602	0.777376	0.222624	1.5887
18012	-2626.743	-2730.076	103.3332	1.085147	1.247915	0.2322262	0.805895	0.194105	1.532481
18018	-2629.768	-2733.284	103.5155	1.092774	1.221464	0.2728721	0.805895	0.194105	1.322111
18024	-2631.08	-2734.032	102.9527	1.141061	1.221464	0.3753799	0.72636	0.27364	1.542375
18030	-2626.732	-2730.121	103.3887	1.261153	1.221464	0.3753799	0.687233	0.312767	1.091459
18036	-2626.006	-2729.464	103.4578	1.368615	1.096896	0.3935788	0.781819	0.218181	0.9942846
18042	-2631.17	-2734.827	103.6564	1.392938	1.121071	0.280541	0.906456	0.0935438	0.9942361
18048	-2624.694	-2728.112	103.4179	1.394395	1.407589	0.3502897	0.808205	0.191795	0.8131138
18054	-2629.34	-2732.603	103.2628	1.467869	1.494435	0.3502897	0.826343	0.173657	0.8337287
18060	-2631.838	-2735.077	103.2389	1.421001	1.71982	0.3304106	0.758285	0.241715	0.7761549
18066	-2634.665	-2737.811	103.1459	1.518851	1.712487	0.3304106	0.827475	0.172525	0.7761549
18072	-2627.186	-2730.606	103.4199	1.501541	1.247613	0.3630105	0.737828	0.262172	0.8046717
18078	-2629.723	-2733.576	103.8536	1.516043	0.9952959	0.2835969	0.730817	0.269183	0.7493058
18084	-2621.071	-2724.905	103.8338	1.516043	1.051725	0.2732497	0.738091	0.261909	0.7333461
18090	-2622.4	-2725.927	103.527	1.519798	1.051725	0.3963667	0.759425	0.240575	0.7838211
18096	-2624.601	-2727.93	103.3286	1.29643	1.051725	0.3963667	0.763154	0.236846	1.213131
18102	-2632.592	-2736.094	103.5021	1.300318	1.350919	0.2441994	0.783067	0.216933	1.129534
18108	-2630.379	-2734.114	103.7354	1.358649	0.8487442	0.2952225	0.767607	0.232393	1.176971
18114	-2622.203	-2725.569	103.3658	1.133073	0.8487442	0.3662235	0.767607	0.232393	1.526933
18120	-2621.953	-2725.676	103.7223	1.169372	0.8487442	0.2326988	0.727904	0.272096	1.467676
18126	-2622.479	-2726.583	104.1042	1.052613	0.5979288	0.2326988	0.768875	0.231125	1.509444
18132	-2636.793	-2739.091	102.2981	1.091652	1.407284	0.3807657	0.844677	0.155323	1.92391
18138	-2630.413	-2733.446	103.0332	1.115983	1.4183	0.2928174	0.786047	0.213953	1.516184
18144	-2626.691	-2729.823	103.1315	1.060397	1.4183	0.3008579	0.794022	0.205978	1.469924
18150	-2629.069	-2731.871	102.8022	1.347147	1.387467	0.3988416	0.755815	0.244185	1.361003
18156	-2626.29	-2729.311	103.0207	1.170261	1.222332	0.3851667	0.755815	0.244185	1.454225
18162	-2634.568	-2738.606	104.0385	1.02874	0.670141	0.2480497	0.69821	0.30179	1.469924
18168	-2635.785	-2738.939	103.1538	1.043258	1.09866	0.3375121	0.69821	0.30179	1.604977
18174	-2631.761	-2734.839	103.0788	1.224814	1.275151	0.4198377	0.712185	0.287815	1.277526
18180	-2633.26	-2736.249	102.9886	1.269119	1.112943	0.493337	0.712185	0.287815	1.324914
18186	-2629.359	-2732.289	102.9297	1.104359	1.145886	0.369538	0.752508	0.247492	1.642994
18192	-2633.884	-2737.002	103.1174	1.05039	1.01704	0.369538	0.769329	0.230671	1.634292
18198	-2627.446	-2730.18	102.7339	1.148011	1.511412	0.2838068	0.730932	0.269068	1.675802
18204	-2626.733	-2729.938	103.2048	1.285818	1.607326	0.292644	0.745281	0.254719	1.129486
18210	-2628.825	-2731.944	103.119	1.260539	1.334169	0.3338026	0.81165	0.18835	1.317258
18216	-2631.353	-2734.544	103.191	1.261319	1.334169	0.3338026	0.790628	0.209372	1.257756
18222	-2626.727	-2729.938	103.2108	1.179886	1.334169	0.3467806	0.742638	0.257362	1.285555
18228	-2621.474	-2724.695	103.2202	1.223276	1.334169	0.2939481	0.742638	0.257362	1.338356
18234	-2621.023	-2724.961	103.9376	1.255612	0.8489792	0.1941366	0.750342	0.249658	1.318826
18240	-2622.263	-2725.778	103.515	1.258757	1.293735	0.2626388	0.834739	0.165261	1.153671
18246	-2620.588	-2724.11	103.5218	1.398191	1.125044	0.2626388	0.714317	0.285683	1.153671
18252	-2628.784	-2731.783	102.9992	1.56146	2.041837	0.2626388	0.773549	0.226451	0.8538919
18258	-2624.383	-2728.051	103.6675	1.48359	1.213707	0.27437	0.88365	0.11635	0.8027518
18264	-2629.917	-2732.897	102.9794	1.399822	1.480295	0.4395249	0.806051	0.193949	1.036668
18270	-2635.372	-2738.634	103.2619	1.307246	1.480295	0.2862592	0.827229	0.172771	1.154323
18276	-2637.28	-2740.624	103.3436	1.334535	1.480295	0.351906	0.732031	0.267969	0.9039885
18282	-2628.719	-2732.16	103.4411	1.132888	1.035575	0.351906	0.831841	0.168159	1.341619
18288	-2628.093	-2730.964	102.8711	1.055834	1.035575	0.4755245	0.754262	0.245738	1.652499
18294	-2627.2	-2730.018	102.8174	1.327066	1.65549	0.4709584	0.748559	0.251441	1.08855
18300	-2641.527	-2744.5	102.9733	1.424951	1.271588	0.5210279	0.80383	0.19617	1.042644
18306	-2644.06	-2747.163	103.1036	1.368534	1.271588	0.4919889	0.737156	0.262844	1.017068
18312	-2642.187	-2745.085	102.8986	1.245316	1.927291	0.2709407	0.758724	0.241276	1.293219
18318	-2645.296	-2748.085	102.7888	1.15456	2.129274	0.3395937	0.758724	0.241276	1.230981
18324	-2622.904	-2726.342	103.4381	1.282492	0.8898863	0.4198176	0.715028	0.284972	1.234702
18330	-2627.647	-2730.761	103.1143	1.19507	1.603151	0.3164579	0.822686	0.177314	1.241186
18336	-2628.016	-2731.85	103.8343	1.336978	0.980773	0.2465447	0.764271	0.235729	1.089868
18342	-2632.166	-2735.521	103.3545	1.209303	1.411288	0.2090859	0.69895	0.30105	1.37075
18348	-2630.093	-2732.854	102.7607	1.296898	1.642974	0.3637461	0.750168	0.249832	1.341326
18354	-2624.239	-2726.829	102.59	1.172208	1.642974	0.3351593	0.844596	0.155404	1.610656
18360	-2628.665	-2731.543	102.8777	1.093665	1.642974	0.3351593	0.817116	0.182884	1.455439
18366	-2622.321	-2725.109	102.7878	0.994664	1.642974	0.292349	0.788771	0.211229	1.665886
18372	-2626.529	-2729.823	103.2942	1.198717	1.078596	0.3068285	0.634422	0.365578	1.449764
18378	-2629.442	-2732.795	103.3525	1.281428	1.078596	0.2569101	0.805401	0.194599	1.434587
18384	-2634.493	-2738.155	103.6616	1.153972	0.889729	0.3665771	0.791003	0.208997	1.242309
18390	-2624.014	-2727.397	103.3821	1.532249	1.26219	0.3427749	0.782485	0.217515	0.8515775
18396	-2628.327	-2731.746	103.4186	1.492938	1.26219	0.3279709	0.790385	0.209615	0.8924929
18402	-2629.755	-2732.863	103.1078	1.80568	1.586265	0.3066915	0.72701	0.27299	0.5405842
18408	-2619.689	-2723.112	103.4226	1.790564	1.20209	0.3066915	0.72701	0.27299	0.5405842
18414	-2633.399	-2736.649	103.2495	1.636336	1.20209	0.4121357	0.713628	0.286372	0.7744325
18420	-2632.865	-2736.422	103.5571	1.611255	1.104896	0.3171945	0.80556	0.19444	0.7744325
18426	-2629.257	-2732.895	103.6382	1.588486	1.104896	0.2991354	0.80556	0.19444	0.7497702
18432	-2632.033	-2735.807	103.7738	1.444562	1.167565	0.2744907	0.82408	0.17592	0.7652101
18438	-2634.388	-2738.05	103.6621	1.610284	1.167565	0.2744907	0.805018	0.194982	0.6769391
18444	-2631.639	-2734.96	103.3208	1.499142	1.520568	0.2950921	0.725942	0.274058	0.8514316
18450	-2626.867	-2730.881	104.0135	1.499142	0.8862283	0.2605877	0.744695	0.255305	0.7897026
18456	-2634.41	-2738.099	103.6888	1.549914	1.27055	0.2605877	0.80123	0.19877	0.6343574
18462	-2624.747	-2728.335	103.5887	1.6901	1.223172	0.2605877	0.832742	0.167258	0.6343574
18468	-2627.669	-2730.788	103.1192	1.620017	1.584631	0.3575339	0.812918	0.187082	0.7069946
18474	-2629.61	-2732.974	103.364	1.580843	1.430056	0.3147823	0.71278	0.28722	0.7069946
18480	-2628.309	-2731.949	103.6401	1.36225	1.064957	0.2482853	0.725284	0.274716	1.163192
18486	-2629.932	-2733.546	103.6145	1.338283	0.9259279	0.3406244	0.777073	0.222927	1.137216
18492	-2632.117	-2735.86	103.7428	1.488698	0.9259279	0.3406244	0.61821	0.38179	0.8556491
18498	-2629.824	-2733.31	103.4868	1.359226	1.200612	0.3406244	0.737159	0.262841	0.9893064
18504	-2629.643	-2733.173	103.5301	1.393789	1.208934	0.3122638	0.810838	0.189162	0.9662857
18510	-2629.968	-2733.107	103.1393	1.366247	1.716301	0.3392512	0.764528	0.235472	0.9413568
18516	-2620.626	-2723.916	103.2894	1.294216	1.392464	0.3392512	0.771594	0.228406	1.092908
18522	-2626.55	-2729.709	103.1588	1.377735	1.392464	0.3164124	0.78443	0.21557	1.179905
18528	-2628.206	-2731.313	103.1062	1.351612	1.91945	0.3125125	0.790889	0.209111	0.9178937
18534	-2634.982	-2737.877	102.8949	1.688715	2.603294	0.2058772	0.824462	0.175538	0.5767442
18540	-2629.51	-2731.988	102.4777	1.809056	2.603294	0.3269212	0.818651	0.181349	0.5236163
18546	-2627.821	-2730.427	102.6056	1.807136	2.340708	0.3294185	0.818651	0.181349	0.5004097
18552	-2627.816	-2730.757	102.9407	1.886836	1.460374	0.391789	0.812535	0.187465	0.4854245
18558	-2635.694	-2738.962	103.268	1.866654	1.24261	0.3273416	0.736394	0.263606	0.4854245
18564	-2632.041	-2735.897	103.8559	1.563432	0.833326	0.3078411	0.821045	0.178955	0.8395484
18570	-2634.849	-2738.142	103.293	1.532881	1.276173	0.3849457	0.786154	0.213846	0.8395484
18576	-2631.743	-2735.178	103.4351	1.376067	1.170194	0.2837309	0.742716	0.257284	1.167722
18582	-2640.91	-2744.421	103.5113	1.252492	1.019866	0.3618926	0.721335	0.278665	1.179769
18588	-2638.649	-2742.005	103.3562	1.185212	0.903301	0.2958507	0.724694	0.275306	1.564861
18594	-2630.096	-2734.143	104.0461	1.538568	0.7622656	0.2559791	0.716738	0.283262	0.8922939
18600	-2634.025	-2738.726	104.7006	1.507268	0.5143558	0.1787041	0.677862	0.322138	0.8264111
18606	-2637.126	-2741.701	104.5749	1.548576	0.5973916	0.1787041	0.752831	0.247169	0.7685441
18612	-2638.045	-2742.542	104.4972	1.485718	0.6985196	0.1919496	0.665705	0.334295	0.7061327
18618	-2639.5	-2743.923	104.4232	1.487532	0.6985196	0.1919496	0.716466	0.283534	0.8122176
18624	-2641.731	-2745.467	103.7362	1.530039	1.161037	0.2162784	0.728306	0.271694	0.9055076
18630	-2645.252	-2748.428	103.176	1.116764	1.185866	0.3494216	0.742998	0.257002	1.456406
18636	-2641.255	-2743.951	102.6959	1.032363	1.325	0.3494216	0.77812	0.22188	1.780505
18642	-2630.392	-2733.814	103.4214	2.093843	1.074088	0.2183095	0.724767	0.275233	0.3683552
18648	-2627.992	-2731.552	103.5609	1.903098	1.074088	0.2483186	0.778351	0.221649	0.4273914
18654	-2628.163	-2731.679	103.516	1.757347	1.298839	0.2483186	0.840923	0.159077	0.548668
18660	-2635.252	-2738.698	103.4453	1.062275	0.8842886	0.3268775	0.669434	0.330566	1.55299
18666	-2640.467	-2743.404	102.9368	1.045237	1.216626	0.3268775	0.817766	0.182234	1.700012
18672	-2624.878	-2728.023	103.1452	1.019351	0.9104752	0.2899917	0.817766	0.182234	1.836346
18678	-2624.212	-2727.487	103.2748	1.056638	1.065291	0.2899917	0.751006	0.248994	1.608439
18684	-2630.217	-2733.86	103.6424	1.236106	0.8328444	0.2684429	0.813355	0.186645	1.420208
18690	-2625.898	-2728.689	102.7914	1.264193	1.481402	0.3717943	0.831902	0.168098	1.420208
18696	-2623.379	-2726.526	103.1474	1.14899	1.100232	0.2813716	0.663774	0.336226	1.624993
18702	-2623.487	-2726.433	102.9458	1.175798	1.08662	0.3680769	0.76258	0.23742	1.621368
18708	-2633.036	-2736.214	103.1775	0.9532908	0.8420983	0.3102671	0.818791	0.181209	1.878802
18714	-2630.839	-2733.539	102.7004	1.047955	1.696994	0.3136246	0.709535	0.290465	1.6288
18720	-2633.788	-2737.063	103.2744	1.175552	1.569548	0.3136246	0.718449	0.281551	1.14604
18726	-2623.31	-2726.385	103.0755	1.374468	1.569548	0.3136246	0.784907	0.215093	1.14604
18732	-2627.023	-2730.698	103.6741	1.361999	0.9020991	0.417218	0.784907	0.215093	0.9322264
18738	-2627.083	-2730.719	103.6365	1.310138	0.9020991	0.417218	0.703346	0.296654	1.023887
18744	-2629.813	-2733.045	103.2321	1.283673	0.8608948	0.417218	0.702635	0.297365	1.428408
18750	-2631.764	-2735.003	103.2387	1.172315	0.9655179	0.4041848	0.630654	0.369346	1.441767
18756	-2629.403	-2733.165	103.7616	1.172315	0.9655179	0.2759816	0.762737	0.237263	1.245697
18762	-2631.378	-2735.082	103.7048	1.325975	1.100993	0.3004199	0.863218	0.136782	0.983987
18768	-2623.996	-2728.159	104.1622	1.336361	0.8093772	0.2731048	0.802641	0.197359	0.876792
18774	-2624.988	-2728.519	103.5315	1.619562	1.310681	0.2907122	0.744002	0.255998	0.5784909
18780	-2625.942	-2728.924	102.9816	1.873847	1.310681	0.4344495	0.685273	0.314727	0.436064
18786	-2624.531	-2727.611	103.0799	1.750986	1.310681	0.4514669	0.8507	0.1493	0.5392927
18792	-2625.746	-2728.953	103.2072	1.855322	1.310681	0.334342	0.814022	0.185978	0.5174786
18798	-2620.122	-2723.458	103.3359	1.801518	1.310681	0.2998333	0.701013	0.298987	0.5418595
18804	-2615.939	-2719.747	103.8074	1.885757	0.7527115	0.2998333	0.724741	0.275259	0.4745169
18810	-2623.866	-2727.074	103.2074	1.844775	1.422935	0.2998333	0.86939	0.13061	0.4969477
18816	-2625.577	-2728.757	103.1794	1.908573	1.35749	0.2998333	0.775926	0.224074	0.4178796
18822	-2630.861	-2734.33	103.4693	1.334981	1.395446	0.3003327	0.78536	0.21464	0.9602757
18828	-2629.207	-2733.231	104.024	1.197518	0.9750184	0.2234826	0.809734	0.190266	1.106612
18834	-2635.068	-2738.775	103.7068	1.248202	1.033766	0.2114243	0.714275	0.285725	1.313424
18840	-2639.558	-2743.156	103.5976	1.207335	1.051042	0.2114243	0.714275	0.285725	1.418551
18846	-2635.82	-2739.56	103.7403	1.132592	1.051042	0.2114243	0.777683	0.222317	1.365559
18852	-2639.033	-2742.792	103.7594	1.285605	0.8686949	0.3284588	0.734514	0.265486	1.133898
18858	-2632.544	-2736.617	104.0726	1.508764	0.8318401	0.2320075	0.691571	0.308429	0.8744858
18864	-2638.264	-2742.46	104.1964	1.46287	0.7371139	0.2470322	0.760065	0.239935	0.8689668
18870	-2634.24	-2737.377	103.137	1.990143	1.143515	0.3563211	0.819028	0.180972	0.3829035
18876	-2627.827	-2730.537	102.7109	1.895339	1.976481	0.326266	0.840486	0.159514	0.4183623
18882	-2617.291	-2720.538	103.2474	1.9799	1.129916	0.326266	0.843036	0.156964	0.4353041
18888	-2620.048	-2722.825	102.7776	1.9799	1.440091	0.4175228	0.768031	0.231969	0.3767307
18894	-2634.707	-2737.571	102.8641	1.776317	1.610509	0.4185714	0.803221	0.196779	0.6280509
18900	-2635.416	-2738.826	103.4104	1.923298	1.05523	0.3049511	0.625344	0.374656	0.4048461
18906	-2636.442	-2739.344	102.9017	1.895575	1.713181	0.3112806	0.75078	0.24922	0.4018485
18912	-2627.386	-2730.354	102.9677	1.97862	1.191636	0.4174174	0.742476	0.257524	0.3579952
18918	-2630.117	-2733.342	103.2254	1.960729	1.142584	0.3283794	0.702817	0.297183	0.3802522
18924	-2631.169	-2734.867	103.6987	1.356613	0.9974231	0.3015926	0.753177	0.246823	1.055348
18930	-2631.907	-2735.321	103.4142	1.250036	0.9974231	0.3713256	0.817079	0.182921	1.266546
18936	-2630.702	-2734.01	103.3074	1.144115	1.164215	0.3108544	0.766117	0.233883	1.414145
18942	-2627.439	-2730.715	103.2757	1.074677	1.480854	0.2865261	0.741049	0.258951	1.336398
18948	-2628.848	-2731.252	102.4036	1.065075	1.762948	0.3585226	0.879799	0.120201	1.72788
18954	-2630.53	-2733.336	102.8064	1.107868	1.979507	0.2767487	0.844467	0.155533	1.438526
18960	-2622.561	-2725.923	103.3619	1.214461	1.132805	0.2767487	0.783644	0.216356	1.401793
18966	-2627.087	-2730.414	103.3276	1.260755	1.530033	0.2767487	0.774005	0.225995	1.125256
18972	-2623.776	-2726.939	103.1633	1.318023	1.591505	0.3372115	0.768246	0.231754	1.055282
18978	-2635.417	-2738.603	103.1862	1.195256	1.629045	0.2626034	0.837589	0.162411	1.273192
18984	-2634.635	-2738.087	103.4525	1.446205	1.19952	0.3306288	0.85467	0.14533	0.9584834
18990	-2630.992	-2734.085	103.0928	1.490196	1.474401	0.4535662	0.820903	0.179097	0.7859853
18996	-2622.808	-2726.016	103.2073	1.516321	1.337112	0.4361146	0.803143	0.196857	0.7815378
19002	-2618.483	-2721.45	102.9669	1.530262	1.788833	0.3503922	0.794719	0.205281	0.8716446
19008	-2620.402	-2723.889	103.4869	1.554455	1.365168	0.250848	0.79028	0.20972	0.8584752
19014	-2622.595	-2726.123	103.5276	1.604876	1.009541	0.3448456	0.761413	0.238587	0.8607536
19020	-2625.993	-2729.244	103.2509	1.334017	1.5013	0.2974775	0.733724	0.266276	1.102324
19026	-2625.369	-2728.812	103.4434	1.35868	1.132889	0.2889879	0.772872	0.227128	1.193778
19032	-2622.186	-2725.614	103.428	1.382144	1.210208	0.3556838	0.759143	0.240857	0.9849975
19038	-2631.501	-2735.324	103.8232	1.369876	0.7538363	0.3463539	0.656801	0.343199	1.086185
19044	-2629.048	-2732.138	103.0906	1.201525	1.613267	0.3463539	0.838638	0.161362	1.194503
19050	-2617.994	-2720.858	102.8641	1.241704	1.613267	0.315553	0.796825	0.203175	1.401073
19056	-2625.942	-2729.229	103.2871	1.394528	1.613267	0.2146401	0.828117	0.171883	1.136215
19062	-2633.155	-2737.005	103.8497	1.242349	1.023702	0.2427869	0.795902	0.204098	1.131964
19068	-2626.541	-2729.918	103.3762	1.152656	1.146024	0.2675468	0.743066	0.256934	1.446721
19074	-2622.162	-2725.512	103.3502	1.263776	1.146024	0.3455311	0.713454	0.286546	1.235386
19080	-2620.297	-2723.313	103.0155	1.279899	1.580516	0.3208372	0.756776	0.243224	1.257919
19086	-2620.23	-2723.654	103.4242	1.332622	1.160414	0.3208372	0.795675	0.204325	1.147447
19092	-2627.351	-2730.834	103.4836	1.441605	1.160414	0.3208372	0.745384	0.254616	0.9889282
19098	-2627.82	-2731.293	103.4735	1.514675	1.160414	0.2800662	0.711076	0.288924	1.020794
19104	-2629.524	-2732.332	102.808	1.436281	1.971281	0.3504569	0.817554	0.182446	1.020794
19110	-2623.757	-2727.121	103.3641	1.319643	1.308779	0.3449873	0.792385	0.207615	1.050064
19116	-2629.932	-2733.553	103.6206	1.283433	1.070811	0.3171328	0.721671	0.278329	1.096557
19122	-2625.415	-2729.229	103.8141	1.641609	0.8060932	0.362298	0.765768	0.234232	0.6503383
19128	-2624.697	-2728.483	103.7865	1.530077	0.8060932	0.3827033	0.759109	0.240891	0.8074486
19134	-2628.675	-2732.209	103.5333	1.488514	1.335365	0.2843822	0.760744	0.239256	0.8074486
19140	-2618.596	-2722.701	104.1045	1.552317	0.8098515	0.2623313	0.77519	0.22481	0.6939623
19146	-2628.856	-2732.687	103.8312	1.577077	1.147163	0.2200728	0.815523	0.184477	0.7221927
19152	-2619.692	-2723.271	103.5788	1.691129	1.147163	0.2953469	0.824292	0.175708	0.6105784
19158	-2625.076	-2728.507	103.4311	1.703979	1.308836	0.2953469	0.824292	0.175708	0.5999355
19164	-2633.419	-2736.346	102.9269	1.53418	1.308836	0.5822143	0.841225	0.158775	0.8413841
19170	-2625.2	-2728.469	103.2684	1.579745	1.359821	0.39104	0.821142	0.178858	0.6915293
19176	-2625.85	-2729.458	103.6082	1.692199	1.309907	0.2251003	0.741789	0.258211	0.6351751
19182	-2625.337	-2728.891	103.5544	1.609969	1.362961	0.2670965	0.830848	0.169152	0.5870892
19188	-2619.769	-2723.727	103.9582	1.599946	0.7175175	0.3771181	0.74476	0.25524	0.5870892
19194	-2623.473	-2726.931	103.458	1.728239	1.169852	0.3289767	0.86616	0.13384	0.5675227
19200	-2617.848	-2720.946	103.0979	1.654087	1.546666	0.3919194	0.820326	0.179674	0.5832341
19206	-2624.043	-2727.543	103.5	1.683841	1.022238	0.3919194	0.81772	0.18228	0.6021382
19212	-2634.333	-2737.536	103.203	1.364633	1.434004	0.3691394	0.849576	0.150424	1.018376
19218	-2623.908	-2726.666	102.7586	1.332989	1.499342	0.5715361	0.686835	0.313165	1.089808
19224	-2625.695	-2728.938	103.2433	1.292641	1.111478	0.4639957	0.713069	0.286931	1.133438
19230	-2625.737	-2728.719	102.9816	1.358437	1.29895	0.5689029	0.753314	0.246686	1.004585
19236	-2625.823	-2728.901	103.0779	1.571573	1.112345	0.5512632	0.810897	0.189103	0.875851
19242	-2635.854	-2738.9	103.0462	1.860981	1.430092	0.3627397	0.821456	0.178544	0.5311744
19248	-2633.789	-2736.473	102.6843	1.904958	2.038735	0.3231732	0.901637	0.0983627	0.4661648
19254	-2624.331	-2727.481	103.1495	1.450794	1.713526	0.3186753	0.809045	0.190955	0.8887691
19260	-2622.435	-2726.239	103.8042	1.461768	1.133232	0.2306134	0.816557	0.183443	0.8887691
19266	-2628.329	-2731.892	103.5629	1.188243	0.9613088	0.241243	0.768174	0.231826	1.464737
19272	-2624.611	-2728.225	103.6147	1.231953	0.92204	0.3154969	0.76782	0.23218	1.278539
19278	-2630.336	-2733.572	103.2353	1.25533	1.381898	0.3290865	0.770861	0.229139	1.202278
19284	-2629.771	-2732.912	103.141	1.370703	1.314926	0.4230344	0.729148	0.270852	1.061574
19290	-2642.096	-2745.202	103.106	1.380411	1.381898	0.4619212	0.784618	0.215382	0.9646533
19296	-2631.46	-2734.879	103.4196	1.39053	1.329366	0.3515515	0.791674	0.208326	0.8873668
19302	-2630.227	-2733.974	103.7474	1.303932	0.9163228	0.2695005	0.779775	0.220225	1.203575
19308	-2632.955	-2736.811	103.8557	1.357468	0.9163228	0.2695005	0.779989	0.220011	1.058313
19314	-2632.115	-2735.321	103.2053	1.483898	1.658725	0.3380644	0.753001	0.246999	0.7690582
19320	-2630.703	-2733.744	103.0406	1.38847	1.783071	0.3380644	0.793909	0.206091	0.9785265
19326	-2625.336	-2728.717	103.3806	1.45464	1.22775	0.3380644	0.745696	0.254304	0.9820837
19332	-2614.807	-2718.53	103.7227	1.446639	1.22775	0.2415902	0.817347	0.182653	0.8695974
19338	-2625.402	-2728.825	103.4224	1.388268	1.192546	0.3224602	0.825447	0.174553	1.06921
19344	-2628.581	-2732.327	103.7462	1.347453	0.9849287	0.3224602	0.713354	0.286646	0.9834528
19350	-2626.81	-2730.585	103.7752	1.618411	0.7507492	0.4238099	0.79707	0.20293	0.6683397
19356	-2629.895	-2733.907	104.011	1.772911	0.701063	0.2894077	0.804844	0.195156	0.4846055
19362	-2636.143	-2740.088	103.9447	1.722827	0.8220204	0.2720673	0.753865	0.246135	0.5772345
19368	-2636.524	-2740.536	104.0122	1.754637	0.8220204	0.2374483	0.698306	0.301694	0.4774636
19374	-2625.509	-2729.494	103.9856	1.780067	0.8220204	0.237895	0.686769	0.313231	0.4774636
19380	-2624.921	-2728.716	103.7951	1.86578	0.8220204	0.2744019	0.754436	0.245564	0.4272415
19386	-2619.666	-2723.341	103.6747	1.872047	0.8505602	0.308726	0.745709	0.254291	0.4272415
19392	-2626.809	-2729.967	103.1582	1.859479	1.428043	0.3027938	0.775044	0.224956	0.3988229
19398	-2625.55	-2729.157	103.6066	1.871553	0.9273026	0.3027938	0.749988	0.250012	0.4318294
19404	-2624.575	-2728.238	103.6626	1.871553	0.8696202	0.3027938	0.779478	0.220522	0.4140062
19410	-2631.395	-2734.965	103.57	1.363193	0.9656725	0.3362792	0.786921	0.213079	1.126026
19416	-2631.62	-2734.964	103.3432	1.266692	1.357091	0.3362792	0.786921	0.213079	1.100161
19422	-2623.759	-2727.39	103.6303	1.257564	1.055391	0.2874956	0.775285	0.224715	1.185339
19428	-2621.936	-2725.6	103.6634	1.36326	0.8603889	0.3938196	0.727254	0.272746	1.034058
19434	-2619.585	-2722.659	103.0745	1.161334	1.414444	0.3513559	0.710888	0.289112	1.35168
19440	-2625.286	-2728.592	103.3066	1.219062	1.073959	0.3513559	0.861861	0.138139	1.35168
19446	-2623.759	-2726.788	103.0291	1.090989	1.310193	0.3584412	0.861861	0.138139	1.493165
19452	-2626.781	-2730.051	103.2705	1.130243	1.403534	0.2731066	0.817366	0.182634	1.368828
19458	-2629.058	-2732.372	103.3147	1.225835	1.162868	0.2731066	0.680439	0.319561	1.415498
19464	-2631.857	-2735.133	103.2766	1.436071	1.728612	0.2767466	0.829431	0.170569	0.860672
19470	-2617.773	-2721.652	103.8785	1.366549	1.086412	0.2641527	0.720049	0.279951	0.860672
19476	-2620.74	-2724.116	103.3765	1.330731	1.086412	0.3935684	0.75028	0.24972	1.116975
19482	-2629.409	-2732.547	103.1375	1.357331	1.524587	0.3713359	0.738858	0.261142	1.019486
19488	-2620.819	-2724.068	103.2497	1.315258	1.215374	0.3939262	0.737476	0.262524	1.139797
19494	-2619.9	-2723.222	103.3222	1.253566	1.215374	0.4098094	0.743292	0.256708	1.102536
19500	-2625.831	-2728.434	102.6026	1.321969	2.31997	0.4098094	0.867199	0.132801	1.027986
19506	-2628.268	-2732.086	103.8173	1.40722	1.026948	0.2295136	0.792655	0.207345	1.039468
19512	-2632.764	-2736.336	103.5725	1.711408	1.15087	0.2924537	0.832317	0.167683	0.5776023
19518	-2648.111	-2750.439	102.3278	1.755379	1.917343	0.6549921	0.88969	0.11031	0.5776023
19524	-2630.614	-2733.846	103.2323	1.394882	1.438804	0.2876838	0.810789	0.189211	1.12727
19530	-2622.63	-2725.874	103.2437	1.399914	1.710477	0.2876838	0.856741	0.143259	0.9227699
19536	-2621.136	-2724.499	103.3627	1.275441	1.216775	0.4029517	0.80079	0.19921	1.055436
19542	-2631.687	-2734.205	102.518	1.475641	2.589457	0.336727	0.876543	0.123457	0.9721751
19548	-2637.021	-2739.453	102.4323	1.471595	2.589457	0.336727	0.842439	0.157561	1.060585
19554	-2627.081	-2730.378	103.2966	1.151696	1.011794	0.4523432	0.741703	0.258297	1.305987
19560	-2619.017	-2722.613	103.5961	1.138083	0.9329376	0.373715	0.75022	0.24978	1.259451
19566	-2624.032	-2727.6	103.5675	1.107724	0.9329376	0.3071754	0.731478	0.268522	1.42071
19572	-2624.064	-2727.721	103.6571	1.148215	0.9329376	0.2701584	0.67929	0.32071	1.388365
19578	-2622.632	-2726.09	103.4578	1.199664	0.9329376	0.3337773	0.796219	0.203781	1.388365
19584	-2628.126	-2731.747	103.6212	1.246931	1.13084	0.2980724	0.820912	0.179088	1.118243
19590	-2634.32	-2737.889	103.5682	1.31453	1.060308	0.3682647	0.860247	0.139753	1.022731
19596	-2629.048	-2732.63	103.582	1.214094	1.060308	0.2850119	0.805966	0.194034	1.263919
19602	-2638.939	-2742.334	103.3949	1.236429	1.145333	0.3200133	0.701605	0.298395	1.267698
19608	-2642.743	-2746.27	103.5267	1.200522	1.145333	0.2807647	0.701605	0.298395	1.264038
19614	-2620.95	-2723.898	102.9478	1.164764	1.456097	0.3998174	0.776129	0.223871	1.347014
19620	-2625.915	-2729.301	103.386	1.338935	0.9362761	0.3217366	0.803939	0.196061	1.353328
19626	-2624.659	-2728.08	103.4206	1.249531	0.9657427	0.3060129	0.758452	0.241548	1.400253
19632	-2634.627	-2737.725	103.0976	1.265189	1.066872	0.4042831	0.68942	0.31058	1.401523
19638	-2631.948	-2735.307	103.359	1.184751	1.066872	0.3169232	0.710386	0.289614	1.401523
19644	-2639.267	-2743.089	103.822	1.120905	1.061535	0.2573788	0.821747	0.178253	1.19713
19650	-2632.769	-2736.246	103.4775	1.139025	1.061535	0.3394881	0.808716	0.191284	1.308582
19656	-2623.231	-2726.408	103.177	1.139025	1.061535	0.3517422	0.748526	0.251474	1.52105
19662	-2618.741	-2722.05	103.309	1.29051	1.061535	0.3738403	0.803969	0.196031	1.264014
19668	-2629.598	-2732.946	103.3481	1.223647	1.316296	0.3738403	0.681146	0.318854	1.093285
19674	-2612.975	-2716.578	103.603	1.387391	0.990392	0.3738403	0.770021	0.229979	0.9722609
19680	-2624.739	-2728.168	103.43	1.394387	1.254217	0.340189	0.691715	0.308285	0.965479
19686	-2620.333	-2723.882	103.5487	1.435261	1.212424	0.3196806	0.709108	0.290892	0.8791501
19692	-2638.841	-2742.08	103.2387	1.357891	1.260481	0.3503742	0.729511	0.270489	1.155953
19698	-2636.315	-2739.643	103.3281	1.340067	1.260481	0.3503742	0.815319	0.184681	1.091402
19704	-2628.626	-2731.457	102.8315	1.112672	1.582043	0.2550837	0.757182	0.242818	1.646319
19710	-2636.642	-2740.194	103.5521	1.109379	1.137313	0.1977536	0.757182	0.242818	1.497041
19716	-2640.176	-2744.459	104.2824	1.317968	0.8659333	0.172539	0.824157	0.175843	1.002658
19722	-2635.055	-2739	103.9449	1.364132	1.091831	0.172539	0.75148	0.24852	1.061961
19728	-2633.203	-2737.484	104.281	1.423679	0.8474005	0.172539	0.666631	0.333369	0.9153555
19734	-2623.04	-2726.393	103.3536	1.36233	1.139276	0.3434253	0.771989	0.228011	1.156859
19740	-2621.428	-2724.535	103.1068	1.091855	1.169044	0.3602925	0.68388	0.31612	1.521386
19746	-2627.435	-2730.267	102.8319	1.17657	1.643444	0.3813759	0.727821	0.272179	1.351756
19752	-2624.617	-2727.582	102.9652	1.217739	1.416327	0.3342517	0.802321	0.197679	1.420536
19758	-2620.278	-2723.045	102.767	1.166349	1.771664	0.3342517	0.82551	0.17449	1.420536
19764	-2623.98	-2727.979	103.9988	1.698049	0.732202	0.2997661	0.736722	0.263278	0.6159317
19770	-2623.171	-2726.757	103.5864	1.169379	0.8034904	0.3428046	0.763282	0.236718	1.408751
19776	-2628.715	-2732.006	103.2903	1.293517	1.209828	0.3317412	0.729049	0.270951	1.238294
19782	-2636.645	-2739.447	102.8023	1.292762	2.285793	0.349447	0.737295	0.262705	0.9964896
19788	-2631.927	-2734.497	102.5693	1.317469	2.360512	0.3842835	0.850474	0.149526	1.090787
19794	-2630.968	-2733.676	102.7076	1.25162	2.360512	0.2693571	0.797253	0.202747	1.249934
19800	-2628.29	-2731.623	103.3334	1.670902	1.468972	0.2972122	0.799369	0.200631	0.6045137
19806	-2625.096	-2728.369	103.2735	1.709851	1.318141	0.3556538	0.784369	0.215631	0.628867
19812	-2614.801	-2718.245	103.4447	1.647602	1.156354	0.3556538	0.733605	0.266395	0.6889418
19818	-2621.232	-2724.969	103.7367	1.616692	0.9049788	0.3561866	0.83926	0.16074	0.6584696
19824	-2625.468	-2729.227	103.7588	1.63744	0.8966617	0.3561866	0.702395	0.297605	0.564993
19830	-2626.126	-2729.628	103.502	1.664619	1.258968	0.3014782	0.680164	0.319836	0.5854268
19836	-2624.668	-2728.259	103.5906	1.596757	1.147309	0.3031127	0.742154	0.257846	0.7365985
19842	-2623.349	-2726.997	103.6478	1.685038	1.021389	0.3031127	0.729112	0.270888	0.6916496
19848	-2625.428	-2728.833	103.4047	1.809712	1.021389	0.3860815	0.734449	0.265551	0.509053
19854	-2619.788	-2723.673	103.8846	1.390398	0.7273707	0.3639756	0.753181	0.246819	1.004103
19860	-2631.702	-2734.517	102.8151	1.389873	1.938571	0.3802606	0.758038	0.241962	1.01865
19866	-2640.411	-2743.404	102.993	1.447343	1.461754	0.3802606	0.75498	0.24502	1.097977
19872	-2622.605	-2725.641	103.0357	1.447343	1.461754	0.4397011	0.75498	0.24502	0.9454534
19878	-2620.427	-2723.605	103.1772	1.257399	1.401457	0.3767589	0.838372	0.161628	1.150798
19884	-2625.609	-2729.106	103.4971	1.338177	1.332697	0.2607194	0.836288	0.163712	1.073477
19890	-2627.241	-2731.571	104.3299	1.321604	0.6951407	0.2509895	0.714539	0.285461	0.9267123
19896	-2622.963	-2727.255	104.2924	1.313951	0.5857918	0.2509895	0.7443	0.2557	1.11993
19902	-2629.966	-2733.432	103.4655	1.566232	1.344047	0.2837019	0.814511	0.185489	0.7869545
19908	-2628.916	-2732.951	104.0351	1.455326	0.879273	0.2890907	0.81588	0.18412	0.7307018
19914	-2632.041	-2736.284	104.2429	1.330124	0.6769696	0.2404132	0.699977	0.300023	1.058344
19920	-2630.635	-2734.368	103.733	1.23907	0.7601809	0.3424899	0.682934	0.317066	1.278412
19926	-2628.213	-2731.779	103.5658	1.28065	1.065288	0.3424899	0.807604	0.192396	1.103282
19932	-2633.855	-2736.94	103.0848	1.182453	1.282147	0.2798222	0.63357	0.36643	1.532282
19938	-2624.138	-2727.805	103.6671	1.28006	1.066872	0.3310771	0.739654	0.260346	1.03025
19944	-2626.52	-2730.084	103.5641	1.376347	1.066872	0.3802242	0.671728	0.328272	0.932474
19950	-2623.331	-2727.057	103.7264	1.320362	0.9233467	0.3539991	0.755213	0.244787	1.025972
19956	-2623.954	-2727.342	103.3885	1.460831	1.215291	0.3553665	0.756053	0.243947	0.9403475
19962	-2627.657	-2730.985	103.3276	1.438008	1.351084	0.4064963	0.776227	0.223773	0.7842737
19968	-2629.601	-2732.777	103.176	1.279012	1.413483	0.3418068	0.849397	0.150603	1.188117
19974	-2626.146	-2729.568	103.4216	1.282633	1.18319	0.2736205	0.719488	0.280512	1.269593
19980	-2622.107	-2725.331	103.2246	1.487665	1.627828	0.2736205	0.773234	0.226766	0.9458418
19986	-2626.614	-2729.899	103.2851	1.413001	1.627828	0.2908775	0.750934	0.249066	0.9159032
19992	-2629.758	-2733.28	103.522	1.52797	1.158366	0.3345183	0.765928	0.234072	0.8167735
19998	-2623.613	-2726.491	102.878	1.355059	1.806768	0.3499234	0.773047	0.226953	1.126921
20004	-2634.098	-2737.199	103.1012	1.279883	1.430045	0.3030893	0.773047	0.226953	1.311017
20010	-2628.714	-2732.326	103.6118	1.282719	1.085158	0.3030893	0.79975	0.20025	1.122076
20016	-2622.466	-2725.783	103.3165	1.359307	1.085158	0.3491817	0.785075	0.214925	1.22395
20022	-2631.924	-2735.169	103.2443	1.270331	1.142116	0.4203157	0.813139	0.186861	1.196478
20028	-2628.715	-2732.444	103.7288	1.309151	0.9369875	0.3305935	0.736068	0.263932	1.06856
20034	-2633.695	-2737.319	103.6242	1.365463	0.9369875	0.3305935	0.736068	0.263932	1.113083
20040	-2630.826	-2734.43	103.6042	1.207297	1.116517	0.2818672	0.80364	0.19636	1.213197
20046	-2634.097	-2737.28	103.1834	0.9950246	1.116517	0.3357725	0.80364	0.19636	1.609272
20052	-2632.29	-2735.91	103.6202	1.048371	0.8343482	0.316822	0.769935	0.230065	1.491416
20058	-2621.079	-2724.593	103.5143	1.149308	0.9555667	0.3489746	0.780008	0.219992	1.339165
20064	-2621.154	-2724.648	103.4938	1.201876	0.863311	0.2711758	0.769795	0.230205	1.527353
20070	-2625.868	-2728.633	102.7643	1.227942	1.775942	0.3735482	0.801509	0.198491	1.306881
20076	-2631.017	-2733.935	102.9188	1.045613	1.363081	0.42339	0.754182	0.245818	1.482646
20082	-2620.072	-2723.385	103.3137	1.321346	1.363081	0.2617378	0.77454	0.22546	1.227068
20088	-2625.646	-2729.183	103.5373	1.154331	1.098916	0.2499891	0.788544	0.211456	1.389047
20094	-2622.585	-2725.648	103.0625	1.142152	1.058123	0.4901695	0.731866	0.268134	1.41147
20100	-2627.389	-2730.286	102.8968	1.227203	1.259281	0.4901695	0.742908	0.257092	1.333123
20106	-2631.233	-2733.532	102.2994	1.125996	1.939333	0.4901695	0.840006	0.159994	1.502117
20112	-2635.692	-2738.197	102.5055	1.276692	1.667184	0.4809678	0.825347	0.174653	1.373374
20118	-2626.073	-2728.669	102.5956	1.107148	1.667184	0.2976577	0.84352	0.15648	1.701946
20124	-2619.594	-2722.3	102.7061	1.107719	1.592188	0.3328606	0.842001	0.157999	1.602333
20130	-2623.941	-2726.77	102.8294	1.191324	1.328852	0.3328606	0.776842	0.223158	1.595659
20136	-2625.465	-2728.709	103.2445	1.204309	1.278692	0.2835785	0.776842	0.223158	1.389467
20142	-2628.306	-2731.946	103.6399	1.230737	0.8979724	0.345055	0.848381	0.151619	1.226245
20148	-2622.138	-2725.671	103.5334	1.328306	1.167935	0.2288123	0.773468	0.226532	1.24717
20154	-2621.643	-2724.933	103.2906	1.166254	1.167935	0.3987537	0.770318	0.229682	1.260195
20160	-2628.428	-2731.722	103.2939	1.198179	1.137553	0.3987537	0.727582	0.272418	1.253597
20166	-2626.087	-2729.368	103.2815	1.308193	1.137553	0.3503034	0.685407	0.314593	1.253597
20172	-2623.212	-2726.564	103.3514	1.230271	1.137553	0.4179409	0.774042	0.225958	1.145438
20178	-2625.166	-2728.393	103.2269	1.34924	1.543915	0.2929565	0.761884	0.238116	1.091757
20184	-2622.502	-2725.747	103.2449	1.413216	1.654462	0.2929565	0.764601	0.235399	0.9341727
20190	-2628.244	-2731.831	103.587	1.59398	1.184066	0.3189548	0.724404	0.275596	0.6157238
20196	-2619.924	-2723.376	103.4519	1.688857	1.184066	0.3189548	0.762534	0.237466	0.6999191
20202	-2618.921	-2721.83	102.9091	1.560777	1.605148	0.4532219	0.785644	0.214356	0.8122259
20208	-2628.982	-2731.824	102.8422	1.516645	1.605148	0.447534	0.76343	0.23657	0.9523874
20214	-2626.7	-2729.738	103.0377	1.797751	1.455341	0.3881644	0.779268	0.220732	0.5424111
20220	-2625.186	-2728.735	103.549	1.631386	1.261843	0.2821572	0.798537	0.201463	0.6608547
20226	-2619.247	-2722.707	103.4602	1.632136	1.314994	0.3030025	0.798537	0.201463	0.6499291
20232	-2630.986	-2734.727	103.7408	1.650531	0.8205081	0.3570674	0.700101	0.299899	0.7525003
20238	-2625.535	-2728.575	103.0397	1.596176	1.610795	0.4004764	0.817442	0.182558	0.70558
20244	-2630.679	-2734.413	103.734	1.632399	1.00575	0.3026447	0.761961	0.238039	0.6588644
20250	-2631.113	-2734.672	103.5591	1.399703	1.162208	0.3710601	0.702303	0.297697	0.830823
20256	-2632.098	-2735.465	103.3672	1.236883	1.253736	0.3568346	0.747945	0.252055	1.142312
20262	-2636.233	-2740.053	103.8202	1.336339	0.902277	0.3599879	0.747945	0.252055	0.9235644
20268	-2625.581	-2729.801	104.2205	1.336339	0.7036735	0.2898271	0.685882	0.314118	0.912289
20274	-2627.616	-2731.841	104.225	1.416839	0.7036735	0.2898271	0.672012	0.327988	0.8108409
20280	-2622.027	-2725.744	103.7167	1.518655	0.9649608	0.3649282	0.653153	0.346847	0.7250063
20286	-2625.984	-2729.621	103.6378	1.528695	1.194799	0.3146193	0.789433	0.210567	0.6509357
20292	-2634.93	-2737.957	103.0279	1.929243	1.399559	0.3486639	0.717776	0.282224	0.4526452
20298	-2630.655	-2734.22	103.565	1.792416	1.136577	0.2700242	0.685993	0.314007	0.4526452
20304	-2633.505	-2736.93	103.4255	2.00493	0.9101327	0.3091987	0.80983	0.19017	0.3445173
20310	-2635.424	-2738.741	103.3176	1.933245	0.9325504	0.4018416	0.856438	0.143562	0.399319
20316	-2625.573	-2728.724	103.1507	1.933245	1.157575	0.3493093	0.780779	0.219221	0.3277333
20322	-2622.27	-2725.547	103.2769	1.923744	1.037204	0.3673771	0.736691	0.263309	0.3775869
20328	-2623.023	-2726.765	103.742	1.869016	0.7994826	0.2959751	0.736691	0.263309	0.3775869
20334	-2615.83	-2719.828	103.9973	1.897036	0.6004049	0.2959751	0.73492	0.26508	0.4243355
20340	-2622.62	-2726.494	103.8743	1.849792	0.6868648	0.3204319	0.737929	0.262071	0.4416481
20346	-2619.176	-2722.408	103.2318	1.776936	1.336142	0.3497983	0.758219	0.241781	0.5199052
20352	-2639.283	-2742.97	103.6868	1.501623	0.8163261	0.4276569	0.770063	0.229937	0.8457397
20358	-2635.247	-2738.263	103.0155	1.386789	1.532168	0.4181637	0.861106	0.138894	1.015496
20364	-2633.586	-2736.372	102.7862	1.270811	1.342164	0.5223399	0.821372	0.178628	1.289727
20370	-2625.186	-2728.384	103.1981	1.286574	1.607346	0.2479064	0.81262	0.18738	1.231336
20376	-2627.189	-2730.013	102.8244	1.296866	1.607346	0.5394295	0.805992	0.194008	1.035443
20382	-2640.266	-2743.16	102.8937	1.32071	1.41126	0.6075344	0.819811	0.180189	0.9839258
20388	-2622.962	-2726.09	103.1282	1.331277	1.41126	0.4924773	0.72754	0.27246	0.9132247
20394	-2632.841	-2735.726	102.8851	1.67974	1.471987	0.4998644	0.810275	0.189725	0.6945706
20400	-2626.222	-2729.666	103.4433	1.492404	1.23531	0.346104	0.791982	0.208018	0.8446481
20406	-2623.301	-2726.909	103.6084	1.395564	1.23531	0.2986012	0.670325	0.329675	0.8889315
20412	-2637.277	-2740.277	103.0005	1.332672	1.796414	0.2957517	0.759232	0.240768	1.150984
20418	-2633.167	-2735.149	101.9821	1.253835	2.590837	0.4995641	0.838852	0.161148	1.36833
20424	-2630.301	-2733.009	102.7075	1.271194	2.025782	0.3405289	0.735019	0.264981	1.249018
20430	-2637.781	-2740.987	103.2065	1.360062	1.467449	0.3655664	0.765018	0.234982	1.001676
20436	-2634.659	-2737.744	103.0853	1.47097	1.674078	0.2916346	0.79975	0.20025	1.027816
20442	-2640.428	-2743.295	102.8675	1.017817	1.398975	0.4238587	0.645968	0.354032	1.520232
20448	-2626.708	-2729.744	103.036	1.117695	1.398975	0.298785	0.771302	0.228698	1.513482
20454	-2629.183	-2732.695	103.5119	1.150547	1.134591	0.2400764	0.783097	0.216903	1.406614
20460	-2625.832	-2729.003	103.1709	1.073258	1.134591	0.318775	0.803278	0.196722	1.576587
20466	-2633.581	-2735.928	102.3472	1.039956	1.800324	0.4337284	0.675068	0.324932	1.665029
20472	-2631.919	-2735.487	103.5684	1.647066	0.9648374	0.3949255	0.686494	0.313506	0.6520525
20478	-2637.137	-2741.041	103.9037	1.664692	0.6899322	0.3781649	0.772121	0.227879	0.6487757
20484	-2628.889	-2732.292	103.4035	1.233801	0.9844395	0.4316	0.786269	0.213731	1.202636
20490	-2635.157	-2738.971	103.8137	1.532101	0.9380898	0.3303787	0.787033	0.212967	0.7096065
20496	-2627.773	-2731.498	103.7249	1.337123	0.9942932	0.3303787	0.787033	0.212967	0.9882668
20502	-2623.63	-2727.665	104.0342	1.226963	0.6971692	0.267692	0.73522	0.26478	1.24805
20508	-2623.804	-2727.435	103.6311	1.243923	0.9418775	0.3110836	0.76574	0.23426	1.24601
20514	-2631.165	-2734.831	103.6659	1.2518	0.8585404	0.3037987	0.782739	0.217261	1.298964
20520	-2629.29	-2732.988	103.6983	1.10014	0.7461727	0.2804719	0.811538	0.188462	1.536384
20526	-2624.197	-2727.909	103.7127	1.129659	0.747732	0.2804719	0.6756	0.3244	1.502257
20532	-2625.244	-2728.738	103.494	1.157955	1.017367	0.401625	0.746318	0.253682	1.210087
20538	-2630.521	-2733.826	103.3056	1.27352	1.165147	0.3767081	0.746318	0.253682	1.195768
20544	-2627.376	-2730.922	103.5462	1.477318	1.165147	0.3241084	0.746318	0.253682	0.869826
20550	-2634.915	-2738.095	103.1798	1.500728	1.537836	0.3102672	0.765808	0.234192	0.9544437
20556	-2633.27	-2736.59	103.32	1.408091	1.43828	0.3662836	0.72157	0.27843	0.8476908
20562	-2630.313	-2733.592	103.279	1.439473	1.398085	0.3926679	0.72157	0.27843	0.8325735
20568	-2633.119	-2736.747	103.6279	1.432962	1.029132	0.3418483	0.751308	0.248692	0.9273093
20574	-2629.004	-2733.027	104.0223	1.344462	0.8370377	0.2799367	0.759821	0.240179	0.9676644
20580	-2630.731	-2734.736	104.0044	1.505729	0.7727881	0.2799367	0.796764	0.203236	0.89433
20586	-2634.259	-2737.478	103.2184	1.520203	1.549608	0.3276239	0.812152	0.187848	0.8347098
20592	-2634.676	-2738.363	103.6877	1.453873	0.979458	0.3754428	0.806513	0.193487	0.8081448
20598	-2634.352	-2737.179	102.8275	1.601982	1.857646	0.3754428	0.789052	0.210948	0.8388511
20604	-2634.827	-2738.23	103.4024	1.592211	1.202725	0.3754428	0.658519	0.341481	0.7170218
20610	-2636.812	-2740.403	103.5913	1.103358	0.8399679	0.3163821	0.812723	0.187277	1.467662
20616	-2633.059	-2735.942	102.8837	1.148461	1.447213	0.3163821	0.744955	0.255045	1.546348
20622	-2635.289	-2738.663	103.3743	1.15981	1.069243	0.3163821	0.730955	0.269045	1.408217
20628	-2635.527	-2738.63	103.1029	1.097087	1.420161	0.3163821	0.772438	0.227562	1.43558
20634	-2634.226	-2737.535	103.3081	1.521788	1.488299	0.3365703	0.766273	0.233727	0.7442458
20640	-2628.504	-2732.154	103.6501	1.513164	1.009767	0.338941	0.766273	0.233727	0.8384468
20646	-2629.216	-2732.429	103.2131	1.454363	1.441875	0.338941	0.76286	0.23714	0.9755668
20652	-2629.943	-2733.016	103.0737	1.429322	1.729984	0.3307498	0.783894	0.216106	0.9540408
20658	-2616.885	-2720.201	103.3161	1.333605	1.400458	0.3339308	0.788346	0.211654	1.035583
20664	-2630.636	-2733.709	103.0728	1.076223	1.255777	0.3403085	0.764782	0.235218	1.533829
20670	-2625.438	-2728.966	103.5279	1.38126	1.000973	0.3339308	0.702241	0.297759	1.120066
20676	-2628.603	-2731.466	102.8632	1.18809	1.643303	0.4152882	0.714001	0.285999	1.264117
20682	-2632.522	-2735.923	103.4012	1.076878	0.9182151	0.3579789	0.714001	0.285999	1.49819
20688	-2627.564	-2730.589	103.0246	1.203001	1.273865	0.4135215	0.732707	0.267293	1.349337
20694	-2627.297	-2730.394	103.0969	1.235806	1.547482	0.3336927	0.866784	0.133216	1.222619
20700	-2624.757	-2727.902	103.145	1.087541	1.547482	0.3336927	0.846668	0.153332	1.305529
20706	-2628.604	-2731.089	102.485	1.234538	2.288336	0.3336927	0.86424	0.13576	1.353593
20712	-2625.444	-2728.438	102.9946	1.471238	1.619775	0.3460919	0.804487	0.195513	1.033013
20718	-2633.331	-2737.005	103.674	1.455495	1.034053	0.3460919	0.717614	0.282386	0.8316956
20724	-2623.313	-2727.042	103.7286	1.373117	1.034053	0.3052516	0.708967	0.291033	0.9650757
20730	-2634.551	-2737.641	103.0897	1.316802	1.097923	0.4623867	0.764035	0.235965	1.257982
20736	-2629.446	-2732.459	103.0133	1.232171	1.102811	0.4748555	0.764035	0.235965	1.366969
20742	-2632.705	-2735.538	102.8331	1.353441	1.860554	0.3514237	0.786342	0.213658	1.135479
20748	-2633.332	-2736.216	102.8845	1.530812	1.88271	0.3514237	0.817092	0.182908	0.895563
20754	-2636.376	-2739.303	102.9262	1.453988	1.350819	0.433042	0.730169	0.269831	1.1388
20760	-2624.788	-2728.264	103.4757	1.389635	1.01437	0.433042	0.747791	0.252209	0.959371
20766	-2628.367	-2731.903	103.5361	1.598127	1.01437	0.4063015	0.672382	0.327618	0.671315
20772	-2624.82	-2728.647	103.8277	1.596501	0.8536876	0.351012	0.672382	0.327618	0.6510538
20778	-2633.182	-2736.23	103.048	1.515669	1.66698	0.3834687	0.78657	0.21343	0.8048867
20784	-2634.252	-2737.558	103.3057	1.554942	1.225468	0.3834687	0.78657	0.21343	0.8529259
20790	-2621.25	-2724.483	103.2329	1.570261	1.225468	0.4556682	0.78657	0.21343	0.7498791
20796	-2626.164	-2729.449	103.285	1.663163	1.270467	0.4004715	0.733162	0.266838	0.585003
20802	-2624.836	-2728.251	103.4153	1.62924	1.270467	0.2959189	0.757212	0.242788	0.8112306
20808	-2629.374	-2732.966	103.5922	1.700376	1.141808	0.2959189	0.63508	0.36492	0.5338585
20814	-2629.597	-2732.234	102.6375	1.829948	1.765397	0.4708989	0.769967	0.230033	0.5415697
20820	-2624.36	-2727.529	103.1691	1.733144	1.291231	0.421574	0.788361	0.211639	0.5304939
20826	-2629.923	-2732.926	103.0025	1.812645	1.291231	0.4648805	0.679545	0.320455	0.5780097
20832	-2625.784	-2729.1	103.3164	1.800458	1.422393	0.2727798	0.859965	0.140035	0.5194
20838	-2626.181	-2729.155	102.9741	1.822873	1.458886	0.4080866	0.824764	0.175236	0.5194
20844	-2640.469	-2743.627	103.1575	1.786094	1.383311	0.3607346	0.818338	0.181662	0.4482888
20850	-2632.884	-2736.129	103.2449	1.798939	1.36042	0.3249296	0.766869	0.233131	0.5032677
20856	-2633.53	-2737.171	103.6416	1.780059	0.9938414	0.3017328	0.817434	0.182566	0.5162434
20862	-2630.872	-2734.257	103.3852	1.679812	1.46981	0.2618274	0.748285	0.251715	0.6637939
20868	-2631.746	-2734.978	103.2319	1.452421	1.618226	0.2657656	0.791619	0.208381	1.001457
20874	-2628.254	-2732.326	104.0721	1.488961	0.8345087	0.2665139	0.760467	0.239533	0.7821013
20880	-2632.288	-2735.374	103.0862	1.366786	1.606042	0.4429909	0.779308	0.220692	0.8553388
20886	-2627.716	-2731.602	103.8857	1.101952	0.7516888	0.321681	0.831947	0.168053	1.311223
20892	-2629.231	-2732.745	103.5138	1.149468	0.941842	0.2804684	0.814839	0.185161	1.470899
20898	-2622.178	-2725.544	103.3666	1.32135	1.175881	0.3810878	0.814839	0.185161	1.082333
20904	-2632.097	-2735.01	102.9137	1.299303	1.71698	0.3810878	0.806677	0.193323	1.13978
20910	-2629.067	-2732.492	103.4246	1.305597	1.367111	0.3462177	0.70965	0.29035	0.9542602
20916	-2625.08	-2728.81	103.7303	1.267781	0.8290269	0.4086753	0.726641	0.273359	1.068
20922	-2636.8	-2741.182	104.382	1.313807	0.5152611	0.2732304	0.631738	0.368262	1.086247
20928	-2636.27	-2740.833	104.5628	1.460589	0.5308905	0.2050875	0.708257	0.291743	0.9170269
20934	-2639.636	-2743.517	103.8811	1.410344	0.9787452	0.2952122	0.826175	0.173825	0.8400249
20940	-2645.952	-2749.178	103.2257	1.086706	1.075455	0.3461832	0.772803	0.227197	1.522551
20946	-2641.015	-2744.429	103.4143	1.238576	1.391049	0.3244688	0.772497	0.227503	1.059355
20952	-2626.868	-2729.79	102.9223	1.266049	1.391049	0.4151723	0.79018	0.20982	1.302654
20958	-2634.175	-2737.086	102.9114	1.115363	1.391049	0.3654698	0.705014	0.294986	1.504037
20964	-2629.591	-2732.49	102.8993	1.008316	1.164624	0.3320752	0.665674	0.334326	1.776244
20970	-2627.456	-2730.551	103.0953	1.093822	1.164624	0.3089475	0.653535	0.346465	1.613208
20976	-2627.191	-2730.203	103.0117	1.104037	1.517811	0.3089475	0.743138	0.256862	1.457105
20982	-2621.567	-2725.221	103.6533	1.220017	0.9769533	0.3072168	0.780738	0.219262	1.224471
20988	-2622.705	-2725.577	102.8716	1.225328	1.700057	0.3164754	0.748338	0.251662	1.360131
20994	-2624.265	-2727.787	103.5224	1.367753	1.245195	0.2951871	0.805785	0.194215	1.009023
21000	-2627.528	-2731.162	103.6333	1.343705	1.286348	0.2257582	0.866005	0.133995	1.063166
21006	-2627.96	-2731.334	103.3737	1.419425	1.338443	0.2257582	0.73127	0.26873	1.190502
21012	-2627.489	-2731.124	103.635	1.331973	1.338443	0.259509	0.848295	0.151705	0.9410232
21018	-2635.698	-2739.193	103.4945	1.182435	1.104828	0.3208259	0.81293	0.18707	1.259138
21024	-2636.278	-2739.308	103.0301	1.153788	1.422183	0.3100279	0.867758	0.132242	1.457661
21030	-2633.346	-2736.41	103.0639	1.158222	1.378676	0.4361711	0.803485	0.196515	1.250908
21036	-2628.455	-2731.659	103.2038	1.253158	1.378676	0.3438281	0.788277	0.211723	1.205893
21042	-2623.134	-2726.903	103.769	1.274823	0.8606504	0.3274066	0.746778	0.253222	1.144968
21048	-2627.696	-2731.212	103.5163	1.390979	1.133032	0.2148784	0.698069	0.301931	1.267866
21054	-2620.394	-2724.046	103.6522	1.392059	1.20322	0.2937638	0.722087	0.277913	0.8875117
21060	-2629.109	-2732.447	103.3379	1.446411	1.20322	0.4350996	0.722087	0.277913	0.8499398
21066	-2625.865	-2728.973	103.1074	1.599257	1.677945	0.3191611	0.807647	0.192353	0.7845262
21072	-2622.938	-2726.058	103.1192	1.531667	1.551769	0.3063715	0.77864	0.22136	0.9839659
21078	-2626.24	-2729.804	103.5646	1.536301	1.113535	0.3063715	0.78381	0.21619	0.8809017
21084	-2632.445	-2736.486	104.0409	1.510286	0.7469872	0.3063715	0.762899	0.237101	0.8069579
21090	-2625.51	-2729.016	103.5062	1.501839	1.300827	0.2729791	0.759362	0.240638	0.8920879
21096	-2632.778	-2735.896	103.1173	1.39137	1.75133	0.2729791	0.759362	0.240638	1.067561
21102	-2636.977	-2740.413	103.4361	1.237666	1.395015	0.2729791	0.856837	0.143163	1.147596
21108	-2626.336	-2729.628	103.2925	1.32325	1.437941	0.336738	0.752139	0.247861	1.034796
21114	-2629.171	-2732.42	103.2494	1.412625	1.684105	0.2889087	0.807448	0.192552	0.9186647
21120	-2625.319	-2728.38	103.0617	1.298773	1.62894	0.2742275	0.807448	0.192552	1.266592
21126	-2622.821	-2726.126	103.305	1.191947	1.62894	0.2742275	0.855236	0.144764	1.150101
21132	-2625.431	-2728.679	103.2486	1.237979	1.28446	0.3447535	0.734659	0.265341	1.243366
21138	-2629.356	-2733.292	103.9361	1.262701	0.8051418	0.2175881	0.734659	0.265341	1.299419
21144	-2628.4	-2732.236	103.8357	1.255809	0.8051418	0.2833376	0.805849	0.194151	1.24605
21150	-2625.453	-2729.488	104.0354	1.21278	0.8051418	0.2833376	0.728281	0.271719	1.109837
21156	-2627.979	-2731.15	103.1715	1.225009	1.548922	0.283314	0.739776	0.260224	1.264912
21162	-2623.37	-2726.581	103.2108	1.270657	1.247495	0.4037919	0.739776	0.260224	1.172438
21168	-2624.346	-2728.18	103.8337	1.389355	1.06018	0.243525	0.823864	0.176136	0.9712525
21174	-2631.363	-2735.103	103.7403	1.41116	1.262692	0.2203656	0.758636	0.241364	0.9222886
21180	-2626.12	-2730.077	103.9575	1.299321	0.9740788	0.2441275	0.758636	0.241364	1.021136
21186	-2628.514	-2732.191	103.6778	1.135128	1.168247	0.2441275	0.781445	0.218555	1.253093
21192	-2625.466	-2729.032	103.5657	1.354566	1.160317	0.3439764	0.727612	0.272388	0.9417993
21198	-2623.462	-2727.135	103.6732	1.227629	1.160317	0.2537306	0.726025	0.273975	1.162557
21204	-2638.279	-2741.741	103.4617	1.396109	0.9174538	0.5231135	0.806201	0.193799	0.9088994
21210	-2637.932	-2740.989	103.0568	1.169096	1.169333	0.3644167	0.711703	0.288297	1.494474
21216	-2629.163	-2732.277	103.1142	1.229292	1.415122	0.3644167	0.911042	0.0889579	1.241564
21222	-2620.363	-2723.992	103.6286	1.421978	0.8962556	0.3644167	0.73385	0.26615	1.029579
21228	-2625.554	-2729.032	103.4778	1.467167	0.8962556	0.4504233	0.820756	0.179244	0.9711106
21234	-2625.859	-2729.562	103.7029	1.436918	1.147285	0.2338037	0.735715	0.264285	1.000112
21240	-2620.626	-2724.18	103.554	1.514439	1.147285	0.3286678	0.810511	0.189489	0.8222301
21246	-2623.715	-2727.05	103.335	1.583653	1.206858	0.3964507	0.842985	0.157015	0.7645816
21252	-2632.221	-2735.844	103.6226	1.471483	1.220604	0.2472157	0.72525	0.27475	0.943806
21258	-2632.089	-2735.521	103.4318	1.382058	1.610908	0.2472157	0.755025	0.244975	0.9214934
21264	-2623.942	-2727.534	103.5919	1.279609	0.874413	0.4338223	0.75847	0.24153	1.094633
21270	-2624.136	-2727.871	103.7344	1.43764	0.7161202	0.4338223	0.798304	0.201696	0.9862137
21276	-2634.583	-2738.563	103.98	1.507785	0.7161202	0.3798919	0.721746	0.278254	0.7279421
21282	-2629.168	-2733.131	103.9626	1.687511	0.7161202	0.3130669	0.666253	0.333747	0.6936558
21288	-2630.369	-2734.637	104.2682	1.595768	0.7327501	0.2286817	0.749059	0.250941	0.6454184
21294	-2636.215	-2739.728	103.5128	1.940363	0.8445057	0.3495025	0.667014	0.332986	0.4009657
21300	-2631.691	-2734.45	102.7591	1.940363	1.440944	0.4685107	0.796425	0.203575	0.4673109
21306	-2631.432	-2734.249	102.8164	1.992161	1.673499	0.3009284	0.796425	0.203575	0.3447442
21312	-2646.19	-2748.666	102.4759	2.091997	2.054155	0.3009284	0.856114	0.143886	0.340301
21318	-2637.739	-2739.817	102.0781	2.104741	2.715487	0.3009284	0.814438	0.185562	0.299613
21324	-2632.057	-2734.547	102.4898	2.104741	1.95073	0.2965166	0.785113	0.214887	0.3008733
21330	-2629.556	-2731.834	102.2777	2.098874	1.851894	0.4312875	0.74427	0.25573	0.3009288
21336	-2632.268	-2734.9	102.6323	1.964243	1.930478	0.3390982	0.82325	0.17675	0.3979315
21342	-2626.946	-2729.946	102.9995	1.872192	1.585456	0.3224491	0.800082	0.199918	0.4331214
21348	-2623.141	-2726.122	102.9806	1.892161	1.585456	0.3224491	0.784716	0.215284	0.4364104
21354	-2619.109	-2722.264	103.154	1.863746	1.389349	0.3224491	0.80684	0.19316	0.4364104
21360	-2615.061	-2718.595	103.5348	1.922867	0.9595117	0.2993798	0.704236	0.295764	0.4519872
21366	-2622.491	-2726.282	103.791	1.910149	0.9136311	0.2193158	0.809668	0.190332	0.4185739
21372	-2625.279	-2728.417	103.1382	1.838709	1.478877	0.3127794	0.743883	0.256117	0.4602742
21378	-2623.546	-2726.575	103.0293	1.938638	1.364681	0.3403539	0.823003	0.176997	0.3730949
21384	-2622.984	-2725.975	102.9902	1.822813	1.626783	0.3403539	0.7859	0.2141	0.5187734
21390	-2619.704	-2722.917	103.2128	1.81959	1.331775	0.3403539	0.769352	0.230648	0.5187734
21396	-2622.258	-2725.677	103.4192	1.765166	1.031766	0.3953131	0.74432	0.25568	0.5321918
21402	-2620.844	-2724.474	103.6302	1.791308	1.031766	0.2861075	0.741278	0.258722	0.4946923
21408	-2630.251	-2733.531	103.2801	1.819707	1.121299	0.396191	0.82434	0.17566	0.4946923
21414	-2638.711	-2741.639	102.9283	2.090631	1.22897	0.3357491	0.761971	0.238029	0.3011057
21420	-2629.879	-2733.648	103.7693	1.261022	0.9997604	0.2805481	0.829167	0.170833	1.122525
21426	-2640.119	-2743.547	103.4285	1.336285	1.310025	0.2601427	0.760181	0.239819	1.155409
21432	-2621.854	-2725.289	103.4345	1.246655	1.310025	0.2601427	0.760181	0.239819	1.227482
21438	-2629.567	-2732.436	102.8683	1.232344	1.463125	0.4176145	0.798435	0.201565	1.325348
21444	-2629.586	-2732.983	103.3974	1.133527	0.9498598	0.4015676	0.836784	0.163216	1.365111
21450	-2637.609	-2742.044	104.4357	1.58779	0.5910541	0.2317596	0.792275	0.207725	0.6937257
21456	-2635.076	-2739.561	104.4854	1.555926	0.5910541	0.2081365	0.68528	0.31472	0.7709917
21462	-2639.247	-2744.026	104.7789	1.365141	0.5205615	0.1985167	0.604529	0.395471	0.8169035
21468	-2635.52	-2739.442	103.9223	1.838576	0.7724359	0.2604339	0.617821	0.382179	0.5538144
21474	-2632.854	-2735.7	102.846	2.080192	1.418454	0.3044021	0.72705	0.27295	0.2941027
21480	-2638.642	-2742.149	103.5064	1.660291	1.382639	0.2405652	0.742576	0.257424	0.7016964
21486	-2630.727	-2734.532	103.8057	1.454064	0.9615229	0.2580053	0.748633	0.251367	0.9951043
21492	-2631.12	-2734.421	103.3002	1.765846	1.11916	0.414921	0.759302	0.240698	0.4993631
21498	-2625.545	-2728.87	103.3253	1.765846	1.11916	0.4010505	0.770849	0.229151	0.5260936
21504	-2623.279	-2726.723	103.4441	1.607158	1.11916	0.4010505	0.770849	0.229151	0.657472
21510	-2630.606	-2734.051	103.4451	1.541318	1.177209	0.4010505	0.79432	0.20568	0.6822135
21516	-2625.701	-2729.133	103.4326	1.656827	1.176535	0.3664723	0.793369	0.206631	0.6064201
21522	-2632.802	-2736.111	103.3091	0.9949579	1.382335	0.2015401	0.713002	0.286998	1.600386
21528	-2622.742	-2726.172	103.4301	1.128114	1.003725	0.3589872	0.781237	0.218763	1.367342
21534	-2623.871	-2727.002	103.1315	1.14861	1.492225	0.3114093	0.746441	0.253559	1.339408
21540	-2622.529	-2725.829	103.2996	1.260277	1.492225	0.3613665	0.786619	0.213381	0.9986454
21546	-2624.412	-2728.222	103.8094	1.400079	1.087969	0.2646166	0.78279	0.21721	0.898761
21552	-2637.895	-2741.493	103.5986	1.444109	1.195005	0.338073	0.879381	0.120619	0.7724012
21558	-2633.414	-2737.111	103.6975	1.435741	1.195005	0.2703995	0.879938	0.120062	0.8579782
21564	-2629.277	-2732.878	103.6014	1.512463	0.8765552	0.4256486	0.789551	0.210449	0.8579782
21570	-2627.226	-2731.025	103.7989	1.699616	0.9681695	0.2747678	0.71703	0.28297	0.5890904
21576	-2630.747	-2734.441	103.6942	1.782867	1.000976	0.2747678	0.839349	0.160651	0.4657563
21582	-2633.854	-2737.613	103.7593	1.760483	0.8964657	0.3027803	0.727718	0.272282	0.5295361
21588	-2634.257	-2737.92	103.6628	1.730312	0.9735332	0.3227754	0.763221	0.236779	0.5310475
21594	-2628.414	-2732.057	103.6432	1.658946	1.061259	0.3227754	0.758415	0.241585	0.5578033
21600	-2622.344	-2725.644	103.3001	1.739853	1.391714	0.3050599	0.738752	0.261248	0.6182093
21606	-2634.898	-2738.31	103.4123	1.717961	1.331076	0.2954624	0.660726	0.339274	0.5474747
21612	-2633.319	-2736.554	103.2345	1.478403	1.62521	0.3060271	0.729751	0.270249	0.8604722
21618	-2623.203	-2726.756	103.5523	1.422035	1.127118	0.2983821	0.758568	0.241432	1.021003
21624	-2634.534	-2737.605	103.0714	1.146031	1.288888	0.2983821	0.803792	0.196208	1.53222
21630	-2633.041	-2736	102.9596	1.066739	1.252905	0.2983821	0.764249	0.235751	1.692523
21636	-2642.688	-2745.085	102.397	0.9171082	1.57817	0.3634519	0.764249	0.235751	1.913511
21642	-2630.45	-2733.28	102.8296	1.388582	1.601229	0.4938514	0.766448	0.233552	1.016936
21648	-2635.779	-2738.581	102.8017	1.2378	1.601229	0.4938514	0.804998	0.195002	1.181122
21654	-2634.241	-2738.206	103.9648	1.418684	1.005813	0.2308993	0.693185	0.306815	0.892059
21660	-2646.34	-2749.173	102.8337	1.158339	1.207976	0.3987931	0.758488	0.241512	1.591753
21666	-2644.033	-2747.136	103.1026	1.218827	1.218875	0.4716257	0.708396	0.291604	1.225114
21672	-2630.797	-2734.888	104.0916	1.602219	0.6449266	0.3504262	0.747175	0.252825	0.6306955
21678	-2622.443	-2726.255	103.8125	1.751945	0.7621684	0.3504262	0.776771	0.223229	0.5585667
21684	-2625.195	-2728.598	103.4027	1.971429	1.021934	0.3066498	0.795954	0.204046	0.4366169
21690	-2629.246	-2732.413	103.1672	1.882943	1.282668	0.3492136	0.749951	0.250049	0.4556152
21696	-2629.059	-2732.384	103.3256	1.77024	1.166125	0.376757	0.798346	0.201654	0.5310662
21702	-2628.208	-2731.627	103.4185	1.793983	1.135667	0.3340149	0.758263	0.241737	0.5310662
21708	-2635.307	-2738.034	102.7271	1.927738	1.416285	0.4909411	0.780687	0.219313	0.3918256
21714	-2632.594	-2735.499	102.9047	2.017743	1.416285	0.3437912	0.768768	0.231232	0.3761181
21720	-2626.151	-2729.375	103.2236	1.942533	1.030454	0.3808713	0.752438	0.247562	0.3582474
21726	-2624.102	-2727.357	103.2543	2.019043	1.030454	0.3337395	0.71139	0.28861	0.3705683
21732	-2622.944	-2726.05	103.1064	2.087165	1.307901	0.2587399	0.752334	0.247666	0.3584411
21738	-2631.544	-2734.504	102.9603	2.045049	1.307901	0.3407706	0.691748	0.308252	0.3629983
21744	-2628.316	-2731.09	102.774	1.982532	1.266721	0.4945735	0.732377	0.267623	0.3724478
21750	-2634.634	-2737.784	103.1503	1.476864	1.452829	0.3624869	0.807117	0.192883	0.9574032
21756	-2636.153	-2739.4	103.2464	1.49637	1.391164	0.3828702	0.731565	0.268435	0.8329852
21762	-2630.522	-2733.762	103.2398	1.457484	1.391164	0.3813883	0.79059	0.20941	0.8906926
21768	-2630.202	-2733.181	102.9787	1.499509	1.812617	0.3589933	0.81222	0.18778	0.8548153
21774	-2631.598	-2734.992	103.394	1.50219	1.381141	0.3328786	0.810055	0.189945	0.7780502
21780	-2632.49	-2735.903	103.4131	1.662434	1.063272	0.3805385	0.804903	0.195097	0.7716761
21786	-2636.715	-2739.911	103.1964	1.758519	1.216252	0.399173	0.738811	0.261189	0.684256
21792	-2635.067	-2738.375	103.3073	1.69467	1.136579	0.399173	0.71169	0.28831	0.7246923
21798	-2637.075	-2740.628	103.5527	1.741199	0.9141064	0.399173	0.69978	0.30022	0.5523905
21804	-2625.391	-2728.996	103.6048	1.934675	0.8855184	0.2958183	0.81524	0.18476	0.4321098
21810	-2620.242	-2723.75	103.5074	1.826632	1.096661	0.2958183	0.811828	0.188172	0.4656258
21816	-2624.061	-2727.737	103.6753	1.709168	1.096661	0.2733849	0.811828	0.188172	0.5572951
21822	-2622.61	-2726.336	103.7263	1.721311	0.9320079	0.3156291	0.661361	0.338639	0.5588239
21828	-2618.446	-2722.443	103.9976	1.686335	0.7765165	0.2902718	0.787374	0.212626	0.5461827
21834	-2620.702	-2724.484	103.7821	1.522614	1.045246	0.2873986	0.736838	0.263162	0.759033
21840	-2626.982	-2730.513	103.5313	1.403966	1.200363	0.2804388	0.740186	0.259814	1.037097
21846	-2620.868	-2724.492	103.6241	1.471142	1.140815	0.2804388	0.841167	0.158833	0.9279237
21852	-2633.375	-2736.515	103.14	1.514899	1.509455	0.3938747	0.800286	0.199714	0.8035641
21858	-2623.451	-2726.681	103.2293	1.514899	1.36841	0.3938747	0.742793	0.257207	0.8264497
21864	-2636.463	-2739.722	103.2592	1.498766	1.311087	0.3938747	0.804337	0.195663	0.8657943
21870	-2625.268	-2728.438	103.1704	1.435903	1.507719	0.3938747	0.833068	0.166932	0.8657943
21876	-2636.315	-2738.85	102.5342	1.563941	1.507719	0.6572057	0.72557	0.27443	0.9574448
21882	-2633.596	-2737.059	103.4629	1.431178	0.9898469	0.411268	0.713182	0.286818	0.9963568
21888	-2626.86	-2730.524	103.6637	1.447474	0.9898469	0.3749481	0.746971	0.253029	0.8348193
21894	-2631.226	-2734.974	103.7483	1.572021	0.9898469	0.2700945	0.696394	0.303606	0.8651422
21900	-2628.514	-2732.309	103.7952	1.512108	0.9898469	0.2753409	0.76703	0.23297	0.8651422
21906	-2636.721	-2740.89	104.1692	1.507991	0.7347547	0.2753409	0.78401	0.21599	0.7555131
21912	-2630.497	-2734.524	104.0267	1.611272	0.7347547	0.3301385	0.696096	0.303904	0.5754048
21918	-2627.085	-2731.127	104.042	1.492385	0.7347547	0.3281155	0.696096	0.303904	0.7842337
21924	-2623.952	-2727.759	103.8072	1.470141	0.8823964	0.3597082	0.694663	0.305337	0.80652
21930	-2626.812	-2730.79	103.9784	1.627167	0.7793637	0.272863	0.714984	0.285016	0.7881231
21936	-2624.513	-2728.621	104.1082	1.359746	0.7861926	0.272863	0.79087	0.20913	0.9420264
21942	-2631.287	-2735.153	103.8661	1.364685	0.7861926	0.3460915	0.757252	0.242748	1.013206
21948	-2632.226	-2735.924	103.6977	1.417915	0.811875	0.350489	0.784741	0.215259	1.085374
21954	-2628.783	-2732.06	103.2772	1.310997	1.352806	0.350489	0.822636	0.177364	1.095393
21960	-2627.763	-2730.796	103.0339	1.217283	1.352806	0.350489	0.751106	0.248894	1.379052
21966	-2629.297	-2732.461	103.1638	1.157601	1.195944	0.350489	0.77394	0.22606	1.426031
21972	-2632.53	-2736.054	103.5239	1.188999	0.9001267	0.350489	0.734361	0.265639	1.344037
21978	-2629.015	-2732.221	103.2057	1.164037	1.344256	0.350489	0.80262	0.19738	1.2897
21984	-2630.689	-2734.41	103.7217	1.50343	1.033435	0.3043862	0.694251	0.305749	0.8282057
21990	-2634.123	-2737.401	103.2782	1.219517	1.139279	0.3520006	0.694251	0.305749	1.324549
21996	-2627.484	-2730.625	103.1416	1.21423	1.230803	0.3565119	0.832126	0.167874	1.365931
22002	-2630.157	-2733.508	103.3508	1.47194	1.230803	0.3012644	0.662562	0.337438	1.071974
22008	-2641.941	-2745.768	103.827	1.287696	0.863232	0.3012644	0.680248	0.319752	1.131931
22014	-2640.169	-2743.507	103.338	1.062906	1.175417	0.4536625	0.735244	0.264756	1.216461
22020	-2630.834	-2734.141	103.3078	1.163695	1.243089	0.3845223	0.804042	0.195958	1.216461
22026	-2641.091	-2744.079	102.9882	1.396966	1.957319	0.2944628	0.813185	0.186815	1.013046
22032	-2636.289	-2740.084	103.7957	1.333127	1.128811	0.294478	0.72322	0.27678	0.8642329
22038	-2626.424	-2730.398	103.9738	1.410905	0.8391905	0.3493601	0.72322	0.27678	0.754387
22044	-2632.1	-2736.207	104.1072	1.523706	0.6734977	0.3461411	0.762094	0.237906	0.6979522
22050	-2636.95	-2740.91	103.9602	1.52525	0.7700921	0.3543505	0.786754	0.213246	0.7069323
22056	-2631.939	-2735.193	103.2532	1.502148	1.758333	0.2889072	0.857841	0.142159	0.7381438
22062	-2635.325	-2738.99	103.6648	1.35505	1.324616	0.2459971	0.746397	0.253603	0.9338736
22068	-2635.674	-2738.537	102.863	1.322538	2.234295	0.3078002	0.833524	0.166476	1.024672
22074	-2627.075	-2730.16	103.0848	1.675449	1.551558	0.3551944	0.793405	0.206595	0.7191959
22080	-2636.635	-2739.302	102.6667	1.980789	1.587246	0.4193386	0.784225	0.215775	0.3778653
22086	-2644.898	-2747.842	102.9445	1.843914	1.587246	0.3654403	0.784667	0.215333	0.4904926
22092	-2634.988	-2738.156	103.1683	1.105818	1.225508	0.3232292	0.850368	0.149632	1.487421
22098	-2633.058	-2735.801	102.7438	1.282225	1.623608	0.3633494	0.815808	0.184192	1.377442
22104	-2641.897	-2744.876	102.9791	1.352194	1.623608	0.3633494	0.76447	0.23553	1.122474
22110	-2632.164	-2735.306	103.1425	1.231112	1.499986	0.288334	0.831734	0.168266	1.30283
22116	-2630.815	-2734.553	103.7377	1.242064	0.9668607	0.288334	0.726772	0.273228	1.18004
22122	-2634.623	-2737.822	103.1992	1.281249	0.9868126	0.340657	0.751527	0.248473	1.470335
22128	-2636.043	-2739.675	103.6328	1.450596	0.9868126	0.3798438	0.701165	0.298835	0.8604546
22134	-2629.626	-2732.957	103.331	1.900038	1.195598	0.2951499	0.873757	0.126243	0.4116936
22140	-2627.621	-2730.227	102.606	1.985054	1.832975	0.3649574	0.796129	0.203871	0.3785409
22146	-2623.548	-2726.655	103.1062	1.978958	1.178624	0.3537176	0.756023	0.243977	0.3597646
22152	-2622.318	-2725.227	102.9086	2.073977	1.211114	0.3752489	0.728076	0.271924	0.3269305
22158	-2627.066	-2730.069	103.0029	2.084034	1.123754	0.3506528	0.734899	0.265101	0.3062844
22164	-2624.344	-2727.589	103.2457	2.09059	0.8724091	0.3506528	0.865149	0.134851	0.3037592
22170	-2636.209	-2739.967	103.7575	2.037508	0.7340443	0.2356865	0.795931	0.204069	0.3222993
22176	-2630.646	-2734.562	103.9154	1.969957	0.7340443	0.2185236	0.743807	0.256193	0.3703017
22182	-2616.912	-2720.245	103.3332	1.159664	1.202335	0.303771	0.807149	0.192851	1.368338
22188	-2624.714	-2727.317	102.6032	1.263345	2.049949	0.3180808	0.772293	0.227707	1.368338
22194	-2621.108	-2724.303	103.1954	1.214277	1.405894	0.2690197	0.777881	0.222119	1.368338
22200	-2635.536	-2739.102	103.5658	1.140828	0.9523998	0.2690197	0.616496	0.383504	1.451022
22206	-2627.23	-2731.191	103.9601	1.193799	0.6451794	0.3623199	0.760155	0.239845	1.216588
22212	-2626.431	-2730.444	104.0129	1.195988	0.6451794	0.3623199	0.760155	0.239845	1.169261
22218	-2632.511	-2736.499	103.988	1.279245	0.6944027	0.3302474	0.725263	0.274737	1.119172
22224	-2631.702	-2735.149	103.4471	1.122596	0.9404835	0.3231347	0.775458	0.224542	1.467768
22230	-2624.938	-2727.373	102.4345	1.190154	1.325062	0.5498801	0.767016	0.232984	1.598361
22236	-2634.859	-2737.726	102.8671	1.163775	1.325062	0.4172761	0.705077	0.294923	1.463959
22242	-2622.023	-2725.796	103.7733	1.682289	1.02313	0.2625616	0.770232	0.229768	0.6385542
22248	-2626.933	-2731.128	104.1954	1.76905	0.6154477	0.2625616	0.723192	0.276808	0.5365818
22254	-2635.258	-2738.225	102.9675	1.3293	1.044782	0.6090398	0.795129	0.204871	1.197495
22260	-2635.057	-2738.083	103.0259	1.358266	1.008051	0.5186516	0.812833	0.187167	1.269918
22266	-2630.283	-2733.632	103.3497	1.149435	1.143111	0.2957485	0.812833	0.187167	1.41903
22272	-2632.454	-2735.339	102.8844	1.069544	1.502614	0.2364636	0.80679	0.19321	1.71501
22278	-2642.572	-2745.137	102.5656	1.142137	1.502614	0.3990308	0.795722	0.204278	1.627524
22284	-2637.191	-2739.666	102.4757	1.158458	1.502614	0.3990308	0.785724	0.214276	1.680276
22290	-2637.898	-2740.91	103.0117	1.147319	1.12393	0.4186229	0.793894	0.206106	1.495774
22296	-2629.529	-2732.82	103.2907	1.260291	1.12393	0.306868	0.788209	0.211791	1.372096
22302	-2634.65	-2738.358	103.7077	1.412514	1.005549	0.3628547	0.806833	0.193167	0.8346359
22308	-2626.554	-2730.328	103.7742	1.600064	1.164419	0.2311794	0.742897	0.257103	0.7014118
22314	-2621.334	-2724.989	103.6552	1.641469	0.9135454	0.3953943	0.787171	0.212829	0.5753017
22320	-2642.05	-2745.942	103.8919	1.430789	0.7478553	0.3251838	0.675217	0.324783	1.013297
22326	-2634.696	-2738.567	103.8712	1.264652	1.017078	0.2267912	0.740354	0.259646	1.137467
22332	-2633.936	-2737.043	103.107	1.098399	1.017078	0.2512344	0.680534	0.319466	1.799129
22338	-2628.902	-2731.799	102.8972	0.9936006	1.017078	0.3912872	0.755373	0.244627	1.799129
22344	-2636.754	-2739.427	102.6725	0.9742131	1.342046	0.2387177	0.823512	0.176488	2.005235
22350	-2635.58	-2738.171	102.5914	1.001594	1.375912	0.3965386	0.729846	0.270154	1.78015
22356	-2630.514	-2733.619	103.1053	1.162354	1.375912	0.3192794	0.709413	0.290587	1.404796
22362	-2631.819	-2735.168	103.349	1.309178	1.63203	0.2198118	0.846346	0.153654	1.132464
22368	-2632.525	-2736.222	103.6969	1.16633	1.136352	0.2198118	0.726622	0.273378	1.290036
22374	-2627.089	-2730.277	103.1875	1.183832	1.513805	0.2821611	0.81402	0.18598	1.308558
22380	-2625.922	-2729.704	103.7818	1.119689	0.8523121	0.2931976	0.71631	0.28369	1.337629
22386	-2625.673	-2728.973	103.2998	0.9589319	0.8523121	0.33568	0.743448	0.256552	1.743437
22392	-2625.09	-2728.827	103.7373	0.9925191	0.7422878	0.2534817	0.700016	0.299984	1.639434
22398	-2626.374	-2729.892	103.5172	1.02025	0.7422878	0.3105281	0.731152	0.268848	1.678025
22404	-2620.977	-2724.418	103.4411	1.360477	1.007625	0.3628049	0.787127	0.212873	1.15567
22410	-2636.188	-2739.858	103.6696	1.695241	0.8842684	0.3758798	0.771014	0.228986	0.5827174
22416	-2633.549	-2738.014	104.4647	1.659843	0.5106434	0.2525808	0.670146	0.329854	0.6271158
22422	-2639.009	-2742.577	103.5673	1.446994	0.8230341	0.3630341	0.787821	0.212179	1.141863
22428	-2633.466	-2736.797	103.3308	1.377074	1.355136	0.3095313	0.822568	0.177432	1.065802
22434	-2633.593	-2738.276	104.6831	1.409137	0.511106	0.2328071	0.62994	0.37006	0.7752529
22440	-2631.901	-2736.618	104.7167	1.498206	0.4980969	0.2328071	0.618164	0.381836	0.5766006
22446	-2629.223	-2733.821	104.5987	1.486867	0.5244057	0.2443873	0.618164	0.381836	0.7042897
22452	-2623.323	-2727.211	103.8877	1.225896	0.8573981	0.3021622	0.678487	0.321513	1.136879
22458	-2624.516	-2727.959	103.4429	1.17513	1.199862	0.3021622	0.709694	0.290306	1.272338
22464	-2623.029	-2726.989	103.9595	1.495819	0.9242493	0.2449022	0.720926	0.279074	0.8620649
22470	-2619.2	-2722.759	103.5594	1.507039	1.023207	0.3780067	0.698728	0.301272	0.8415221
22476	-2623.424	-2727.015	103.5917	1.525141	1.023207	0.3780067	0.774608	0.225392	0.7752989
22482	-2621.857	-2725.268	103.4112	1.561412	1.198788	0.3805395	0.755284	0.244716	0.7412307
22488	-2631.837	-2735.336	103.4994	1.439344	1.198788	0.3805395	0.8026	0.1974	0.7900042
22494	-2636.185	-2740.085	103.8999	1.322584	1.111973	0.2280921	0.790596	0.209404	0.9646746
22500	-2638.718	-2741.274	102.5558	1.377528	1.906091	0.431132	0.725621	0.274379	1.19594
22506	-2634.534	-2737.796	103.262	1.262814	1.119501	0.3997804	0.832558	0.167442	1.238355
22512	-2619.882	-2723.04	103.1585	1.214493	1.225359	0.3992081	0.745671	0.254329	1.287209
22518	-2621.69	-2724.028	102.3379	1.246681	1.72897	0.4182057	0.822032	0.177968	1.57638
22524	-2625.622	-2728.095	102.4729	1.111662	1.72897	0.4182057	0.800738	0.199262	1.57638
22530	-2636.559	-2739.774	103.2153	1.089593	1.342677	0.2760549	0.84649	0.15351	1.474072
22536	-2643.177	-2745.736	102.5596	1.017019	1.868006	0.2760549	0.776104	0.223896	1.735854
22542	-2636.262	-2740.12	103.8583	1.454658	1.128429	0.2594722	0.696762	0.303238	0.7327432
22548	-2638.682	-2742.868	104.1863	1.68629	0.6439566	0.271358	0.709521	0.290479	0.6380698
22554	-2627.288	-2730.477	103.1888	1.100324	1.337861	0.2760549	0.758821	0.241179	1.488869
22560	-2627.777	-2730.728	102.9511	1.152848	1.337861	0.348825	0.78565	0.21435	1.503619
22566	-2627.3	-2730.538	103.2382	1.29582	1.337861	0.3630946	0.745122	0.254878	1.131622
22572	-2628.85	-2731.727	102.8771	1.339441	1.733126	0.4527935	0.743196	0.256804	1.000063
22578	-2630.122	-2733.386	103.2636	1.365798	1.405619	0.3312338	0.794521	0.205479	1.056832
22584	-2627.733	-2730.899	103.1658	1.446415	1.507184	0.3312338	0.791794	0.208206	0.9992409
22590	-2626.138	-2729.376	103.2384	1.511234	1.507184	0.3312338	0.721964	0.278036	0.849144
22596	-2632.428	-2736.358	103.9298	1.492015	0.8378059	0.3312338	0.824937	0.175063	0.7594302
22602	-2630.435	-2733.819	103.3844	1.24779	1.301166	0.3045995	0.832167	0.167833	1.183404
22608	-2630.753	-2734.058	103.3055	1.471787	1.256156	0.4152876	0.703539	0.296461	0.847997
22614	-2635.388	-2738.377	102.989	1.224649	1.701081	0.3502077	0.772721	0.227279	1.203564
22620	-2624.957	-2727.922	102.964	1.310214	1.701081	0.3502077	0.681591	0.318409	1.150926
22626	-2629.214	-2732.254	103.0393	1.445749	1.701081	0.3502077	0.818454	0.181546	0.9490813
22632	-2632.081	-2735.321	103.2397	1.516866	1.222721	0.4049074	0.700979	0.299021	0.9268732
22638	-2626.473	-2729.555	103.0822	1.817659	1.222721	0.4543377	0.796973	0.203027	0.5356136
22644	-2624.986	-2728.285	103.2988	1.330497	1.094688	0.4071804	0.814697	0.185303	1.156218
22650	-2630.978	-2733.975	102.9979	1.249282	1.650937	0.4071804	0.68955	0.31045	1.103138
22656	-2629.065	-2732.245	103.1796	1.237517	1.290482	0.4071804	0.750126	0.249874	1.191473
22662	-2622.765	-2725.419	102.6543	1.842052	1.738845	0.462637	0.789027	0.210973	0.4473511
22668	-2628.512	-2731.358	102.8464	1.861277	1.299859	0.5319935	0.793899	0.206101	0.5061941
22674	-2618.242	-2721.016	102.7735	1.88271	1.362783	0.5319935	0.773941	0.226059	0.4788777
22680	-2627.579	-2730.42	102.8414	1.902596	1.362783	0.4789932	0.681989	0.318011	0.4928616
22686	-2624.192	-2727.679	103.4875	1.97287	0.9496684	0.2835445	0.833741	0.166259	0.3580164
22692	-2620.208	-2723.095	102.8869	2.000169	1.113017	0.4923756	0.77382	0.22618	0.3613619
22698	-2625.635	-2728.495	102.8601	2.027204	1.624354	0.2740872	0.775172	0.224828	0.3253585
22704	-2627.792	-2731.144	103.3513	1.951503	0.9393878	0.3444491	0.75228	0.24772	0.3253585
22710	-2637.727	-2741	103.273	1.938417	0.9122186	0.4123312	0.75965	0.24035	0.3412488
22716	-2640.275	-2743.252	102.9761	1.932888	1.260451	0.4123312	0.739328	0.260672	0.3745936
22722	-2634.964	-2738.029	103.065	1.957414	1.114307	0.4381984	0.776036	0.223964	0.4510574
22728	-2633.211	-2736.222	103.0113	1.981421	1.114307	0.4381984	0.79389	0.20611	0.3793135
22734	-2628.125	-2731.135	103.0095	1.994685	1.114307	0.4381984	0.798568	0.201432	0.3995685
22740	-2620.664	-2723.604	102.9399	2.025028	1.114307	0.4381984	0.809755	0.190245	0.3432299
22746	-2623.984	-2726.916	102.9312	2.057042	1.114307	0.425462	0.716272	0.283728	0.3432299
22752	-2632.746	-2736.392	103.6462	1.273011	0.8830331	0.3986081	0.728814	0.271186	1.10282
22758	-2638.418	-2741.21	102.7918	1.311595	1.297363	0.5560886	0.783213	0.216787	1.237644
22764	-2628.376	-2731.8	103.4244	1.71556	1.181964	0.3426689	0.786905	0.213095	0.589396
22770	-2629.777	-2733.416	103.6385	1.374813	1.36873	0.2090273	0.69519	0.30481	1.009895
22776	-2626.323	-2729.72	103.3967	1.559506	1.184101	0.3342479	0.829439	0.170561	0.9023638
22782	-2626.648	-2730.607	103.9592	1.382234	0.8578145	0.2867658	0.755752	0.244248	0.9523021
22788	-2625.358	-2728.719	103.3612	1.254572	1.309327	0.3256754	0.755752	0.244248	1.150329
22794	-2629.978	-2734.005	104.0266	1.943304	0.6168534	0.24303	0.66994	0.33006	0.3636014
22800	-2633.875	-2737.115	103.24	1.870445	1.359709	0.2767988	0.827115	0.172885	0.3633037
22806	-2625.874	-2729.135	103.2608	1.997461	1.045327	0.3303882	0.807291	0.192709	0.3598487
22812	-2619.392	-2722.556	103.1637	2.005247	1.045327	0.3645698	0.782445	0.217555	0.3401482
22818	-2626.128	-2729.445	103.3166	2.005247	0.7361172	0.456291	0.821507	0.178493	0.3278322
22824	-2631.608	-2734.652	103.0445	2.012063	0.9930755	0.456291	0.77078	0.22922	0.3514998
22830	-2630.694	-2733.687	102.9929	1.081553	1.315903	0.2763767	0.777799	0.222201	1.658682
22836	-2634.665	-2738.002	103.337	1.017632	0.9120523	0.2763767	0.716375	0.283625	1.725914
22842	-2629.86	-2733.298	103.4379	2.063043	0.9645909	0.2482193	0.756223	0.243777	0.3229755
22848	-2619.711	-2722.896	103.1855	2.066509	1.094002	0.298692	0.696203	0.303797	0.3254957
22854	-2633.712	-2737.007	103.2957	1.198299	1.151201	0.3624057	0.743619	0.256381	1.301389
22860	-2629.436	-2733.03	103.594	2.055637	0.7284702	0.2963814	0.666402	0.333598	0.3227809
22866	-2629.351	-2733.358	104.0073	1.891519	0.7284702	0.2294876	0.766404	0.233596	0.4572117
22872	-2635.973	-2738.718	102.7452	1.24606	1.675953	0.3725063	0.861464	0.138536	1.362053
22878	-2632.545	-2735.348	102.8037	1.24548	1.642399	0.3725063	0.823731	0.176269	1.334128
22884	-2626.992	-2729.621	102.6297	1.092707	1.366307	0.3725063	0.747448	0.252552	1.728226
22890	-2640.774	-2742.97	102.1965	1.501909	2.096119	0.5696072	0.793639	0.206361	1.101801
22896	-2627.936	-2730.695	102.7597	1.489249	2.24673	0.3364514	0.851841	0.148159	0.8837206
22902	-2622.267	-2725.8	103.5337	1.548541	1.212018	0.3342033	0.790012	0.209988	0.7008471
22908	-2627.923	-2731.075	103.1523	1.898953	1.320106	0.3342033	0.750374	0.249626	0.4539811
22914	-2627.478	-2730.661	103.1832	1.857781	1.320106	0.338446	0.825056	0.174944	0.4488106
22920	-2626.264	-2729.474	103.21	1.94611	1.127975	0.338446	0.887906	0.112094	0.3512112
22926	-2623.276	-2726.394	103.118	2.031026	1.127975	0.338446	0.765248	0.234752	0.3431321
22932	-2631.362	-2734.769	103.4069	1.65684	1.04856	0.4526106	0.790029	0.209971	0.5059678
22938	-2632.044	-2735.539	103.4946	1.632291	0.976206	0.4526106	0.835786	0.164214	0.5684284
22944	-2634.191	-2737.348	103.157	1.711284	1.149254	0.4907068	0.778376	0.221624	0.646596
22950	-2633.688	-2736.32	102.6314	1.570569	1.450095	0.7303977	0.821049	0.178951	0.7701167
22956	-2639.573	-2742.367	102.7939	1.702625	1.15114	0.7303977	0.742613	0.257387	0.6926449
22962	-2624.154	-2727.391	103.237	1.677488	1.328341	0.3939752	0.787242	0.212758	0.5809822
22968	-2631.02	-2734.231	103.2109	1.54853	1.561221	0.351806	0.795191	0.204809	0.7208097
22974	-2634.441	-2738.427	103.9857	1.404281	0.8238467	0.3037638	0.728154	0.271846	0.8979817
22980	-2628.316	-2731.858	103.5417	1.415243	1.37694	0.3037638	0.7063	0.2937	0.7888384
22986	-2629.329	-2732.458	103.1292	1.507087	1.353352	0.4734664	0.835719	0.164281	0.7930048
22992	-2625.78	-2728.895	103.1156	1.521785	1.353352	0.4637399	0.784651	0.215349	0.8137807
22998	-2630.997	-2734.7	103.703	1.342372	0.9289529	0.4145486	0.74102	0.25898	0.8959219
23004	-2628.937	-2732.416	103.4791	1.356742	0.9994538	0.4145486	0.751449	0.248551	1.038127
23010	-2636.152	-2739.565	103.4131	1.302034	0.8541327	0.4345582	0.680895	0.319105	1.249698
23016	-2639.467	-2743.024	103.5567	1.174136	0.8541327	0.5075812	0.811224	0.188776	1.127361
23022	-2640.287	-2744.027	103.7405	1.387188	1.090842	0.2737395	0.727844	0.272156	0.9598323
23028	-2636.404	-2739.366	102.9614	1.200495	1.390176	0.3561018	0.866411	0.133589	1.416502
23034	-2639.356	-2742.169	102.8127	1.283208	1.956689	0.3278837	0.760093	0.239907	1.207659
23040	-2637.804	-2741.367	103.5629	1.100151	0.8318255	0.2454949	0.775722	0.224278	1.625494
23046	-2628.594	-2731.067	102.4727	1.083573	1.305633	0.368876	0.77369	0.22631	1.881929
23052	-2619.351	-2722.534	103.1829	1.144558	1.305633	0.2363639	0.742033	0.257967	1.555926
23058	-2624.622	-2727.586	102.9638	1.312137	1.610221	0.3661324	0.742033	0.257967	1.174618
23064	-2621.9	-2725.568	103.6681	1.548797	1.147817	0.267033	0.760237	0.239763	0.8165922
23070	-2636.038	-2739.419	103.3801	1.442133	1.147817	0.3864464	0.844466	0.155534	0.9651502
23076	-2634.024	-2737.827	103.8024	1.538421	0.7897576	0.3864464	0.742422	0.257578	0.7909693
23082	-2626.734	-2729.426	102.6924	1.237207	1.71223	0.4004571	0.813714	0.186286	1.347983
23088	-2633.371	-2736.107	102.7367	1.269468	1.426209	0.4004571	0.809381	0.190619	1.446581
23094	-2632.478	-2735.147	102.6686	1.14074	1.889524	0.3519904	0.757393	0.242607	1.429777
23100	-2630.785	-2734.313	103.5282	1.450863	0.9698143	0.4446513	0.782021	0.217979	0.8594043
23106	-2631.289	-2735.18	103.8905	1.312587	0.8756322	0.3093223	0.7855	0.2145	1.019039
23112	-2633.564	-2737.276	103.7115	1.189163	0.8756322	0.3074477	0.785246	0.214754	1.290517
23118	-2629.11	-2732.363	103.2527	1.220744	1.29187	0.3074477	0.783004	0.216996	1.316711
23124	-2626.211	-2729.713	103.5022	1.13449	1.06229	0.259973	0.719435	0.280565	1.438374
23130	-2630.305	-2733.624	103.3193	1.192025	1.06229	0.3703999	0.731248	0.268752	1.340653
23136	-2628.564	-2731.486	102.9217	1.13562	1.06229	0.3703999	0.735064	0.264936	1.680614
23142	-2638.869	-2741.916	103.0473	1.252839	1.832299	0.2558121	0.817437	0.182563	1.244189
23148	-2633.381	-2736.972	103.5906	1.1231	1.02834	0.2151408	0.776596	0.223404	1.496618
23154	-2631.821	-2735.158	103.337	1.109514	1.080616	0.2151408	0.765317	0.234683	1.655591
23160	-2632.633	-2735.766	103.1329	1.117194	1.080616	0.3407628	0.829098	0.170902	1.573515
23166	-2636.999	-2740.405	103.4058	1.114707	1.128134	0.2121402	0.759384	0.240616	1.576339
23172	-2626.118	-2729.58	103.4625	1.243823	1.162296	0.3120691	0.776565	0.223435	1.207074
23178	-2628.582	-2731.961	103.3793	1.241761	1.162296	0.3120691	0.776565	0.223435	1.278396
23184	-2627.353	-2731.052	103.699	1.273106	0.9462561	0.3633807	0.734487	0.265513	1.05587
23190	-2631.795	-2735.47	103.6748	1.37637	0.9319425	0.3633807	0.853093	0.146907	0.9932894
23196	-2628.819	-2732.313	103.4945	1.488313	1.008145	0.3797538	0.717532	0.282468	0.9492317
23202	-2630.266	-2733.788	103.5222	1.762302	0.9702009	0.3762693	0.80942	0.19058	0.5217285
23208	-2633.794	-2737.472	103.6787	1.80644	0.9702009	0.2840886	0.7526	0.2474	0.5386557
23214	-2622.077	-2725.804	103.7268	1.540219	1.161693	0.2485746	0.786106	0.213894	0.7965017
23220	-2625.446	-2729.157	103.7113	1.504974	0.9778287	0.301448	0.650126	0.349874	0.9118179
23226	-2624.465	-2728.312	103.8465	1.443206	0.9778287	0.301448	0.785111	0.214889	0.8251525
23232	-2625.526	-2728.956	103.4299	1.463174	1.450781	0.301448	0.833056	0.166944	0.8055699
23238	-2628.581	-2732.252	103.671	1.551484	1.004892	0.3044837	0.794396	0.205604	0.865468
23244	-2627.698	-2731.36	103.6613	1.627304	1.004892	0.3339938	0.794396	0.205604	0.67536
23250	-2628.848	-2732.83	103.9817	1.720794	0.8273165	0.2531211	0.706397	0.293603	0.6003233
23256	-2625.462	-2729.384	103.9226	1.795569	0.8273165	0.2531211	0.750828	0.249172	0.4678745
23262	-2632.974	-2736.042	103.068	1.887357	1.08753	0.4930318	0.805178	0.194822	0.4705691
23268	-2634.865	-2737.615	102.7503	1.887357	1.465527	0.4930318	0.76315	0.23685	0.4576885
23274	-2633.392	-2736.242	102.8505	1.868237	1.354448	0.4930318	0.755954	0.244046	0.4380904
23280	-2628.136	-2731.29	103.1546	1.914567	1.354448	0.3019138	0.740069	0.259931	0.3847097
23286	-2626.323	-2729.93	103.6064	1.762887	1.118709	0.2729995	0.683462	0.316538	0.5311373
23292	-2624.689	-2728.092	103.4032	1.784245	1.118709	0.3530858	0.801697	0.198303	0.4716459
23298	-2628.97	-2731.979	103.0084	1.873652	1.490623	0.3530858	0.828906	0.171094	0.4716459
23304	-2620.877	-2724.073	103.1959	1.813643	1.322863	0.3530858	0.792858	0.207142	0.457885
23310	-2628.381	-2731.285	102.9045	1.72085	1.59819	0.4432604	0.85692	0.14308	0.5589439
23316	-2636.325	-2739.36	103.0352	1.722092	1.59819	0.3743632	0.711752	0.288248	0.5543919
23322	-2631.561	-2735.023	103.4622	1.563105	0.9912279	0.453872	0.740784	0.259216	0.7472227
23328	-2636.113	-2739.383	103.2707	1.466456	1.376694	0.4014698	0.759914	0.240086	0.8082227
23334	-2627.518	-2729.631	102.1124	2.521394	1.410146	0.2704693	0.730687	0.269313	0.1510989
23340	-2635.093	-2738.906	103.8124	1.355399	0.8820585	0.3597944	0.666115	0.333885	0.935565
23346	-2624.845	-2728.834	103.9892	1.425727	0.8820585	0.2530208	0.721373	0.278627	0.9350142
23352	-2623.539	-2727.756	104.2168	1.412302	0.7306345	0.2393134	0.764833	0.235167	0.9350142
23358	-2620.562	-2725.113	104.5503	1.383804	0.5561371	0.2393134	0.601096	0.398904	0.8642582
23364	-2626.415	-2729.788	103.3725	1.528656	1.174643	0.37019	0.803698	0.196302	0.8886572
23370	-2634.965	-2738.357	103.3921	1.501682	1.582347	0.2357841	0.821671	0.178329	0.8886572
23376	-2630.922	-2734.191	103.2694	1.544171	1.582347	0.2324119	0.801931	0.198069	0.9845868
23382	-2628.074	-2730.987	102.9131	2.331053	0.7808843	0.3423221	0.768239	0.231761	0.1983937
23388	-2626.385	-2729.505	103.12	2.282635	0.8605108	0.253909	0.767944	0.232056	0.2134998
23394	-2626.686	-2731.204	104.5181	1.517403	0.5034719	0.2836104	0.637529	0.362471	0.6767224
23400	-2629.708	-2732.485	102.7769	2.217134	1.118068	0.3617487	0.773407	0.226593	0.2579724
23406	-2625.02	-2728.104	103.0835	2.241952	0.9094115	0.2917954	0.739998	0.260002	0.2428858
23412	-2637.565	-2740.942	103.377	1.273924	1.19802	0.347802	0.824655	0.175345	1.159929
23418	-2623.622	-2726.902	103.2795	1.320369	1.19802	0.347802	0.743282	0.256718	1.204126
23424	-2629.087	-2733.054	103.9671	1.427085	0.7117462	0.3865467	0.751009	0.248991	0.8462113
23430	-2630.683	-2733.821	103.1381	1.769825	1.265762	0.4305729	0.758097	0.241903	0.4821848
23436	-2627.805	-2730.974	103.1691	1.84012	1.065335	0.4702203	0.751037	0.248963	0.4404367
23442	-2619.849	-2722.822	102.9733	1.950461	1.136413	0.4702203	0.736784	0.263216	0.3926091
23448	-2626.416	-2729.332	102.916	1.981695	1.136413	0.4856548	0.800286	0.199714	0.3931014
23454	-2626.142	-2729.545	103.4031	2.017434	1.010449	0.268547	0.850491	0.149509	0.3406307
23460	-2629.08	-2732.46	103.3808	2.027963	1.117286	0.2365634	0.725074	0.274926	0.3486267
23466	-2627.971	-2731.036	103.065	2.153906	0.9289829	0.3932994	0.757622	0.242378	0.3297666
23472	-2627.374	-2730.8	103.426	2.123248	0.7860718	0.3124115	0.734727	0.265273	0.3297666
23478	-2632.934	-2735.931	102.9968	2.123248	1.030054	0.3550691	0.788691	0.211309	0.274306
23484	-2632.698	-2735.342	102.6445	2.123248	1.482504	0.3550691	0.788691	0.211309	0.2948475
23490	-2628.61	-2731.186	102.5758	2.191903	1.482504	0.3550691	0.81479	0.18521	0.2948031
23496	-2635.378	-2737.922	102.5442	2.240351	1.482504	0.340829	0.705206	0.294794	0.28561
23502	-2632.16	-2734.41	102.2497	2.272126	2.048948	0.2597873	0.83281	0.16719	0.2397029
23508	-2628.869	-2731.065	102.1965	2.190038	2.048948	0.3492633	0.834331	0.165669	0.2781781
23514	-2627.395	-2729.622	102.2278	2.158764	2.048948	0.3492633	0.814892	0.185108	0.2781781
23520	-2616.512	-2719.282	102.7706	2.013462	1.407613	0.3740521	0.741778	0.258222	0.2938765
23526	-2615.833	-2719.106	103.2724	1.984224	1.002557	0.3471396	0.729783	0.270217	0.3505576
23532	-2637.21	-2740.489	103.2792	1.995463	0.8819005	0.4127565	0.586221	0.413779	0.3817268
23538	-2630.839	-2733.818	102.9785	1.922237	1.291975	0.4127565	0.673647	0.326353	0.4082574
23544	-2630.848	-2734.176	103.3273	1.622595	1.505315	0.3043299	0.822701	0.177299	0.6331184
23550	-2630.878	-2733.91	103.0318	1.686403	1.505315	0.4225197	0.749368	0.250632	0.6007466
23556	-2624.15	-2727.502	103.3514	1.549077	1.122581	0.419649	0.799805	0.200195	0.8304928
23562	-2629.266	-2732.675	103.4094	1.396617	1.392505	0.3076404	0.734892	0.265108	0.9430751
23568	-2625.047	-2727.971	102.9242	1.249738	1.560281	0.4291693	0.79751	0.20249	1.187727
23574	-2627.92	-2731.207	103.287	1.381248	1.264644	0.3386641	0.808682	0.191318	1.11096
23580	-2625.438	-2728.438	102.9999	1.370648	1.264644	0.448321	0.717758	0.282242	1.184763
23586	-2629.382	-2732.921	103.5382	1.27805	0.8283585	0.448321	0.711183	0.288817	1.167294
23592	-2618.779	-2722.553	103.7746	1.407819	0.9890153	0.2921222	0.7406	0.2594	0.9595346
23598	-2627.091	-2730.896	103.8051	1.38142	0.9890153	0.2921222	0.762708	0.237292	0.9551733
23604	-2641.558	-2745.037	103.4784	1.263245	0.8118158	0.3161763	0.771879	0.228121	1.456948
23610	-2630.958	-2733.735	102.7771	0.9945268	1.354792	0.3161763	0.808052	0.191948	1.784155
23616	-2626.849	-2730.165	103.3162	1.148888	1.112343	0.2613232	0.755155	0.244845	1.529724
23622	-2634.665	-2737.395	102.7305	1.043976	1.22867	0.4033408	0.705247	0.294753	1.728467
23628	-2628.027	-2731.519	103.4926	1.064069	1.012846	0.2957436	0.751885	0.248115	1.469263
23634	-2631.863	-2735.178	103.3149	1.026297	1.172681	0.2945711	0.667877	0.332123	1.520734
23640	-2633.087	-2736.059	102.9729	1.114856	1.541096	0.2779407	0.853468	0.146532	1.520734
23646	-2634.836	-2737.493	102.6574	1.153219	1.706444	0.4784899	0.781072	0.218928	1.33331
23652	-2628.828	-2731.962	103.1343	1.407654	1.516663	0.3718497	0.86459	0.13541	0.9770111
23658	-2627.845	-2731.036	103.1911	1.539691	1.516663	0.3718497	0.86459	0.13541	0.7510498
23664	-2636.275	-2739.313	103.0383	1.539544	1.782039	0.3580196	0.742276	0.257724	0.7510498
23670	-2628.585	-2731.722	103.1367	1.544362	1.618818	0.3580196	0.796653	0.203347	0.7593617
23676	-2627.741	-2730.864	103.1228	1.56641	1.618818	0.3580196	0.765321	0.234679	0.7471956
23682	-2629.209	-2732.606	103.3968	1.608421	1.473657	0.2785162	0.768007	0.231993	0.6929387
23688	-2628.32	-2732.062	103.7416	1.551673	1.123924	0.2785162	0.779371	0.220629	0.6929387
23694	-2626.639	-2730.35	103.7105	1.554196	1.028317	0.312048	0.773795	0.226205	0.7575612
23700	-2621.184	-2724.942	103.7582	1.632212	0.9643501	0.312048	0.82688	0.17312	0.6510095
23706	-2619.136	-2722.907	103.7708	1.52165	1.019356	0.312048	0.779543	0.220457	0.7286908
23712	-2624.011	-2727.706	103.695	1.396326	1.019356	0.312048	0.715814	0.284186	0.9746906
23718	-2622.583	-2726.205	103.6227	1.353915	1.019356	0.3672485	0.71146	0.28854	0.9704324
23724	-2628.135	-2731.22	103.0859	1.727899	1.233991	0.479837	0.758346	0.241654	0.6433579
23730	-2642.29	-2745.379	103.0891	1.169468	0.8177391	0.3956559	0.790577	0.209423	1.684649
23736	-2633.696	-2737.086	103.3903	1.14023	0.8177391	0.3713629	0.649268	0.350732	1.522026
23742	-2638.587	-2741.904	103.3179	1.335327	1.450511	0.3072282	0.823044	0.176956	1.052701
23748	-2621.562	-2725.024	103.4621	1.307944	1.492323	0.2917523	0.792974	0.207026	0.9403015
23754	-2618.033	-2721.296	103.2634	1.431433	1.659029	0.2886883	0.735654	0.264346	0.9016233
23760	-2624.189	-2727.917	103.7279	1.461199	1.05978	0.2886883	0.735654	0.264346	0.8852354
23766	-2629.379	-2732.698	103.3197	1.479804	1.440228	0.3007476	0.868103	0.131897	0.927765
23772	-2623.744	-2726.443	102.6987	1.878789	1.5312	0.5025017	0.807138	0.192862	0.4985269
23778	-2626.56	-2729.619	103.0584	1.812586	1.551296	0.3383335	0.823538	0.176462	0.495777
23784	-2630.962	-2733.792	102.8304	1.74844	1.692692	0.4355164	0.80944	0.19056	0.5353497
23790	-2633.174	-2736.605	103.4311	1.78363	1.058196	0.3597459	0.814031	0.185969	0.5987649
23796	-2630.295	-2733.892	103.597	1.440702	1.058196	0.3684639	0.712504	0.287496	0.8584795
23802	-2625.181	-2728.367	103.1857	1.452837	1.202646	0.4431412	0.801322	0.198678	0.9941836
23808	-2627.834	-2731.245	103.4107	1.620197	1.451048	0.2675182	0.781414	0.218586	0.724362
23814	-2637.489	-2741.148	103.6589	1.640489	1.087678	0.2821952	0.811029	0.188971	0.724362
23820	-2626.628	-2730.066	103.4387	1.321212	1.414436	0.2845194	0.792913	0.207087	1.027876
23826	-2635.035	-2738.584	103.5495	1.499384	1.414436	0.2511699	0.774538	0.225462	0.7995409
23832	-2633.119	-2736.621	103.5019	1.41183	1.251667	0.3275021	0.787045	0.212955	0.901196
23838	-2633.397	-2736.983	103.5858	1.476871	1.110423	0.3275021	0.759497	0.240503	0.8734421
23844	-2636.698	-2740.257	103.5592	1.413053	1.075187	0.3335682	0.759497	0.240503	0.9922008
23850	-2634.578	-2739.008	104.4304	1.61157	0.564832	0.258208	0.622689	0.377311	0.5762235
23856	-2627.581	-2731.27	103.6891	1.732866	0.8455703	0.3749559	0.671915	0.328085	0.5109534
23862	-2628.687	-2731.932	103.2447	1.793872	1.237885	0.3749559	0.751635	0.248365	0.512187
23868	-2630.873	-2733.974	103.1007	1.947179	1.260242	0.3385723	0.780134	0.219866	0.3608253
23874	-2630.296	-2734.305	104.0085	1.724845	0.644054	0.3444177	0.768454	0.231546	0.5435019
23880	-2629.768	-2732.975	103.207	1.527938	1.594665	0.3252557	0.761078	0.238922	0.8052293
23886	-2631.152	-2734.266	103.1131	1.544916	1.594665	0.3612705	0.715168	0.284832	0.8052293
23892	-2634.257	-2737.946	103.6889	1.310417	1.081485	0.3712284	0.720681	0.279319	0.87114
23898	-2640.73	-2744.325	103.5951	1.389964	1.365563	0.2226828	0.719242	0.280758	1.001696
23904	-2641.767	-2745.714	103.9468	1.409329	0.8213876	0.1543109	0.807412	0.192588	1.31689
23910	-2627.121	-2730.53	103.409	1.677438	1.087804	0.4076896	0.802851	0.197149	0.6133836
23916	-2628.672	-2731.929	103.2564	1.746253	1.469647	0.2940849	0.840334	0.159666	0.6271813
23922	-2633.274	-2736.711	103.4367	1.34359	1.528505	0.276135	0.768095	0.231905	0.9414386
23928	-2626.916	-2730.026	103.1102	1.281858	1.528505	0.3297823	0.760146	0.239854	1.190922
23934	-2619.687	-2722.888	103.2004	1.873049	1.230817	0.3547055	0.821374	0.178626	0.4236866
23940	-2614.787	-2718.263	103.4766	1.947644	1.092065	0.2607901	0.780816	0.219184	0.4672218
23946	-2623.416	-2726.775	103.3593	1.864585	1.358093	0.2501154	0.780816	0.219184	0.5272401
23952	-2633.397	-2736.317	102.9208	1.953844	1.824353	0.2570197	0.833757	0.166243	0.4559345
23958	-2639.024	-2741.32	102.2951	1.957374	2.613233	0.3361343	0.827313	0.172687	0.430871
23964	-2630.984	-2734.577	103.5927	1.59484	1.090861	0.3258045	0.824173	0.175827	0.7371442
23970	-2621.255	-2725.074	103.819	1.511101	1.021278	0.2597157	0.808311	0.191689	0.8471655
23976	-2628.682	-2732.578	103.8954	1.382465	1.021278	0.2400955	0.664445	0.335555	0.9630679
23982	-2630.608	-2734.006	103.3979	1.371261	1.202341	0.3809477	0.736194	0.263806	0.9812714
23988	-2635.679	-2738.625	102.9456	1.428974	1.419681	0.3983196	0.694484	0.305516	1.153962
23994	-2632.612	-2736.151	103.5386	1.42353	0.9364309	0.3983196	0.750666	0.249334	1.008014
24000	-2626.01	-2729.943	103.9334	1.603704	0.8291523	0.2907566	0.811704	0.188296	0.7396151
24006	-2632.307	-2736.095	103.7884	1.50307	0.8291523	0.3378154	0.725533	0.274467	0.9162597
24012	-2630.123	-2733.598	103.4749	1.450193	1.215995	0.3378154	0.792993	0.207007	0.8973678
24018	-2623.359	-2726.567	103.2079	1.498801	1.215995	0.4217793	0.813896	0.186104	0.9523127
24024	-2627.896	-2731.274	103.3778	1.583792	1.321051	0.327512	0.738665	0.261335	0.7697454
24030	-2625.216	-2729.018	103.802	1.583792	0.8881108	0.3365379	0.721167	0.278833	0.7096768
24036	-2634.866	-2738.772	103.9064	1.617404	0.8881108	0.2802287	0.821959	0.178041	0.6941325
24042	-2623.301	-2726.54	103.239	1.253135	1.265605	0.3234206	0.785506	0.214494	1.290002
24048	-2632.574	-2735.448	102.8732	1.195314	1.265605	0.4147823	0.785506	0.214494	1.475952
24054	-2622.182	-2725.382	103.2	1.218671	1.333208	0.3442023	0.818078	0.181922	1.267693
24060	-2623.724	-2726.571	102.8473	1.295987	1.688924	0.3966942	0.818078	0.181922	1.190374
24066	-2628.62	-2731.831	103.2115	1.393036	1.100306	0.4085676	0.741955	0.258045	1.170996
24072	-2617.513	-2721.318	103.8047	1.328352	0.9466542	0.277859	0.734306	0.265694	1.084094
24078	-2627.626	-2731.272	103.646	1.372592	0.8805485	0.4009949	0.740653	0.259347	1.006481
24084	-2616.272	-2719.394	103.1218	1.522294	1.500906	0.4009949	0.697991	0.302009	0.8078932
24090	-2624.402	-2727.709	103.3063	1.330065	1.281938	0.3541623	0.758807	0.241193	1.096941
24096	-2629.279	-2732.502	103.2231	1.345947	1.279689	0.4337059	0.640945	0.359055	1.015266
24102	-2632.18	-2735.27	103.0903	2.108984	1.309548	0.2414489	0.716613	0.283387	0.3185498
24108	-2630.138	-2733.066	102.9286	2.096905	1.352552	0.3051629	0.817065	0.182935	0.3362846
24114	-2628.137	-2731.293	103.1559	1.905499	1.352552	0.3116787	0.804682	0.195318	0.4101795
24120	-2631.188	-2735.659	104.4713	1.366159	0.6106627	0.2536051	0.69197	0.30803	0.8377133
24126	-2624.093	-2727.97	103.8772	1.249985	0.7596637	0.3608835	0.78995	0.21005	1.112215
24132	-2628.331	-2731.549	103.2173	1.78306	1.213277	0.4036126	0.77553	0.22447	0.4604388
24138	-2628.901	-2731.84	102.9395	1.768411	1.624074	0.3860146	0.821936	0.178064	0.5873579
24144	-2624.388	-2728.187	103.7995	1.731923	0.8377227	0.3223943	0.719322	0.280678	0.5771816
24150	-2626.51	-2729.859	103.3491	1.94973	1.216587	0.2652197	0.75598	0.24402	0.4534698
24156	-2623.191	-2726.198	103.0071	1.972246	1.645747	0.2520617	0.801599	0.198401	0.3882803
24162	-2628.969	-2732.574	103.6045	1.909412	1.019886	0.2520617	0.801599	0.198401	0.4548264
24168	-2631.526	-2734.675	103.1492	1.905434	1.019886	0.4739025	0.668842	0.331158	0.4990791
24174	-2636.907	-2741.6	104.6926	1.461119	0.4783461	0.2260892	0.544803	0.455197	0.7913254
24180	-2635.036	-2738.082	103.0453	1.220284	1.377781	0.3369656	0.786584	0.213416	1.374878
24186	-2633.447	-2737.39	103.9428	1.374075	0.8490392	0.2669333	0.721594	0.278406	1.035947
24192	-2627.395	-2730.68	103.2846	1.262669	1.064554	0.3205905	0.702455	0.297545	1.394073
24198	-2632.406	-2735.795	103.3889	1.155467	1.103219	0.3713882	0.713566	0.286434	1.281136
24204	-2623.397	-2726.693	103.2961	1.298941	1.103219	0.4442494	0.746077	0.253923	1.11857
24210	-2628.557	-2732.471	103.9139	1.461921	1.103219	0.2222424	0.798157	0.201843	0.8173526
24216	-2629.149	-2732.905	103.7564	1.471583	1.275906	0.2222424	0.844286	0.155714	0.8124779
24222	-2627.019	-2730.615	103.5958	1.382164	1.148278	0.2770321	0.722145	0.277855	1.048397
24228	-2630.24	-2733.711	103.4706	1.251933	1.148278	0.2770321	0.722145	0.277855	1.273244
24234	-2634.029	-2737.167	103.1383	1.114589	1.147959	0.4627607	0.784447	0.215553	1.344965
24240	-2635.466	-2739.444	103.9785	1.153595	0.5971203	0.3144698	0.694538	0.305462	1.374031
24246	-2633.341	-2736.794	103.4524	1.154158	1.166859	0.2726696	0.725177	0.274823	1.361998
24252	-2628.569	-2731.894	103.3249	1.149843	1.021773	0.3950495	0.759964	0.240036	1.361998
24258	-2629.729	-2732.994	103.265	1.187722	0.9997285	0.3950495	0.822893	0.177107	1.39639
24264	-2623.967	-2727.75	103.7829	1.143518	0.9688075	0.2876272	0.805629	0.194371	1.225429
24270	-2622.766	-2726.353	103.587	1.214576	1.023144	0.2732041	0.746185	0.253815	1.312446
24276	-2618.469	-2722.02	103.5513	1.197194	0.9596997	0.347391	0.740786	0.259214	1.269585
24282	-2628.342	-2731.808	103.4669	1.217558	1.222734	0.347391	0.673322	0.326678	1.111602
24288	-2631.891	-2734.682	102.7913	1.264089	1.650921	0.4645766	0.744059	0.255941	1.180819
24294	-2637.125	-2740.408	103.2826	1.096787	0.8487153	0.4449917	0.776893	0.223107	1.503682
24300	-2633.647	-2736.552	102.9048	1.777402	1.522292	0.4269946	0.756199	0.243801	0.6401832
24306	-2630.207	-2733.91	103.7038	1.751298	1.041557	0.2598365	0.739391	0.260609	0.6121262
24312	-2631.847	-2735.148	103.3013	1.65544	1.291281	0.3827292	0.704643	0.295357	0.6121262
24318	-2630.264	-2733.165	102.9006	1.60241	1.555823	0.4789458	0.74231	0.25769	0.7526355
24324	-2628.99	-2732.691	103.7012	1.596566	0.9880344	0.3166108	0.763319	0.236681	0.7526355
24330	-2625.88	-2729.561	103.6811	1.672742	0.9880344	0.3166108	0.719228	0.280772	0.6555785
24336	-2624.802	-2727.85	103.048	1.667871	1.800137	0.3166108	0.789783	0.210217	0.6445589
24342	-2628.678	-2732.279	103.6017	1.275636	1.047868	0.3214356	0.730562	0.269438	1.132034
24348	-2631.019	-2734.442	103.4231	1.18609	1.031966	0.3737067	0.771961	0.228039	1.279761
24354	-2624.863	-2727.336	102.4722	1.264178	2.293599	0.3678745	0.723822	0.276178	1.279761
24360	-2620.638	-2723.821	103.1823	1.413456	1.135547	0.3678745	0.744124	0.255876	1.219499
24366	-2619.61	-2722.883	103.273	1.182166	1.270434	0.2428468	0.761807	0.238193	1.469187
24372	-2617.409	-2720.588	103.1786	1.202138	1.138098	0.3779997	0.753807	0.246193	1.376033
24378	-2620.446	-2723.965	103.5192	1.211358	0.9754077	0.3779997	0.792927	0.207073	1.218434
24384	-2630.366	-2733.25	102.8842	1.235836	1.576482	0.3973006	0.826633	0.173367	1.274057
24390	-2628.11	-2731.398	103.288	1.33908	1.334072	0.3428259	0.774162	0.225838	1.088305
24396	-2628.14	-2731.412	103.2722	1.501411	1.334072	0.427372	0.830376	0.169624	0.7352232
24402	-2619.385	-2722.671	103.2859	1.657861	1.334072	0.3663459	0.727681	0.272319	0.6397502
24408	-2622.894	-2726.572	103.6785	1.718503	0.877691	0.3663459	0.742542	0.257458	0.5603691
24414	-2623.984	-2727.782	103.7982	1.735613	1.043048	0.2351589	0.75114	0.24886	0.5603691
24420	-2618.052	-2721.527	103.4751	1.851131	0.9528988	0.3649546	0.73589	0.26411	0.5028433
24426	-2620.921	-2724.471	103.5503	1.76597	0.9624448	0.3649546	0.712256	0.287744	0.5077015
24432	-2623.533	-2727.134	103.6008	1.689362	0.9772522	0.3649546	0.771654	0.228346	0.5780242
24438	-2625.586	-2728.726	103.1398	1.530485	1.478637	0.4157571	0.771654	0.228346	0.7554033
24444	-2628.4	-2732.037	103.6367	1.352192	1.269174	0.307205	0.757146	0.242854	0.8496712
24450	-2628.149	-2731.377	103.2287	1.401178	1.464548	0.3619343	0.757146	0.242854	0.9464932
24456	-2639.242	-2742.369	103.1268	1.540374	1.464548	0.416957	0.818232	0.181768	0.7718379
24462	-2622.42	-2725.852	103.4314	1.496608	1.464548	0.2926646	0.71907	0.28093	0.7718379
24468	-2625.546	-2728.886	103.3406	1.474012	1.464548	0.2926646	0.767176	0.232824	0.9119363
24474	-2626.527	-2729.988	103.4607	1.50792	1.464548	0.2926646	0.779545	0.220455	0.7092657
24480	-2620.493	-2723.458	102.9654	1.632848	1.464548	0.4831181	0.789561	0.210439	0.6948831
24486	-2615.585	-2718.848	103.2627	1.50468	1.535593	0.3339224	0.755683	0.244317	0.7925824
24492	-2620.499	-2723.807	103.3079	1.521748	1.596634	0.2876081	0.848682	0.151318	0.7925824
24498	-2629.049	-2732.846	103.7967	1.560754	1.051856	0.254061	0.77257	0.22743	0.7925824
24504	-2636.832	-2740.03	103.1982	1.143521	0.9573	0.3911301	0.781755	0.218245	1.519535
24510	-2628.878	-2732.189	103.3111	1.636703	1.373391	0.3094758	0.72365	0.27635	0.7871807
24516	-2618.735	-2722.324	103.5897	1.511501	1.188548	0.3094758	0.801385	0.198615	0.7871807
24522	-2617.306	-2720.93	103.6242	1.408433	1.188548	0.3452468	0.801385	0.198615	0.7729369
24528	-2622.775	-2725.834	103.059	1.297124	1.286756	0.4014547	0.772278	0.227722	1.25496
24534	-2622.887	-2726.638	103.751	1.27806	0.9253714	0.363544	0.772278	0.227722	1.021853
24540	-2629.374	-2733.459	104.0845	1.384858	0.7709789	0.2159403	0.776329	0.223671	1.106545
24546	-2626.175	-2730.146	103.9712	1.246803	0.8456231	0.2250502	0.764911	0.235089	1.227489
24552	-2631.72	-2734.723	103.0026	1.115017	1.070564	0.2291348	0.717305	0.282695	1.864593
24558	-2627.478	-2730.587	103.1096	0.9859619	1.070564	0.2987244	0.787826	0.212174	1.75806
24564	-2639.668	-2742.451	102.7824	1.023229	1.319269	0.4686812	0.839547	0.160453	1.566544
24570	-2633.728	-2737.459	103.7305	1.168299	1.007972	0.3264849	0.760909	0.239091	1.13772
24576	-2624.391	-2728.08	103.6891	1.251452	0.926825	0.345636	0.806093	0.193907	1.13772
24582	-2626.969	-2730.535	103.5653	1.368138	0.926825	0.345636	0.764124	0.235876	1.144073
24588	-2623.569	-2727.427	103.8576	1.342806	0.9093016	0.3100924	0.710761	0.289239	0.9833786
24594	-2618.695	-2722.386	103.6912	1.332755	1.063279	0.2472447	0.724351	0.275649	1.14797
24600	-2632.904	-2736.261	103.3571	1.371371	1.147393	0.3368476	0.7367	0.2633	1.151814
24606	-2634.813	-2738.137	103.3248	1.175646	0.9802762	0.2842793	0.68435	0.31565	1.556023
24612	-2636.925	-2741.021	104.0961	1.226751	0.5484474	0.2666296	0.569956	0.430044	1.371134
24618	-2627.546	-2731.501	103.955	1.139595	0.8105205	0.2502399	0.749252	0.250748	1.306702
24624	-2624.662	-2728.577	103.9147	1.068826	0.793436	0.2502399	0.758841	0.241159	1.410494
24630	-2632.313	-2735.62	103.3067	1.322187	1.127775	0.386616	0.744457	0.255543	1.164715
24636	-2627.611	-2730.656	103.0448	1.185747	1.722988	0.3312207	0.783389	0.216611	1.211555
24642	-2628.814	-2731.868	103.0541	1.137403	1.332227	0.4374881	0.726817	0.273183	1.304405
24648	-2623.182	-2726.426	103.2442	1.185934	1.332227	0.4231928	0.763066	0.236934	1.123603
24654	-2627.393	-2730.701	103.3086	1.424627	1.332227	0.3778207	0.749745	0.250255	0.9107605
24660	-2631.975	-2735.295	103.3198	1.310209	1.332227	0.3591447	0.792205	0.207795	1.054813
24666	-2632.593	-2735.876	103.2823	1.327767	1.332227	0.2681341	0.75143	0.24857	1.255084
24672	-2632.949	-2736.166	103.2176	1.196312	1.332227	0.2667169	0.755169	0.244831	1.414837
24678	-2630.315	-2733.333	103.0183	1.217021	1.332227	0.4582416	0.755169	0.244831	1.23781
24684	-2629.2	-2732.366	103.1651	1.000791	1.233392	0.2716048	0.807899	0.192101	1.650792
24690	-2631.477	-2735.118	103.6411	1.190061	1.233392	0.2716048	0.797808	0.202192	1.127558
24696	-2628.165	-2731.345	103.1799	1.228805	1.233392	0.3469945	0.797808	0.202192	1.338058
24702	-2626.309	-2730.018	103.7092	1.208716	0.912939	0.321226	0.731482	0.268518	1.216494
24708	-2620.755	-2724.296	103.5418	1.387057	0.9598875	0.3046851	0.780935	0.219065	1.197069
24714	-2625.179	-2728.676	103.4966	1.329952	1.097733	0.2769122	0.765571	0.234429	1.225349
24720	-2638.664	-2742.387	103.7226	1.332758	0.84594	0.2965793	0.783844	0.216156	1.210255
24726	-2634.055	-2737.932	103.8772	1.346533	0.84594	0.2414722	0.854096	0.145904	1.184006
24732	-2634.106	-2737.169	103.0635	1.390791	1.382972	0.3305089	0.812917	0.187083	1.229765
24738	-2639.673	-2742.87	103.1963	1.337846	1.662123	0.2626257	0.704833	0.295167	1.122526
24744	-2634.199	-2737.22	103.0213	1.768165	1.327853	0.464318	0.789956	0.210044	0.5653301
24750	-2637.212	-2740.27	103.0578	1.727467	1.327853	0.464318	0.678596	0.321404	0.5815849
24756	-2641.793	-2744.842	103.0492	1.748142	1.613436	0.3467081	0.711753	0.288247	0.5815849
24762	-2627.071	-2730.836	103.7655	1.591984	1.091343	0.2640429	0.687646	0.312354	0.6962331
24768	-2632.491	-2735.763	103.2714	1.736486	1.31	0.3502783	0.822833	0.177167	0.6116236
24774	-2633.405	-2736.913	103.5086	1.637486	1.014166	0.3939332	0.801071	0.198929	0.6942247
24780	-2637.897	-2741.453	103.5557	1.555283	1.390835	0.2646601	0.919033	0.080967	0.6774727
24786	-2644.318	-2747.77	103.4525	1.656212	1.390835	0.2643296	0.869925	0.130075	0.6834707
24792	-2635.361	-2738.305	102.9445	1.717143	1.674202	0.3744876	0.773888	0.226112	0.6727654
24798	-2631.168	-2734.475	103.3072	1.376242	1.674202	0.2410607	0.773888	0.226112	1.027815
24804	-2631.2	-2734.883	103.6831	1.38693	1.080309	0.2522552	0.700502	0.299498	1.07957
24810	-2631.671	-2735.588	103.9172	1.568689	0.8971541	0.2522552	0.615637	0.384363	0.8368595
24816	-2631.755	-2735.333	103.5778	1.62963	0.8971541	0.4278521	0.780055	0.219945	0.6860615
24822	-2631.409	-2735.132	103.7232	1.725465	0.8971541	0.3347169	0.816182	0.183818	0.5140942
24828	-2630.365	-2733.147	102.7815	1.79007	1.797581	0.4034886	0.774325	0.225675	0.5216942
24834	-2617.85	-2721.105	103.2551	1.703383	1.265699	0.4034886	0.76804	0.23196	0.5216942
24840	-2630.544	-2734.192	103.6482	1.528751	1.038374	0.3182002	0.746268	0.253732	0.843075
24846	-2633.425	-2737.095	103.6697	1.57509	0.974647	0.3732305	0.766152	0.233848	0.6597838
24852	-2634.867	-2738.825	103.9576	1.641557	0.974647	0.2166788	0.718907	0.281093	0.6950101
24858	-2636.11	-2739.859	103.7485	1.702762	0.974647	0.2678806	0.778833	0.221167	0.7144356
24864	-2626.334	-2730.205	103.8717	1.571328	0.8614705	0.3075886	0.678153	0.321847	0.7666276
24870	-2636.618	-2740.277	103.6596	1.630754	1.095651	0.2944681	0.770413	0.229587	0.6757941
24876	-2631.841	-2735.029	103.1875	1.525471	1.307551	0.4274567	0.772644	0.227356	0.8469072
24882	-2636.191	-2739.591	103.3998	1.481257	1.307551	0.3560013	0.763474	0.236526	0.811259
24888	-2630.928	-2734.424	103.4967	1.313018	0.984129	0.4370955	0.703215	0.296785	1.037981
24894	-2640.392	-2744.03	103.6379	1.354103	1.122449	0.3480186	0.759154	0.240846	0.8911379
24900	-2627.016	-2731.008	103.9918	1.227342	0.7883668	0.3307415	0.704255	0.295745	1.054008
24906	-2631.637	-2735.345	103.7083	1.224184	0.9376787	0.3584777	0.703562	0.296438	1.110422
24912	-2647.837	-2750.554	102.7167	1.13691	1.296519	0.3916967	0.746963	0.253037	1.647795
24918	-2643.271	-2745.837	102.5658	0.9627462	1.296519	0.3435492	0.726498	0.273502	1.941511
24924	-2640.974	-2743.863	102.8889	1.291125	2.01276	0.3238134	0.89886	0.10114	1.112503
24930	-2640.382	-2743.888	103.5062	1.334481	1.154277	0.3405528	0.734461	0.265539	1.035236
24936	-2623.501	-2726.968	103.4668	1.281557	1.269122	0.3086221	0.769077	0.230923	1.09523
24942	-2625.86	-2729.342	103.4816	1.330152	1.214181	0.3306058	0.749493	0.250507	1.033054
24948	-2627.968	-2731.621	103.6527	1.346687	0.9176119	0.3306058	0.864962	0.135038	1.122861
24954	-2628.107	-2731.218	103.1105	1.062641	1.42921	0.2832173	0.821194	0.178806	1.509203
24960	-2629.989	-2733.558	103.5684	1.050556	0.8251321	0.2832173	0.7749	0.2251	1.593922
24966	-2622.917	-2726.239	103.3215	1.085814	1.133656	0.2557945	0.760254	0.239746	1.568428
24972	-2638.935	-2742.313	103.3778	1.1227	1.142719	0.3789163	0.783915	0.216085	1.27499
24978	-2628.863	-2731.674	102.8108	1.054459	1.473339	0.3104698	0.752292	0.247708	1.663114
24984	-2635.284	-2738.584	103.2998	1.1018	1.044388	0.3410378	0.752292	0.247708	1.486271
24990	-2635.665	-2738.202	102.5372	1.006274	1.68752	0.3410378	0.81998	0.18002	1.736131
24996	-2628.937	-2731.748	102.8109	1.000683	1.322396	0.2888741	0.81998	0.18002	1.818292
25002	-2631.354	-2734.184	102.8299	1.947701	1.387478	0.4416624	0.899878	0.100122	0.4248943
25008	-2625.274	-2728.323	103.0487	1.947701	1.28303	0.3747144	0.77717	0.22283	0.4513198
25014	-2634.718	-2737.464	102.7459	2.035289	1.395326	0.440852	0.817117	0.182883	0.4552234
25020	-2623.361	-2726.457	103.0957	1.995234	1.41922	0.280579	0.817117	0.182883	0.4328195
25026	-2629.03	-2731.895	102.8652	2.030168	1.41922	0.3506057	0.827614	0.172386	0.3615885
25032	-2632.235	-2735.086	102.8512	2.058398	1.331074	0.3719628	0.775942	0.224058	0.3482685
25038	-2627.873	-2730.713	102.8397	2.004449	1.432353	0.3719628	0.757701	0.242299	0.3653973
25044	-2636.07	-2739.249	103.1791	1.341711	1.514415	0.3494789	0.779915	0.220085	1.045284
25050	-2622.824	-2726.157	103.3335	1.282099	1.091742	0.3295272	0.766831	0.233169	1.303714
25056	-2624.099	-2727.341	103.2419	1.187456	1.091742	0.3939286	0.781374	0.218626	1.346477
25062	-2635.773	-2738.981	103.2087	1.159467	1.120322	0.272619	0.758233	0.241767	1.57491
25068	-2623.989	-2727.143	103.1544	1.037277	1.127379	0.3502538	0.820921	0.179079	1.569772
25074	-2625.481	-2728.006	102.5258	1.024056	1.195517	0.3992249	0.780792	0.219208	1.908634
25080	-2627.885	-2730.174	102.2887	0.9864417	1.569341	0.4084913	0.76446	0.23554	1.883862
25086	-2626.501	-2729.17	102.6685	1.09531	1.509416	0.3688738	0.758267	0.241733	1.626609
25092	-2631.666	-2734.366	102.6997	1.077746	1.39767	0.334184	0.740512	0.259488	1.7287
25098	-2633.048	-2735.84	102.7921	0.971543	1.158551	0.3482619	0.798713	0.201287	1.855377
25104	-2629.322	-2733.12	103.7989	1.258595	0.8556768	0.2993489	0.726105	0.273895	1.193448
25110	-2624.171	-2728.244	104.0738	1.372497	0.8040287	0.2865258	0.726105	0.273895	0.906301
25116	-2627.692	-2731.827	104.1355	1.601894	0.8040287	0.2503712	0.716986	0.283014	0.5984278
25122	-2635.527	-2738.898	103.3706	1.23886	1.036042	0.3064244	0.773534	0.226466	1.392022
25128	-2631.699	-2735.11	103.411	1.229353	1.219955	0.3064244	0.748137	0.251863	1.231085
25134	-2626.377	-2729.524	103.1471	1.265638	1.153294	0.3064244	0.784582	0.215418	1.459126
25140	-2620.855	-2723.983	103.1283	1.096533	1.214666	0.3064244	0.826192	0.173808	1.559251
25146	-2619.575	-2723.165	103.5904	1.325012	1.045581	0.3157533	0.796552	0.203448	1.111134
25152	-2626.615	-2730.19	103.5757	1.333622	0.9811148	0.4362192	0.66303	0.33697	0.9419502
25158	-2630.166	-2733.932	103.7664	1.363411	0.9562578	0.280032	0.684811	0.315189	1.072938
25164	-2630.281	-2734.215	103.9341	1.315522	0.6741667	0.4282082	0.674549	0.325451	0.9735873
25170	-2629.642	-2733.779	104.1366	1.352043	0.8118993	0.2524749	0.800152	0.199848	0.942664
25176	-2629.367	-2733.366	103.9986	1.268786	0.8118993	0.2524749	0.785579	0.214421	1.154791
25182	-2632.686	-2736.592	103.9065	1.572155	0.9934819	0.2731358	0.823209	0.176791	0.5832021
25188	-2636.051	-2739.644	103.5931	1.74	0.9761684	0.3478906	0.764324	0.235676	0.5504576
25194	-2629.113	-2732.466	103.353	1.076754	0.9051701	0.3885179	0.809063	0.190937	1.498656
25200	-2627.816	-2730.977	103.1605	0.9823649	1.194046	0.3885179	0.812066	0.187934	1.50412
25206	-2635.558	-2738.791	103.2325	1.038341	1.095763	0.3885179	0.749437	0.250563	1.474611
25212	-2631.004	-2734.378	103.3745	1.174947	1.095763	0.3929658	0.752324	0.247676	1.247162
25218	-2624.349	-2727.563	103.2132	1.407914	1.435915	0.356306	0.752324	0.247676	0.9899426
25224	-2630.7	-2733.821	103.121	1.808679	1.256217	0.4226159	0.723005	0.276995	0.4723408
25230	-2636.434	-2739.151	102.7167	1.498239	1.695565	0.5486266	0.904539	0.0954614	0.8565141
25236	-2635.113	-2737.73	102.617	1.500021	1.668668	0.5656684	0.693052	0.306948	0.9568399
25242	-2635.401	-2738.806	103.4049	1.698119	1.185996	0.3620011	0.785731	0.214269	0.562031
25248	-2631.553	-2734.904	103.3511	1.730091	1.185996	0.3756683	0.785731	0.214269	0.5243766
25254	-2635.523	-2738.633	103.1098	1.957967	1.185996	0.3756683	0.78498	0.21502	0.4196098
25260	-2631.366	-2734.558	103.1917	2.030991	1.025618	0.3756683	0.782867	0.217133	0.4376072
25266	-2619.1	-2722.158	103.0581	2.083635	1.025618	0.3756683	0.743679	0.256321	0.317279
25272	-2620.16	-2723.184	103.0238	2.12422	1.096846	0.335904	0.720765	0.279235	0.3100626
25278	-2624.919	-2728.034	103.115	2.091757	1.096846	0.3162807	0.694403	0.305597	0.3233644
25284	-2630.522	-2733.631	103.109	1.979957	1.128191	0.3608991	0.80979	0.19021	0.3302982
25290	-2628.585	-2731.855	103.2703	1.708815	1.565171	0.269191	0.801611	0.198389	0.6594839
25296	-2625.573	-2728.529	102.9561	1.888475	1.469787	0.3786988	0.776892	0.223108	0.5340056
25302	-2623.386	-2726.823	103.4369	1.792254	1.021106	0.3786988	0.761073	0.238927	0.5144058
25308	-2630.087	-2733.277	103.1905	1.855896	1.219853	0.3786988	0.76321	0.23679	0.5144058
25314	-2629.122	-2732.437	103.3154	1.687316	1.219853	0.3786988	0.778041	0.221959	0.663459
25320	-2635.441	-2739.07	103.6286	1.670986	1.050589	0.3240296	0.693768	0.306232	0.5955041
25326	-2632.117	-2735.724	103.6069	1.687898	1.050589	0.3240296	0.650976	0.349024	0.6096739
25332	-2632.622	-2735.147	102.5252	2.216152	1.615844	0.2944685	0.785426	0.214574	0.2551706
25338	-2630.665	-2733.204	102.5382	2.127494	1.615844	0.3374418	0.785773	0.214227	0.2667375
25344	-2628.097	-2730.457	102.36	2.109602	1.915965	0.347127	0.817808	0.182192	0.2781246
25350	-2636.583	-2739.43	102.8463	1.967172	1.296444	0.4218004	0.817808	0.182192	0.3203503
25356	-2629.943	-2732.583	102.6398	2.076425	1.414091	0.4451372	0.749761	0.250239	0.3618084
25362	-2633.113	-2735.749	102.6357	2.173991	1.414091	0.3591549	0.777673	0.222327	0.2939591
25368	-2633.111	-2735.697	102.5864	2.200332	1.366896	0.3767339	0.792828	0.207172	0.2780573
25374	-2630.921	-2733.616	102.6945	2.255467	1.09459	0.3767339	0.718397	0.281603	0.2404231
25380	-2626.659	-2729.477	102.8181	2.255467	0.9681655	0.3767339	0.85263	0.14737	0.2404231
25386	-2622.235	-2725.019	102.7842	2.255467	1.016069	0.3696316	0.68367	0.31633	0.2404231
25392	-2641.244	-2744.176	102.9321	2.102816	1.021069	0.458767	0.800673	0.199327	0.3649086
25398	-2633.313	-2736.42	103.1072	1.964299	0.9873515	0.458767	0.706952	0.293048	0.369019
25404	-2622.872	-2726.569	103.6971	1.882147	0.8772819	0.2831283	0.68762	0.31238	0.4338551
25410	-2618.29	-2721.881	103.5909	1.949174	0.8557312	0.2831283	0.736117	0.263883	0.3326846
25416	-2616.256	-2719.798	103.5417	1.909725	0.9392269	0.3047381	0.729767	0.270233	0.4068494
25422	-2623.127	-2726.679	103.552	1.774079	0.9392269	0.3657842	0.729767	0.270233	0.4245667
25428	-2625.742	-2729.358	103.616	1.789511	0.9392269	0.3340977	0.6407	0.3593	0.4937445
25434	-2625.323	-2728.708	103.3848	1.780224	1.183679	0.3340977	0.72245	0.27755	0.5577496
25440	-2638.656	-2741.931	103.2754	1.321661	1.084923	0.4195718	0.715918	0.284082	1.171982
25446	-2632.541	-2736.605	104.0641	1.341334	0.7638032	0.272393	0.715918	0.284082	1.033956
25452	-2631.496	-2734.831	103.3354	1.776752	1.257059	0.3314548	0.7512	0.2488	0.4720138
25458	-2627.283	-2730.537	103.2537	1.592155	1.533288	0.3314548	0.771762	0.228238	0.6810651
25464	-2625.62	-2728.851	103.2311	1.6916	1.458969	0.3278381	0.712359	0.287641	0.6525339
25470	-2626.221	-2729.95	103.7295	1.631672	0.9722751	0.3278381	0.736402	0.263598	0.6174867
25476	-2628.561	-2731.915	103.3543	1.909579	1.096424	0.3278381	0.791761	0.208239	0.4945345
25482	-2647.679	-2750.253	102.5736	1.874177	1.796242	0.4727201	0.749084	0.250916	0.5051632
25488	-2637.566	-2740.821	103.2544	1.83625	0.9857391	0.4727201	0.80064	0.19936	0.5051632
25494	-2645.377	-2748.483	103.1063	1.83625	1.129098	0.4747947	0.721882	0.278118	0.5617161
25500	-2633.475	-2736.877	103.4026	1.711819	1.29657	0.3145293	0.728251	0.271749	0.5471358
25506	-2639.427	-2742.991	103.5634	1.675549	1.083786	0.3145293	0.753976	0.246024	0.7051578
25512	-2634.766	-2738.617	103.8513	1.425798	1.101412	0.2611715	0.709094	0.290906	0.8128351
25518	-2623.993	-2727.218	103.2248	1.487339	1.970867	0.2362224	0.815381	0.184619	0.8025184
25524	-2618.366	-2721.672	103.3064	1.415205	1.732777	0.2362224	0.818329	0.181671	0.9633575
25530	-2619.872	-2723.588	103.7152	1.918702	0.6865843	0.3477572	0.766165	0.233835	0.3736616
25536	-2631.431	-2735.298	103.8666	1.864877	0.8344708	0.2443455	0.685135	0.314865	0.4583437
25542	-2625.088	-2728.169	103.081	1.290953	1.461875	0.4060624	0.74251	0.25749	1.114398
25548	-2630.693	-2734.081	103.3871	1.345163	1.202977	0.4060624	0.767729	0.232271	0.9683519
25554	-2621.343	-2725.322	103.9788	1.819148	0.7444958	0.260914	0.676171	0.323829	0.474008
25560	-2618.26	-2722.145	103.8857	1.882405	0.7846583	0.249785	0.762285	0.237715	0.4294432
25566	-2624.763	-2728.301	103.5382	1.89505	1.213766	0.2175131	0.756527	0.243473	0.4896889
25572	-2627.3	-2730.929	103.6286	1.787273	1.213766	0.2175131	0.756527	0.243473	0.5998347
25578	-2639.488	-2741.866	102.3783	1.925212	2.450493	0.3541388	0.86942	0.13058	0.5145233
25584	-2627.632	-2730.41	102.7784	1.8752	2.201358	0.2587539	0.822026	0.177974	0.5100619
25590	-2619.995	-2723.368	103.3728	1.887807	1.100476	0.3258913	0.73776	0.26224	0.4571616
25596	-2622.843	-2726.18	103.3373	1.516752	1.153966	0.4191429	0.803612	0.196388	0.8537731
25602	-2642.306	-2745.257	102.9519	1.718513	1.449053	0.4578086	0.832947	0.167053	0.6628583
25608	-2635.985	-2739.725	103.7397	1.487472	0.96127	0.3357399	0.819542	0.180458	0.8284568
25614	-2638.079	-2741.493	103.4138	0.9809625	0.8326469	0.252876	0.724782	0.275218	1.80072
25620	-2630.66	-2734.036	103.3753	1.101307	0.8326469	0.2225061	0.771554	0.228446	1.80072
25626	-2639.006	-2742.354	103.3482	1.065151	0.9993356	0.321936	0.786004	0.213996	1.54179
25632	-2632.977	-2736.322	103.3451	1.175735	1.045015	0.2432821	0.687302	0.312698	1.570104
25638	-2623.645	-2727.067	103.4214	1.185349	0.800451	0.434223	0.767476	0.232524	1.387319
25644	-2626.328	-2728.909	102.581	1.097238	1.377556	0.434223	0.709181	0.290819	1.669355
25650	-2643.282	-2745.811	102.5284	0.9725329	1.76742	0.3376148	0.77677	0.22323	1.734221
25656	-2630.469	-2733.052	102.5832	0.9914194	1.463897	0.4052107	0.77677	0.22323	1.734221
25662	-2633.967	-2737.086	103.1188	1.240531	1.237413	0.4521861	0.711483	0.288517	1.208238
25668	-2633.341	-2736.698	103.3575	1.399374	1.228294	0.309366	0.710687	0.289313	1.11742
25674	-2627.667	-2731.004	103.3372	1.603775	1.386721	0.3540978	0.818375	0.181625	0.6054013
25680	-2627.313	-2730.702	103.3896	1.778484	1.12132	0.3540978	0.809185	0.190815	0.5964987
25686	-2626.854	-2729.545	102.6913	1.731901	2.183877	0.3540978	0.809185	0.190815	0.6074203
25692	-2628.645	-2731.886	103.2413	1.498992	1.43166	0.3540978	0.757034	0.242966	0.8692881
25698	-2636.251	-2739.387	103.1355	1.769741	1.43166	0.3540978	0.755101	0.244899	0.6084177
25704	-2635.31	-2738.42	103.1095	1.658101	1.361322	0.45042	0.857642	0.142358	0.6264388
25710	-2626.752	-2730.394	103.6417	1.52957	1.032009	0.314406	0.783536	0.216464	0.8676618
25716	-2627.598	-2730.805	103.2069	1.510631	1.322472	0.4094342	0.728645	0.271355	0.8673293
25722	-2631.225	-2734.016	102.7909	1.235047	1.872744	0.360534	0.865066	0.134934	1.250886
25728	-2634.644	-2737.634	102.9895	1.321854	1.872744	0.3933409	0.760966	0.239034	0.9237035
25734	-2633.96	-2737.096	103.1357	1.508872	1.322085	0.4269451	0.718177	0.281823	0.9134567
25740	-2635.934	-2739.698	103.7645	1.580609	1.020226	0.2572449	0.838009	0.161991	0.8377535
25746	-2633.371	-2737.563	104.1919	1.411646	0.8280678	0.2260922	0.700669	0.299331	0.8727595
25752	-2637.252	-2741.542	104.2899	1.478378	0.8016935	0.2041549	0.700669	0.299331	0.7827219
25758	-2641.595	-2745.246	103.651	1.441684	1.246111	0.2955317	0.799929	0.200071	0.7750439
25764	-2627.45	-2730.827	103.3766	1.602198	1.246111	0.3657356	0.765067	0.234933	0.7141366
25770	-2632.482	-2735.703	103.2204	1.688264	1.501611	0.317442	0.685444	0.314556	0.6640439
25776	-2631.93	-2735.131	103.2009	1.734066	1.501611	0.3218746	0.79185	0.20815	0.5665186
25782	-2625.109	-2728.711	103.6016	1.720195	1.19719	0.2645978	0.759698	0.240302	0.494659
25788	-2621.055	-2724.5	103.4454	1.839215	1.24376	0.2575504	0.827846	0.172154	0.4180167
25794	-2623.454	-2727.095	103.6409	1.836872	1.096127	0.2394822	0.724805	0.275195	0.4825742
25800	-2619.993	-2723.136	103.1433	1.830989	1.314687	0.3750056	0.73648	0.26352	0.4825742
25806	-2627.929	-2730.983	103.0533	1.788202	1.314687	0.4420095	0.804019	0.195981	0.5565398
25812	-2639.005	-2742.043	103.0379	1.788202	1.314687	0.4538104	0.822882	0.177118	0.5118861
25818	-2640.088	-2742.8	102.7124	1.751008	1.410776	0.63717	0.822882	0.177118	0.5118861
25824	-2640.359	-2743.02	102.6605	2.498855	0.9499179	0.2658062	0.745183	0.254817	0.1764271
25830	-2633.556	-2736.235	102.6783	1.800247	1.943524	0.4053051	0.794098	0.205902	0.4898306
25836	-2631.39	-2735.493	104.1023	1.734567	0.7565707	0.2365379	0.757362	0.242638	0.5799345
25842	-2624.846	-2728.671	103.8252	1.570618	0.7905757	0.3964009	0.782333	0.217667	0.6709972
25848	-2627.975	-2732.07	104.0951	1.675179	0.7524138	0.264078	0.673284	0.326716	0.5787548
25854	-2634.128	-2737.681	103.5527	1.94898	0.7585641	0.3493245	0.732684	0.267316	0.3296247
25860	-2631.815	-2736.015	104.2002	1.572702	0.7545555	0.2517556	0.694205	0.305795	0.6499987
25866	-2644.473	-2748.751	104.2778	1.465191	0.6572581	0.229739	0.790792	0.209208	0.9438851
25872	-2644.736	-2748.91	104.1745	1.934781	0.6047857	0.2127459	0.730699	0.269301	0.4409085
25878	-2643.171	-2747.138	103.9663	2.044393	0.6697921	0.1983962	0.707225	0.292775	0.3486849
25884	-2631.333	-2734.078	102.7451	1.531468	1.812754	0.5051022	0.805783	0.194217	0.7673549
25890	-2631.337	-2734.445	103.1074	1.390153	1.862381	0.3052629	0.839914	0.160086	0.9307813
25896	-2626.743	-2730.285	103.5424	1.467669	0.9970586	0.4070548	0.762167	0.237833	0.8722645
25902	-2647.736	-2750.868	103.1321	1.480213	1.621387	0.3722772	0.808721	0.191279	0.8113171
25908	-2637.737	-2741.202	103.4653	1.448865	1.479391	0.2817293	0.843836	0.156164	0.8113171
25914	-2626.699	-2730.536	103.8373	1.335611	0.9097393	0.3234136	0.705363	0.294637	0.9803922
25920	-2625.649	-2728.742	103.0926	1.437851	1.891844	0.3234136	0.788769	0.211231	0.8235462
25926	-2634.966	-2737.963	102.9969	1.650554	1.891844	0.3202211	0.837092	0.162908	0.6511213
25932	-2628.204	-2731.561	103.357	1.646557	1.145562	0.4228095	0.745771	0.254229	0.6171286
25938	-2627.574	-2731.083	103.5093	1.637008	1.006221	0.4201363	0.838694	0.161306	0.600839
25944	-2623.089	-2726.536	103.4469	1.476583	1.041108	0.4201363	0.78553	0.21447	0.8934976
25950	-2623.215	-2726.25	103.0349	1.461498	1.479391	0.4201363	0.781562	0.218438	0.9553621
25956	-2624.367	-2727.767	103.4003	1.523329	1.342331	0.3036825	0.777926	0.222074	0.8659143
25962	-2625.614	-2729.058	103.444	1.510202	1.342331	0.3082229	0.777926	0.222074	0.8152729
25968	-2626.003	-2729.372	103.3699	1.552554	1.342331	0.3222748	0.762105	0.237895	0.8152729
25974	-2627.668	-2730.933	103.2651	1.466781	1.342331	0.3790588	0.809939	0.190061	0.9005
25980	-2631.774	-2735.114	103.3403	1.468274	1.352914	0.3639247	0.811858	0.188142	0.8362483
25986	-2636.286	-2739.454	103.1673	1.520947	1.380812	0.3639247	0.705332	0.294668	0.9482642
25992	-2636.301	-2739.995	103.6949	1.360975	1.053901	0.3790588	0.729702	0.270298	0.814467
25998	-2637.322	-2741.103	103.7806	1.407416	0.8108891	0.3790588	0.639134	0.360866	0.9580875
26004	-2623.409	-2726.949	103.5399	1.454939	1.04609	0.3790588	0.802752	0.197248	0.896991
26010	-2631.645	-2734.396	102.7507	1.571384	1.702815	0.495442	0.865994	0.134006	0.8236309
26016	-2630.976	-2734.034	103.0581	1.606029	1.80946	0.3111065	0.787216	0.212784	0.7482247
26022	-2625.66	-2728.45	102.7907	1.632134	1.80946	0.460222	0.789698	0.210302	0.6514088
26028	-2622.092	-2724.835	102.7436	1.656459	1.80946	0.4525297	0.822336	0.177664	0.7187812
26034	-2625.827	-2729.612	103.7851	1.705634	1.046429	0.2320333	0.772842	0.227158	0.6846672
26040	-2619.607	-2723.266	103.6586	1.477233	1.233735	0.269226	0.769301	0.230699	0.8168439
26046	-2620.915	-2724.328	103.4131	1.420408	1.28585	0.368763	0.743228	0.256772	0.8599635
26052	-2624.25	-2727.659	103.4086	1.454402	1.28585	0.368763	0.803685	0.196315	0.8236564
26058	-2633.217	-2736.389	103.172	1.343004	1.357396	0.368763	0.680813	0.319187	1.124303
26064	-2628.654	-2732.335	103.6814	1.513063	0.9125099	0.3608554	0.787484	0.212516	0.866069
26070	-2622.434	-2726.497	104.0627	1.320143	0.7327402	0.2792963	0.701374	0.298626	1.075897
26076	-2621.222	-2724.886	103.664	1.325237	0.9238085	0.3279816	0.758859	0.241141	1.13119
26082	-2615.235	-2718.826	103.5907	1.411604	1.041136	0.3279816	0.758859	0.241141	1.007036
26088	-2622.997	-2726.254	103.2578	1.470064	1.460967	0.3315437	0.768918	0.231082	0.9132112
26094	-2620.979	-2724.484	103.5048	1.392904	1.19573	0.2960064	0.810063	0.189937	1.041316
26100	-2623.144	-2726.596	103.4511	1.587663	1.204389	0.3139748	0.689502	0.310498	0.8372344
26106	-2622.474	-2726.172	103.6981	1.690168	0.9174015	0.3139748	0.776248	0.223752	0.7354661
26112	-2632.908	-2736.145	103.2362	1.607064	0.9174015	0.5493578	0.775455	0.224545	0.8785741
26118	-2622.409	-2725.451	103.0414	1.541744	1.683239	0.339739	0.761226	0.238774	0.8785741
26124	-2636.47	-2740.171	103.7013	1.411924	1.210365	0.2493409	0.78278	0.21722	0.9266677
26130	-2629.304	-2732.391	103.0865	1.465168	2.069841	0.2734782	0.833407	0.166593	0.8110918
26136	-2628.048	-2730.826	102.7774	1.247323	1.81309	0.2734782	0.833407	0.166593	1.438062
26142	-2627.537	-2731.044	103.5066	1.389018	1.043811	0.4094503	0.730179	0.269821	0.9433532
26148	-2626.907	-2730.423	103.5153	1.37378	1.043811	0.3848221	0.730179	0.269821	0.9991857
26154	-2631.131	-2734.789	103.6581	1.436289	1.043811	0.2981308	0.7923	0.2077	0.9799362
26160	-2629.123	-2732.976	103.8537	1.375872	0.8422254	0.3407335	0.6607	0.3393	0.9598566
26166	-2631.051	-2735.371	104.32	1.297158	0.6971937	0.1996026	0.698502	0.301498	1.099876
26172	-2636.455	-2740.763	104.3076	1.265111	0.6971937	0.1964313	0.653573	0.346427	1.148488
26178	-2628.678	-2732.375	103.6968	1.229629	1.30747	0.2516095	0.732269	0.267731	1.028441
26184	-2625.168	-2728.49	103.3226	1.715387	1.334897	0.3220247	0.793725	0.206275	0.6388525
26190	-2625.944	-2729.019	103.0745	1.5779	1.722738	0.3216855	0.801051	0.198949	0.8097111
26196	-2636.165	-2739.262	103.0973	1.634852	1.869263	0.2610877	0.811264	0.188736	0.7698703
26202	-2625.499	-2728.626	103.1264	1.600715	1.741061	0.2965241	0.736138	0.263862	0.7698703
26208	-2626.6	-2729.759	103.1588	1.525087	1.741061	0.3128693	0.791485	0.208515	0.7777701
26214	-2628.288	-2731.653	103.3651	1.785526	1.245207	0.3128693	0.684412	0.315588	0.5901384
26220	-2628.138	-2731.706	103.5683	1.363961	1.222983	0.3128693	0.725714	0.274286	0.9433434
26226	-2619.361	-2723.239	103.8783	1.284139	0.7710665	0.3791561	0.801589	0.198411	1.031301
26232	-2616.05	-2719.6	103.5497	1.394564	0.9907124	0.3791561	0.706098	0.293902	1.007681
26238	-2620.618	-2724.721	104.1029	1.343881	0.6749848	0.3122074	0.777918	0.222082	1.012022
26244	-2626.051	-2730.204	104.1539	1.24713	0.8501123	0.2645528	0.739449	0.260551	0.9562134
26250	-2633.528	-2736.946	103.4181	1.122187	1.234031	0.3543121	0.847877	0.152123	1.216761
26256	-2632.628	-2735.953	103.3249	1.081973	1.008729	0.3778797	0.789202	0.210798	1.450933
26262	-2633.493	-2737.069	103.576	1.34042	1.02371	0.2728277	0.720576	0.279424	1.217806
26268	-2631.783	-2735.328	103.545	1.34312	1.000323	0.3716705	0.720576	0.279424	1.067156
26274	-2629.119	-2732.514	103.3947	1.347798	1.227323	0.3863292	0.720576	0.279424	0.9755252
26280	-2633.785	-2737.516	103.7304	1.465808	1.071166	0.3098132	0.804589	0.195411	0.8025272
26286	-2631.77	-2735.281	103.5115	1.45703	1.214832	0.3497705	0.800275	0.199725	0.8157719
26292	-2626.855	-2730.302	103.4464	1.352312	1.294199	0.3497705	0.838094	0.161906	0.9359074
26298	-2635.185	-2738.446	103.2609	1.352312	1.719241	0.2582356	0.76551	0.23449	1.023156
26304	-2635.08	-2738.666	103.586	1.394369	0.8908285	0.4597186	0.750144	0.249856	0.9225133
26310	-2634.766	-2737.824	103.0575	1.36098	1.781729	0.3163654	0.825675	0.174325	1.037319
26316	-2626.975	-2730.182	103.2071	1.440316	1.669215	0.3233487	0.756558	0.243442	0.8561021
26322	-2628.217	-2731.511	103.2944	1.423611	1.738345	0.2450396	0.884528	0.115472	0.9383863
26328	-2623.767	-2726.943	103.1755	1.359756	1.409769	0.354114	0.807569	0.192431	1.096067
26334	-2627.266	-2730.952	103.6866	1.461661	1.016395	0.2514009	0.755058	0.244942	1.066222
26340	-2619.289	-2723.16	103.8714	1.410873	0.8812617	0.3154366	0.755058	0.244942	0.9162538
26346	-2625.828	-2729.304	103.4767	1.529188	1.443385	0.2536035	0.748591	0.251409	0.8186421
26352	-2628.442	-2732.318	103.8759	1.44087	0.7783263	0.3634266	0.696519	0.303481	0.8946098
26358	-2621.704	-2725.488	103.7835	1.506965	0.8539765	0.3752096	0.733224	0.266776	0.7888522
26364	-2619.662	-2723.012	103.3499	1.465398	1.382132	0.3188848	0.737874	0.262126	0.9141751
26370	-2621.086	-2724.456	103.3704	1.417104	1.321756	0.3188848	0.84098	0.15902	0.9938656
26376	-2625.784	-2729.214	103.4293	1.409483	1.321756	0.3500916	0.846147	0.153853	0.8648251
26382	-2624.075	-2727.242	103.1665	1.651723	1.321756	0.4280431	0.846147	0.153853	0.6730499
26388	-2622.684	-2725.634	102.95	1.647352	1.711577	0.4148941	0.763661	0.236339	0.5717761
26394	-2626.061	-2729.027	102.9661	1.52649	1.711577	0.4148941	0.819973	0.180027	0.7784894
26400	-2631.225	-2734.11	102.8858	1.364052	1.711577	0.4148941	0.844143	0.155857	1.048947
26406	-2632.815	-2735.624	102.8091	1.440698	1.711577	0.4148941	0.847674	0.152326	1.048947
26412	-2629.341	-2732.114	102.7732	1.42455	1.711577	0.5025567	0.763715	0.236285	0.9466159
26418	-2636.037	-2739.145	103.1082	1.636342	1.274788	0.4970691	0.663835	0.336165	0.6563195
26424	-2629.585	-2733.353	103.7685	1.487744	0.9034309	0.3549445	0.668028	0.331972	0.8170488
26430	-2625.279	-2729.466	104.1871	1.434462	0.9034309	0.2063128	0.68352	0.31648	0.8170488
26436	-2635.14	-2739.295	104.1552	1.468221	0.9034309	0.2063128	0.675774	0.324226	0.8146555
26442	-2635.44	-2739.302	103.8622	1.290129	0.8233669	0.2895711	0.700466	0.299534	1.163134
26448	-2629.929	-2733.872	103.9436	1.37747	0.8233669	0.2695868	0.702042	0.297958	1.053666
26454	-2628.429	-2732.435	104.0057	1.45962	0.8233669	0.2745341	0.700757	0.299243	0.8922655
26460	-2630.608	-2733.802	103.1936	1.813961	1.414275	0.3204187	0.767712	0.232288	0.4547991
26466	-2635.611	-2738.783	103.1722	1.835079	1.414275	0.3204187	0.728051	0.271949	0.4537426
26472	-2627.301	-2731.262	103.9616	1.426873	0.8448102	0.310423	0.748871	0.251129	0.8539405
26478	-2631.335	-2735.36	104.0246	1.481915	0.7701422	0.2988247	0.726591	0.273409	0.8495498
26484	-2636.81	-2740.352	103.542	1.508601	1.433582	0.1836613	0.744508	0.255492	0.9991796
26490	-2621.016	-2724.406	103.39	1.466168	1.433582	0.2854845	0.744508	0.255492	0.9107583
26496	-2622.224	-2725.623	103.3993	1.653228	1.121247	0.3983058	0.794856	0.205144	0.6619436
26502	-2627.972	-2731.004	103.0324	1.574526	1.318002	0.5232526	0.761391	0.238609	0.758115
26508	-2636.863	-2739.583	102.7191	1.494386	2.27783	0.358873	0.842195	0.157805	0.8499639
26514	-2638.57	-2741.383	102.8127	1.467422	2.541597	0.2990846	0.819182	0.180818	0.7588834
26520	-2633.784	-2736.825	103.0418	1.38237	1.783667	0.3009316	0.866932	0.133068	1.064382
26526	-2633.654	-2736.814	103.1603	1.309143	1.323065	0.3417245	0.81025	0.18975	1.236678
26532	-2625.19	-2729.075	103.8846	1.448447	0.9404001	0.3099554	0.72037	0.27963	0.7933963
26538	-2626.942	-2730.604	103.6626	1.573695	1.232043	0.2752437	0.789384	0.210616	0.6302182
26544	-2627.932	-2731.192	103.2602	1.711979	1.588174	0.2752437	0.789384	0.210616	0.6004539
26550	-2627.066	-2730.478	103.4123	1.625726	1.200037	0.3337464	0.771318	0.228682	0.7858996
26556	-2621.069	-2724.547	103.478	1.473332	1.247061	0.3337464	0.78949	0.21051	0.8458038
26562	-2626.958	-2730.174	103.2153	1.502028	1.749311	0.2743373	0.791934	0.208066	0.8458038
26568	-2628.962	-2732.605	103.6438	1.420883	1.344786	0.2405705	0.774189	0.225811	0.8819703
26574	-2626.197	-2729.787	103.5896	1.357243	1.147968	0.2684151	0.732758	0.267242	1.097749
26580	-2627.363	-2730.791	103.4285	1.421474	1.147968	0.287936	0.742148	0.257852	1.142109
26586	-2624.927	-2728.476	103.5493	1.241803	1.147968	0.2950682	0.749332	0.250668	1.178942
26592	-2643.023	-2746.41	103.3872	1.367692	1.11792	0.4542105	0.819714	0.180286	0.9314442
26598	-2634.846	-2738.187	103.3408	1.494309	1.067793	0.431121	0.774575	0.225425	0.9402458
26604	-2630.36	-2733.692	103.3325	1.17387	1.119173	0.2239735	0.747232	0.252768	1.568069
26610	-2632.2	-2735.631	103.4305	1.805202	1.076872	0.3148525	0.710346	0.289654	0.7203573
26616	-2627.644	-2731.367	103.7225	1.575736	1.076872	0.2884295	0.750711	0.249289	0.7184472
26622	-2626.382	-2729.041	102.6588	1.678425	2.003844	0.4380069	0.759191	0.240809	0.6652656
26628	-2621.757	-2724.58	102.8231	1.558507	1.785868	0.4595641	0.799676	0.200324	0.7516677
26634	-2619.908	-2723.142	103.2346	1.622454	1.598634	0.2875968	0.827253	0.172747	0.7516677
26640	-2622.297	-2725.882	103.5855	1.555156	1.239289	0.2875968	0.780456	0.219544	0.7406773
26646	-2623.955	-2727.14	103.1848	1.533634	1.298618	0.4612696	0.806892	0.193108	0.7695836
26652	-2630.252	-2733.426	103.1742	1.579792	1.298618	0.4612696	0.829633	0.170367	0.7150974
26658	-2626.842	-2729.952	103.1091	1.423493	1.298618	0.3747798	0.758558	0.241442	1.140055
26664	-2626.982	-2730.137	103.1553	1.349618	1.409787	0.3747798	0.819958	0.180042	1.084967
26670	-2629.242	-2732.69	103.4473	1.423732	1.218452	0.3747798	0.792331	0.207669	0.868526
26676	-2636.618	-2739.369	102.7506	1.399444	1.910315	0.292465	0.670426	0.329574	1.253639
26682	-2626.758	-2729.452	102.6938	1.330724	1.910315	0.4043121	0.783665	0.216335	1.158047
26688	-2625.517	-2728.463	102.9461	1.265022	1.910315	0.3144123	0.790367	0.209633	1.158047
26694	-2638.745	-2741.847	103.1018	1.35656	1.436542	0.3144123	0.820696	0.179304	1.221658
26700	-2627.473	-2730.501	103.0277	1.151229	0.9945211	0.3815838	0.784324	0.215676	1.624946
